Index,s_1,s_2,s_3,s_4,s_5,s_6,s_7,s_8,s_9,s_10,s_11,s_12,s_13,s_14,s_15,s_16,s_17,s_18,s_19,s_20,s_21,s_22,s_23,s_24,s_25,s_26,s_27,s_28,s_29,s_30,s_31,s_32,s_33,s_34,s_35,s_36,s_37,s_38,s_39,s_40,s_41,s_42,s_43,s_44,s_45,s_46,s_47,s_48,s_49,s_50,s_51,s_52,s_53,s_54,s_55,s_56,s_57,s_58,s_59,s_60,s_61,s_62,s_63,s_64,s_65,s_66,s_67,s_68,s_69,s_70,s_71,s_72,s_73,s_74,s_75,s_76,s_77,s_78,s_79,s_80,s_81,s_82,s_83,s_84,s_85,s_86,s_87,s_88,s_89,s_90,s_91,s_92,s_93,s_94,s_95,s_96,s_97,s_98,s_99,s_100,s_101,s_102,s_103,s_104,s_105,s_106,s_107,s_108,s_109,s_110,s_111,s_112,s_113,s_114,s_115,s_116,s_117,s_118,s_119,s_120,s_121,s_122,s_123,s_124,s_125,s_126,s_127,s_128,s_129,s_130,s_131,s_132,s_133,s_134,s_135,s_136,s_137,s_138,s_139,s_140,s_141,s_142,s_143,s_144,s_145,s_146,s_147,s_148,s_149,s_150,s_151,s_152,s_153,s_154,s_155,s_156,s_157,s_158,s_159,s_160,s_161,s_162,s_163,s_164,s_165,s_166,s_167,s_168,s_169,s_170,s_171,s_172,s_173,s_174,s_175,s_176,s_177,s_178,s_179,s_180,s_181,s_182,s_183,s_184,s_185,s_186,s_187,s_188,s_189,s_190,s_191,s_192,s_193,s_194,s_195,s_196,s_197,s_198,s_199,s_200,s_201,s_202,s_203,s_204,s_205,s_206,s_207,s_208,s_209,s_210,s_211,s_212,s_213,s_214,s_215,s_216,s_217,s_218,s_219,s_220,s_221,s_222,s_223,s_224,s_225,s_226,s_227,s_228,s_229,s_230,s_231,s_232,s_233,s_234,s_235,s_236,s_237,s_238,s_239,s_240,s_241,s_242,s_243,s_244,s_245,s_246,s_247,s_248,s_249,s_250,s_251,s_252,s_253,s_254,s_255,s_256,s_257,s_258,s_259,s_260,s_261,s_262,s_263,s_264,s_265,s_266,s_267,s_268,s_269,s_270,s_271,s_272,s_273,s_274,s_275,s_276,s_277,s_278,s_279,s_280,s_281,s_282,s_283,s_284,s_285,s_286,s_287,s_288,s_289,s_290,s_291,s_292,s_293,s_294,s_295,s_296,s_297,s_298,s_299,s_300,s_301,s_302,s_303,s_304,s_305,s_306,s_307,s_308,s_309,s_310,s_311,s_312,s_313,s_314,s_315,s_316,s_317,s_318,s_319,s_320,s_321,s_322,s_323,s_324,s_325,s_326,s_327,s_328,s_329,s_330,s_331,s_332,s_333,s_334,s_335,s_336,s_337,s_338,s_339,s_340,s_341,s_342,s_343,s_344,s_345,s_346,s_347,s_348,s_349,s_350,s_351,s_352,s_353,s_354,s_355,s_356,s_357,s_358,s_359,s_360,s_361,s_362,s_363,s_364,s_365,s_366,s_367,s_368,s_369,s_370,s_371,s_372,s_373,s_374,s_375,s_376,s_377,s_378,s_379,s_380,s_381,s_382,s_383,s_384,s_385,s_386,s_387,s_388,s_389,s_390,s_391,s_392,s_393,s_394,s_395,s_396,s_397,s_398,s_399,s_400,s_401,s_402,s_403,s_404,s_405,s_406,s_407,s_408,s_409,s_410,s_411,s_412,s_413,s_414,s_415,s_416,s_417,s_418,s_419,s_420,s_421,s_422,s_423,s_424,s_425,s_426,s_427,s_428,s_429,s_430,s_431,s_432,s_433,s_434,s_435,s_436,s_437,s_438,s_439,s_440,s_441,s_442,s_443,s_444,s_445,s_446,s_447,s_448,s_449,s_450,s_451,s_452,s_453,s_454,s_455,s_456,s_457,s_458,s_459,s_460,s_461,s_462,s_463,s_464,s_465,s_466,s_467,s_468,s_469,s_470,s_471,s_472,s_473,s_474,s_475,s_476,s_477,s_478,s_479,s_480,s_481,s_482,s_483,s_484,s_485,s_486,s_487,s_488,s_489,s_490,s_491,s_492,s_493,s_494,s_495,s_496,s_497,s_498,s_499,s_500,s_501,s_502,s_503,s_504,s_505,s_506,s_507,s_508,s_509,s_510,s_511,s_512,s_513,s_514,s_515,s_516,s_517,s_518,s_519,s_520,s_521,s_522,s_523,s_524,s_525,s_526,s_527,s_528,s_529,s_530,s_531,s_532,s_533,s_534,s_535,s_536,s_537,s_538,s_539,s_540,s_541,s_542,s_543,s_544,s_545,s_546,s_547,s_548,s_549,s_550,s_551,s_552,s_553,s_554,s_555,s_556,s_557,s_558,s_559,s_560,s_561,s_562,s_563,s_564,s_565,s_566,s_567,s_568,s_569,s_570,s_571,s_572,s_573,s_574,s_575,s_576,s_577,s_578,s_579,s_580,s_581,s_582,s_583,s_584,s_585,s_586,s_587,s_588,s_589,s_590,s_591,s_592,s_593,s_594,s_595,s_596,s_597,s_598,s_599,s_600,s_601,s_602,s_603,s_604,s_605,s_606,s_607,s_608,s_609,s_610,s_611,s_612,s_613,s_614,s_615,s_616,s_617,s_618,s_619,s_620,s_621,s_622,s_623,s_624,s_625,s_626,s_627,s_628,s_629,s_630,s_631,s_632,s_633,s_634,s_635,s_636,s_637,s_638,s_639,s_640,s_641,s_642,s_643,s_644,s_645,s_646,s_647,s_648,s_649,s_650,s_651,s_652,s_653,s_654,s_655,s_656,s_657,s_658,s_659,s_660,s_661,s_662,s_663,s_664,s_665,s_666,s_667,s_668,s_669,s_670,s_671,s_672,s_673,s_674,s_675,s_676,s_677,s_678,s_679,s_680,s_681,s_682,s_683,s_684,s_685,s_686,s_687,s_688,s_689,s_690,s_691,s_692,s_693,s_694,s_695,s_696,s_697,s_698,s_699,s_700,s_701,s_702,s_703,s_704,s_705,s_706,s_707,s_708,s_709,s_710,s_711,s_712,s_713,s_714,s_715,s_716,s_717,s_718,s_719,s_720,s_721,s_722,s_723,s_724,s_725,s_726,s_727,s_728,s_729,s_730,s_731,s_732,s_733,s_734,s_735,s_736,s_737,s_738,s_739,s_740,s_741,s_742,s_743,s_744,s_745,s_746
1,0.0,0.005948046,0.0,0.0,0.0,0.0,0.0,0.0,0.0,0.0,0.0,0.0,0.0,0.0,0.0,0.0,0.0,0.0,0.0,0.0,0.0,0.0,0.0,0.0,0.0,0.0,0.0,0.0,0.0,0.0,0.0,0.0,0.0,0.0,0.0,0.0,0.0,0.0,0.0,0.0,0.0,0.0,0.0,0.0,0.0,0.0,0.0,0.0,0.0,0.0,0.0,0.0,0.0,0.0,0.0,0.0,0.0,0.0,0.0,0.0,0.0,0.0,0.0,0.0,0.0,0.0,0.0,0.0,0.0,0.0,0.0,0.0,0.0,0.0,0.0,0.0,0.0,0.0,0.0,0.0,0.0,0.0,0.0,0.0,0.0,0.0,0.0,0.0,0.0,0.0,0.0,0.0,0.0,0.0,0.0,0.0,0.0,0.0,0.0,0.0,0.0,0.0,0.0,0.0,0.0,0.0,0.0,0.0,0.0,0.0,0.0,0.0,0.0,0.0,0.0,0.0,0.0,0.0,0.0,0.0,0.0,0.0,0.0,0.0,0.0,0.0,0.0,0.0,0.0,0.0,0.0,0.0,0.0,0.0,0.0,0.0,0.0,0.0,0.0,0.0,0.0,0.0,0.0,0.0,0.0,0.0,0.0,0.0,0.0,0.0,0.0,0.0,0.0,0.0,0.0,0.0,0.0,0.0,0.0,0.0,0.0,0.025248847,0.0,0.0,0.0,0.0,0.0,0.0,0.0,0.0,0.0,0.0,0.0,0.0,0.0,0.0,0.0,0.0,0.0,0.0,0.0,0.0,0.0,0.0,0.0,0.0,0.0,0.0,0.0,0.0,0.0,0.0,0.0,0.0,0.0,0.0,0.0,0.0,0.0,0.0,0.0,0.0,0.0,0.0,0.0,0.0,0.0,0.0,0.0,0.0,0.0,0.0,0.0,0.0,0.0,0.0,0.0,0.15707696,0.0,0.0,0.0,0.0,0.0,0.0,0.0,0.0,0.0,0.0,0.0,0.0,0.0,0.0,0.0,0.0,0.0,0.0,0.0,0.0,0.0,0.0,0.0,0.0,0.001699442,0.0,0.0,0.0,0.0,0.0,0.0,0.0,0.0,0.0,0.0,0.0,0.0,0.0,0.0,0.0,0.0,0.0,0.0,0.0,0.0,0.0,0.0,0.0,0.0,0.0,0.0,0.0,0.0,0.0,0.0,0.0,0.0,0.0,0.0,0.0,0.0,0.0,0.0,0.0,0.0,0.0,0.0,0.0,0.0,0.0,0.0,0.0,0.0,0.0,0.0,0.0,0.0,0.0,0.0,0.0,0.002063608,0.0,0.043821316,0.0,0.000971109,0.0,0.0,0.0,0.0,0.053289633,0.0,0.0,0.0,0.0,0.0,0.087157077,0.0,0.0,0.125273125,0.0,0.0,0.0,0.0,0.0,0.0,0.0,0.0,0.0,0.0,0.0,0.0,0.002913328,0.005462491,0.005948046,0.0,0.0,0.0,0.0,0.0,0.0,0.0,0.0,0.0,0.0,0.0,0.0,0.0,0.0,0.0,0.0,0.0,0.0,0.0,0.0,0.0,0.0,0.0,0.000606943,0.0,0.0,0.010682204,0.0,0.0,0.0,0.0,0.0,0.0,0.0,0.0,0.0,0.0,0.0,0.0,0.0,0.0,0.0,0.0,0.0,0.0,0.0,0.0,0.266569556,0.0,0.0,0.0,0.0,0.0,0.0,0.0,0.0,0.0,0.0,0.0,0.0,0.0,0.0,0.0,0.0,0.0,0.0,0.0,0.0,0.0,0.0,0.0,0.0,0.0,0.0,0.0,0.0,0.0,0.0,0.0,0.0,0.0,0.0,0.0,0.0,0.0,0.0,0.0,0.0,0.0,0.0,0.0,0.0,0.0,0.0,0.0,0.0,0.0,0.0,0.0,0.0,0.0,0.0,0.0,0.0,0.0,0.0,0.0,0.0,0.0,0.0,0.0,0.0,0.0,0.0,0.000364166,0.0,0.0,0.004976936,0.0,0.0,0.0,0.0,0.0,0.0,0.0,0.0,0.0,0.0,0.0,0.0,0.0,0.0,0.0,0.0,0.0,0.0,0.0,0.0,0.0,0.0,0.0,0.0,0.0,0.0,0.0,0.0,0.0,0.0,0.0,0.0,0.0,0.0,0.0,0.0,0.0,0.0,0.0,0.0,0.0,0.0,0.0,0.0,0.0,0.0,0.0,0.0,0.0,0.0,0.0,0.0,0.0,0.0,0.0,0.0,0.0,0.0,0.0,0.0,0.0,0.0,0.0,0.0,0.0,0.0,0.0,0.0,0.0,0.0,0.0,0.0,0.0,0.0,0.0,0.0,0.0,0.0,0.0,0.0,0.0,0.0,0.0,0.0,0.0,0.0,0.0,0.0,0.0,0.0,0.0,0.0,0.0,0.0,0.0,0.0,0.0,0.0,0.0,0.0,0.0,0.0,0.0,0.0,0.0,0.0,0.0,0.0,0.0,0.0,0.0,0.0,0.0,0.0,0.0,0.0,0.0,0.0,0.0,0.0,0.0,0.0,0.0,0.0,0.0,0.0,0.0,0.0,0.0,0.0,0.0,0.0,0.0,0.0,0.0,0.0,0.0,0.0,0.0,0.0,0.0,0.0,0.0,0.0,0.0,0.0,0.0,0.0,0.0,0.0,0.0,0.0,0.0,0.0,0.0,0.0,0.0,0.0,0.0,0.0,0.0,0.0,0.0,0.0,0.0,0.0,0.0,0.0,0.0,0.0,0.0,0.0,0.0,0.0,0.0,0.0,0.0,0.0,0.0,0.0,0.0,0.0,0.0,0.0,0.0,0.0,0.0,0.0,0.0,0.0,0.0,0.0,0.0,0.0,0.0,0.0,0.0,0.0,0.0,0.0,0.0,0.0,0.0,0.0,0.0,0.0,0.0,0.0,0.0,0.0,0.0,0.0,0.0,0.0,0.0,0.0,0.0,0.0,0.0,0.0,0.0,0.0,0.0,0.0,0.0,0.0,0.0,0.0,0.0,0.0,0.0,0.0,0.0,0.0,0.0,0.0,0.0,0.0,0.0,0.0,0.0,0.0,0.0,0.0,0.0,0.0,0.0,0.0,0.0,0.0,0.0,0.0,0.0,0.0,0.0,0.0,0.0,0.0,0.000364166,0.0,0.0,0.0,0.0,0.0,0.0,0.0,0.0,0.0,0.0,0.0,0.0,0.0,0.0,0.0,0.0,0.0,0.0,0.0,0.0,0.0,0.0,0.0,0.0,0.0,0.199320223,0.0,0.0,0.0,0.0,0.0,0.0,0.0,0.000242777,0.0,0.0,0.0
2,0.0,0.0,0.0,0.0,0.0,0.0,0.000971109,0.0,0.000606943,0.0,0.0,0.000485555,0.0,0.0,0.0,0.0,0.063364894,0.0,0.0,0.0,0.0,0.0,0.005219714,0.000849721,0.001456664,0.0,0.002184996,0.0,0.0,0.0,0.0,0.003034717,0.0,0.0,0.0,0.017237193,0.001699442,0.0,0.0,0.0,0.0,0.0,0.0,0.0,0.0,0.0,0.0,0.0,0.0,0.0,0.0,0.0,0.0,0.0,0.0,0.0,0.0,0.0,0.0,0.024399126,0.000121389,0.0,0.0,0.0,0.0,0.000121389,0.0,0.000849721,0.0,0.0,0.0,0.020029133,0.0,0.0,0.0,0.001699442,0.0,0.0,0.000364166,0.0,0.003763049,0.0,0.0,0.0,0.0,0.0,0.0,0.0,0.0,0.0,0.0,0.0,0.0,0.0,0.0,0.0,0.0,0.008982763,0.0,0.0,0.0,0.0,0.0,0.0,0.0,0.0,0.0,0.0,0.0,0.0,0.0,0.0,0.0,0.0,0.000606943,0.0,0.0,0.0,0.0,0.0,0.0,0.0,0.024156349,0.0,0.0,0.0,0.0,0.0,0.0,0.01104637,0.0,0.0,0.0,0.0,0.0,0.0,0.0,0.0,0.002549162,0.0,0.0,0.0,0.001213887,0.0,0.089099296,0.0,0.0,0.0,0.01760136,0.008739985,0.111920369,0.0,0.003884438,0.0,0.0,0.0,0.000242777,0.0,0.0,0.0,0.0,0.003034717,0.000364166,0.0,0.000242777,0.0,0.000485555,0.0,0.0,0.0,0.0,0.0,0.0,0.0,0.0,0.0,0.0,0.002063608,0.0,0.000606943,0.0,0.0,0.0,0.0,0.0,0.0,0.0,0.0,0.0,0.0,0.0,0.0,0.0,0.0,0.0,0.0,0.0,0.0,0.0,0.0,0.0,0.0,0.009832484,0.0,0.0,0.0,0.0,0.000121389,0.0,0.000121389,0.0,0.000121389,0.0,0.0,0.000242777,0.0,0.0,0.001942219,0.0,0.00461277,0.0,0.0,0.0,0.0,0.0,0.0,0.0,0.0,0.0,0.0,0.0,0.0,0.0,0.0,0.0,0.0,0.0,0.0,0.000242777,0.0,0.0,0.0,0.000242777,0.0,0.0,0.0,0.0,0.0,0.0,0.0,0.0,0.0,0.0,0.0,0.0,0.0,0.003156106,0.0,0.005098325,0.000971109,0.000849721,0.00182083,0.0,0.0,0.0,0.0,0.0,0.0,0.0,0.000242777,0.0,0.0,0.0,0.0,0.0,0.0,0.0,0.0,0.0,0.0,0.0,0.0,0.0,0.0,0.0,0.0,0.004734159,0.000242777,0.0,0.0,0.0,0.0,0.0,0.0,0.0,0.0,0.0,0.0,0.005948046,0.0,0.005098325,0.0,0.0,0.0,0.0,0.0,0.000121389,0.0,0.0,0.0,0.0,0.000728332,0.0,0.008011653,0.0,0.0,0.133891721,0.0,0.0,0.0,0.0,0.0,0.0,0.0,0.0,0.0,0.0,0.0,0.0,0.000121389,0.0,0.0,0.0,0.0,0.0,0.0,0.0,0.0,0.0,0.0,0.0,0.0,0.0,0.0,0.0,0.0,0.0,0.0,0.0,0.0,0.0,0.0,0.0,0.0,0.0,0.006069434,0.0,0.0,0.005826657,0.0,0.000121389,0.0,0.0,0.0,0.0,0.0,0.0,0.0,0.0,0.0,0.0,0.0,0.0,0.0,0.0,0.0,0.0,0.0,0.0,0.0,0.0,0.004005827,0.0,0.0,0.0,0.000242777,0.0,0.002549162,0.0,0.007647487,0.0,0.0,0.0,0.000485555,0.0,0.0,0.0,0.0,0.0,0.0,0.0,0.0,0.024156349,0.0,0.0,0.0,0.0,0.0,0.0,0.000971109,0.0,0.0,0.0,0.003156106,0.0,0.0,0.0,0.000121389,0.0,0.0,0.0,0.009832484,0.000242777,0.0,0.0,0.0,0.0,0.0,0.0,0.0,0.0,0.0,0.0,0.0,0.0,0.0,0.0,0.0,0.0,0.0,0.0,0.0,0.0,0.0,0.0,0.000121389,0.0,0.0,0.000121389,0.0,0.0,0.0,0.0,0.0,0.0,0.0,0.0,0.0,0.000121389,0.0,0.0,0.0,0.0,0.0,0.0,0.0,0.0,0.0,0.0,0.0,0.0,0.0,0.0,0.0,0.0,0.0,0.0,0.0,0.0,0.001699442,0.0,0.0,0.0,0.000364166,0.0,0.0,0.0,0.0,0.0,0.0,0.0,0.000971109,0.0,0.0,0.0,0.0,0.0,0.000242777,0.0,0.0,0.0,0.0,0.0,0.0,0.0,0.0,0.0,0.0,0.000242777,0.010439427,0.0,0.0,0.0,0.006069434,0.000485555,0.000728332,0.0,0.000606943,0.001456664,0.002913328,0.0,0.0,0.0,0.0,0.000728332,0.0,0.0,0.0,0.0,0.0,0.0,0.000485555,0.0,0.000485555,0.0,0.000606943,0.001335276,0.0,0.001456664,0.000364166,0.0,0.0,0.0,0.0,0.0,0.0,0.0,0.0,0.0,0.0,0.0,0.0,0.0,0.0,0.0,0.0,0.0,0.0,0.018572469,0.0,0.0,0.0,0.0,0.0,0.0,0.0,0.011774703,0.0,0.0,0.0,0.0,0.0,0.0,0.0,0.0,0.0,0.0,0.0,0.0,0.0,0.0,0.0,0.0,0.042121874,0.0,0.0,0.0,0.0,0.0,0.0,0.0,0.0,0.0,0.0,0.0,0.0,0.0,0.0,0.0,0.0,0.0,0.0,0.0,0.0,0.0,0.10718621,0.0,0.0,0.0,0.0,0.0,0.0,0.0,0.0,0.0,0.0,0.0,0.0,0.0,0.0,0.0,0.0,0.0,0.0,0.0,0.0,0.0,0.0,0.0,0.0,0.0,0.0,0.0,0.0,0.0,0.0,0.0,0.0,0.0,0.0,0.001213887,0.006312212,0.0,0.031075504,0.000364166,0.000606943,0.0,0.0,0.0,0.0,0.003277495,0.0,0.0,0.0,0.000485555,0.0,0.0,0.0,0.0,0.0,0.0,0.000606943,0.000242777,0.0,0.0,0.0,0.0,0.0,0.0,0.0,0.0,0.0,0.0,0.012138869,0.000242777,0.0,0.0,0.0,0.0,0.0,0.0,0.0,0.0,0.0,0.0,0.0,0.0,0.0,0.0,0.0,0.0,0.000121389,0.0,0.0,0.0,0.0,0.0,0.0,0.0,0.0,0.0,0.001942219,0.0,0.0,0.0,0.015294975,0.0,0.0,0.003034717,0.0,0.0,0.0,0.0,0.0,0.0,0.0,0.0,0.0,0.0,0.0,0.00740471,0.0,0.0,0.0,0.0,0.0,0.0,0.0,0.0,0.0,0.0,0.0,0.0,0.0,0.012745812,0.0,0.001213887,0.0,0.0,0.0,0.0,0.0,0.000728332,0.0,0.0,0.0
3,0.000242777,0.0,0.0,0.0,0.0,0.0,0.00182083,0.0,0.0,0.0,0.0,0.0,0.001942219,0.00279194,0.0,0.003520272,0.0,0.0,0.0,0.000121389,0.0,0.0,0.000242777,0.0,0.0,0.0,0.0,0.0,0.0,0.0,0.0,0.0,0.0,0.0,0.0,0.0,0.003884438,0.0,0.0,0.0,0.0,0.0,0.0,0.0,0.0,0.0,0.0,0.0,0.0,0.0,0.0,0.0,0.0,0.0,0.0,0.0,0.0,0.0,0.0,0.0,0.0,0.0,0.0,0.0,0.02306385,0.0,0.0,0.0,0.0,0.0,0.0,0.004127215,0.0,0.0,0.0,0.0,0.0,0.0,0.0,0.0,0.0,0.0,0.0,0.0,0.0,0.0,0.0,0.0,0.0,0.0,0.0,0.0,0.0,0.000121389,0.0,0.000606943,0.0,0.000849721,0.0,0.0,0.0,0.0,0.0,0.0,0.0,0.0,0.001578053,0.000242777,0.000242777,0.0,0.0,0.0,0.000971109,0.0,0.0,0.000121389,0.000606943,0.000242777,0.0,0.0,0.0,0.0,0.001699442,0.0,0.0,0.0,0.0,0.0,0.0,0.0,0.0,0.0,0.0,0.0,0.0,0.0,0.0,0.0,0.0,0.0,0.0,0.0,0.0,0.000364166,0.0,0.0,0.0,0.003641661,0.0,0.000849721,0.002549162,0.0,0.000971109,0.0,0.0,0.000121389,0.0,0.0,0.0,0.0,0.0,0.0,0.000364166,0.0,0.006554989,0.0,0.004248604,0.000364166,0.0,0.0,0.0,0.0,0.0,0.0,0.0,0.0,0.0,0.0,0.0,0.0,0.0,0.0,0.000485555,0.0,0.0,0.000121389,0.0,0.0,0.0,0.0,0.0,0.0,0.000364166,0.0,0.0,0.0,0.0,0.0,0.0,0.0,0.0,0.0,0.007161933,0.000364166,0.000242777,0.006190823,0.001335276,0.0,0.0,0.0,0.002913328,0.000242777,0.0,0.0,0.0,0.0,0.0,0.0,0.0,0.115440641,0.075139597,0.0,0.0,0.0,0.0,0.0,0.0,0.0,0.000364166,0.0,0.0,0.0,0.0,0.0,0.0,0.0,0.0,0.0,0.004855547,0.0,0.0,0.000242777,0.000849721,0.0,0.0,0.0,0.0,0.0,0.0,0.0,0.0,0.0,0.0,0.0,0.0,0.0,0.0,0.0,0.000606943,0.000606943,0.000364166,0.0,0.0,0.0,0.0,0.0,0.0,0.0,0.0,0.000121389,0.0,0.0,0.0,0.0,0.0,0.0,0.0,0.0,0.0,0.0,0.0,0.0,0.0,0.0,0.0,0.0,0.0,0.0,0.0,0.001578053,0.0,0.0,0.0,0.0,0.0,0.000242777,0.0,0.0,0.0,0.0,0.0,0.0,0.0,0.0,0.0,0.0,0.0,0.0,0.0,0.0,0.0,0.0,0.0,0.587157077,0.0,0.0,0.000728332,0.0,0.0,0.0,0.000121389,0.0,0.0,0.0,0.0,0.0,0.0,0.0,0.0,0.0,0.0,0.0,0.0,0.0,0.0,0.0,0.0,0.0,0.0,0.000242777,0.0,0.0,0.0,0.0,0.0,0.0,0.0,0.0,0.0,0.0,0.0,0.0,0.0,0.0,0.0,0.0,0.0,0.0,0.0,0.0,0.0,0.001213887,0.0,0.0,0.0,0.000121389,0.0,0.0,0.0,0.000242777,0.000364166,0.0,0.0,0.0,0.0,0.0,0.000364166,0.0,0.0,0.0,0.0,0.000971109,0.000364166,0.000121389,0.0,0.0,0.0,0.0,0.0,0.0,0.0,0.0,0.0,0.0,0.0,0.0,0.0,0.0,0.0,0.0,0.0,0.0,0.000606943,0.0,0.0,0.0,0.0,0.0,0.0,0.0,0.0,0.000121389,0.0,0.0,0.0,0.0,0.0,0.0,0.000485555,0.0,0.0,0.002549162,0.000364166,0.0,0.0,0.0,0.0,0.000364166,0.0,0.0,0.0,0.0,0.0,0.0,0.0,0.0,0.0,0.0,0.0,0.0,0.0,0.0,0.0,0.0,0.0,0.0,0.0,0.0,0.0,0.0,0.0,0.0,0.0,0.0,0.0,0.0,0.0,0.0,0.0,0.0,0.0,0.0,0.0,0.0,0.0,0.0,0.0,0.0,0.0,0.0,0.0,0.0,0.0,0.0,0.0,0.0,0.001213887,0.000121389,0.0,0.0,0.0,0.0,0.0,0.000364166,0.0,0.0,0.0,0.0,0.000242777,0.0,0.0,0.000121389,0.0,0.0,0.0,0.0,0.0,0.0,0.0,0.0,0.0,0.0,0.0,0.000364166,0.0,0.001699442,0.001335276,0.000364166,0.002063608,0.024156349,0.0,0.0,0.0,0.004127215,0.0,0.0,0.0,0.0,0.000364166,0.003763049,0.0,0.0,0.0,0.0,0.000728332,0.015294975,0.0,0.0,0.0,0.005462491,0.000242777,0.0,0.0,0.0,0.0,0.010803593,0.001213887,0.0,0.005219714,0.000606943,0.000728332,0.000606943,0.000606943,0.0,0.0,0.0,0.0,0.0,0.000121389,0.0,0.0,0.0,0.0,0.0,0.0,0.0,0.0,0.0,0.0,0.0,0.0,0.0,0.0,0.0,0.0,0.0,0.0,0.0,0.0,0.0,0.0,0.0,0.0,0.0,0.0,0.000242777,0.000242777,0.002427774,0.0,0.0,0.0,0.0,0.0,0.001942219,0.0,0.0,0.00922554,0.0,0.0,0.0,0.0,0.0,0.0,0.0,0.0,0.0,0.0,0.0,0.0,0.0,0.0,0.0,0.0,0.0,0.0,0.000121389,0.0,0.0,0.0,0.0,0.0,0.0,0.0,0.0,0.0,0.0,0.0,0.0,0.0,0.0,0.0,0.0,0.0,0.0,0.0,0.0,0.0,0.0,0.0,0.0,0.0,0.0,0.0,0.0,0.0,0.0,0.0,0.001578053,0.0,0.0,0.0,0.0,0.000728332,0.0,0.0,0.000121389,0.0,0.0,0.0,0.0,0.001456664,0.0,0.000242777,0.0,0.000849721,0.000728332,0.0,0.000485555,0.0,0.007768876,0.000242777,0.000364166,0.000242777,0.0,0.0,0.002306385,0.0,0.000971109,0.0,0.0,0.0,0.0,0.0,0.000121389,0.0,0.0,0.0,0.0,0.0,0.0,0.0,0.0,0.0,0.0,0.0,0.0,0.0,0.0,0.0,0.0,0.0,0.0,0.0,0.0,0.0,0.0,0.0,0.0,0.0,0.0,0.0,0.0,0.0,0.0,0.0,0.0,0.0,0.0,0.000242777,0.0,0.0,0.0,0.0,0.0,0.0,0.0,0.0,0.0,0.0,0.0,0.0,0.0,0.0,0.0,0.0,0.0,0.0,0.0,0.0,0.0,0.0,0.0,0.0,0.0,0.0,0.0,0.0,0.0,0.0,0.0,0.0,0.0,0.0,0.0,0.0,0.0
4,0.0,0.0,0.0,0.0,0.0,0.0,0.0,0.0,0.0,0.0,0.013352756,0.0,0.0,0.0,0.0,0.0,0.000971109,0.0,0.0,0.001092498,0.0,0.0,0.0,0.0,0.0,0.0,0.000849721,0.0,0.0,0.0,0.0,0.0,0.0,0.001578053,0.0,0.000121389,0.000242777,0.0,0.000364166,0.0,0.0,0.0,0.0,0.0,0.0,0.0,0.0,0.0,0.0,0.0,0.0,0.0,0.0,0.0,0.0,0.0,0.0,0.0,0.0,0.017844137,0.001578053,0.0,0.0,0.0,0.0,0.0,0.0,0.033139111,0.000121389,0.0,0.0,0.033503277,0.0,0.0,0.0,0.0,0.0,0.0,0.0,0.0,0.006190823,0.0,0.0,0.0,0.0,0.0,0.0,0.0,0.0,0.0,0.0,0.0,0.0,0.0,0.0,0.0,0.0,0.002306385,0.0,0.0,0.0,0.0,0.0,0.0,0.0,0.0,0.000121389,0.0,0.0,0.0,0.0,0.0,0.0,0.0,0.0,0.0,0.0,0.0,0.0,0.0,0.0,0.0,0.069919883,0.0,0.032774945,0.0,0.0,0.0,0.0,0.031803836,0.0,0.286113134,0.024884681,0.0,0.0,0.0,0.0,0.0,0.0,0.0,0.0,0.0,0.003763049,0.001578053,0.055596018,0.0,0.0,0.0,0.003277495,0.007161933,0.005341102,0.000485555,0.0,0.0,0.0,0.0,0.000242777,0.0,0.0,0.0,0.0,0.0,0.0,0.0,0.006554989,0.0,0.000485555,0.0,0.0,0.0,0.0,0.0,0.0,0.0,0.000121389,0.000728332,0.0,0.000606943,0.0,0.0,0.0,0.0,0.0,0.0,0.0,0.0,0.0,0.0,0.0,0.0,0.0,0.0,0.0,0.0,0.0,0.000242777,0.0,0.0,0.0,0.0,0.0,0.0,0.0,0.0,0.0,0.0,0.0,0.0,0.0,0.0,0.0,0.0,0.0,0.0,0.0,0.0,0.0,0.0,0.0,0.0,0.0,0.0,0.0,0.0,0.0,0.0,0.0,0.0,0.0,0.0,0.0,0.0,0.0,0.0,0.0,0.0,0.0,0.0,0.0,0.0,0.0,0.0,0.000728332,0.0,0.0,0.0,0.0,0.0,0.0,0.0,0.0,0.0,0.0,0.0,0.0,0.0,0.0,0.0,0.005826657,0.001092498,0.0,0.0,0.0,0.0,0.0,0.0,0.0,0.0,0.0,0.0,0.0,0.0,0.0,0.0,0.0,0.0,0.0,0.0,0.0,0.0,0.0,0.0,0.0,0.0,0.0,0.0,0.000971109,0.00182083,0.0,0.0,0.0,0.0,0.0,0.0,0.0,0.0,0.0,0.0,0.0,0.0,0.0,0.0,0.0,0.0,0.0,0.0,0.0,0.0,0.0,0.0,0.0,0.0,0.001456664,0.0,0.0,0.0,0.021000243,0.0,0.0,0.0,0.0,0.000121389,0.0,0.0,0.0,0.0,0.0,0.0,0.0,0.000242777,0.000849721,0.0,0.0,0.0,0.0,0.0,0.0,0.0,0.0,0.002063608,0.0,0.0,0.0,0.0,0.0,0.0,0.0,0.0,0.0,0.0,0.0,0.0,0.0,0.0,0.0,0.0,0.0,0.0,0.0,0.0,0.0,0.0,0.0,0.0,0.0,0.0,0.0,0.0,0.0,0.0,0.0,0.0,0.0,0.0,0.0,0.0,0.0,0.0,0.0,0.0,0.0,0.003884438,0.0,0.0,0.0,0.000121389,0.0,0.002063608,0.0,0.011774703,0.0,0.0,0.0,0.0,0.0,0.000485555,0.0,0.0,0.0,0.0,0.001335276,0.0,0.008375819,0.0,0.0,0.0,0.0,0.0,0.0,0.0,0.0,0.0,0.0,0.000121389,0.0,0.0,0.0,0.0,0.000849721,0.0,0.0,0.019179412,0.0,0.0,0.0,0.0,0.000242777,0.0,0.0,0.0,0.0,0.0,0.0,0.0,0.0,0.0,0.0,0.0,0.0,0.0,0.0,0.0,0.0,0.0,0.0,0.0,0.0,0.0,0.0,0.0,0.0,0.0,0.0,0.0,0.0,0.0,0.0,0.0,0.0,0.0,0.0,0.0,0.0,0.0,0.004127215,0.00922554,0.0,0.0,0.0,0.0,0.0,0.0,0.0,0.0,0.0,0.0,0.0,0.0,0.0,0.000485555,0.0,0.0,0.0,0.0,0.0,0.0,0.0,0.0,0.0,0.0,0.0,0.0,0.0,0.0,0.0,0.0,0.0,0.004491381,0.0,0.0,0.0,0.0,0.0,0.0,0.001456664,0.0,0.0,0.0,0.0,0.000849721,0.002306385,0.0,0.0,0.006190823,0.0,0.001213887,0.0,0.0,0.0,0.000606943,0.0,0.0,0.0,0.0,0.0,0.0,0.0,0.0,0.000728332,0.0,0.0,0.0,0.0,0.000121389,0.0,0.0,0.0,0.0,0.0,0.0,0.0,0.0,0.0,0.0,0.0,0.0,0.0,0.0,0.0,0.0,0.0,0.0,0.0,0.0,0.0,0.0,0.0,0.0,0.007161933,0.0,0.0,0.0,0.0,0.0,0.0,0.0,0.0,0.0,0.0,0.0,0.0,0.0,0.0,0.0,0.0,0.0,0.0,0.0,0.0,0.0,0.0,0.0,0.0,0.001699442,0.0,0.0,0.012260257,0.0,0.0,0.0,0.0,0.0,0.0,0.0,0.0,0.0,0.0,0.0,0.0,0.0,0.0,0.0,0.0,0.0,0.0,0.138261714,0.0,0.0,0.0,0.0,0.0,0.0,0.0,0.0,0.0,0.0,0.0,0.0,0.0,0.0,0.0,0.0,0.0,0.012503035,0.0,0.0,0.0,0.0,0.0,0.0,0.0,0.0,0.0,0.0,0.0,0.0,0.0,0.0,0.0,0.0,0.000364166,0.000728332,0.0,0.019664967,0.000728332,0.000121389,0.0,0.0,0.0,0.0,0.0,0.0,0.0,0.0,0.0,0.0,0.0,0.000242777,0.0,0.000242777,0.004248604,0.000242777,0.0,0.000242777,0.0,0.000121389,0.0,0.000728332,0.0,0.0,0.0,0.0,0.0,0.0,0.001699442,0.0,0.0,0.0,0.0,0.0,0.0,0.0,0.0,0.0,0.0,0.0,0.0,0.0,0.0,0.0,0.0,0.0,0.0,0.0,0.0,0.0,0.0,0.0,0.0,0.0,0.0,0.0,0.0,0.0,0.0,0.0,0.0,0.0,0.012867201,0.0,0.0,0.0,0.0,0.0,0.0,0.006676378,0.0,0.0,0.0,0.0,0.016266084,0.0,0.0,0.0,0.0,0.0,0.0,0.0,0.0,0.0,0.0,0.0,0.0,0.001213887,0.000242777,0.0,0.0,0.0,0.0,0.0,0.0,0.0,0.0,0.0,0.0,0.0
5,0.0,0.0,0.0,0.0,0.0,0.0,0.0,0.0,0.0,0.0,0.0,0.0,0.0,0.0,0.0,0.0,0.001942219,0.0,0.0,0.000121389,0.0,0.0,0.0,0.0,0.0,0.0,0.023185239,0.0,0.0,0.0,0.0,0.0,0.0,0.0,0.0,0.0,0.000728332,0.0,0.0,0.0,0.0,0.0,0.0,0.0,0.0,0.0,0.0,0.0,0.0,0.0,0.0,0.0,0.0,0.0,0.0,0.0,0.0,0.0,0.0,0.013716922,0.001456664,0.000485555,0.0,0.0,0.0,0.0,0.0,0.0,0.0,0.0,0.0,0.0,0.0,0.0,0.0,0.0,0.0,0.0,0.0,0.0,0.0,0.0,0.0,0.0,0.0,0.0,0.0,0.0,0.0,0.0,0.0,0.0,0.0,0.0,0.0,0.0,0.0,0.009589706,0.0,0.0,0.0,0.0,0.0,0.0,0.0,0.0,0.0,0.0,0.0,0.0,0.0,0.0,0.0,0.0,0.0,0.0,0.0,0.0,0.0,0.0,0.0,0.0,0.027433843,0.0,0.0,0.0,0.0,0.0,0.0,0.003884438,0.0,0.252731245,0.0,0.0,0.0,0.0,0.0,0.0,0.019543579,0.0,0.0,0.0,0.006312212,0.158533625,0.0,0.0,0.0,0.091405681,0.037630493,0.047462976,0.001092498,0.0,0.0,0.0,0.0,0.0,0.001213887,0.0,0.0,0.0,0.0,0.0,0.0,0.0,0.001942219,0.0,0.0,0.0,0.0,0.0,0.0,0.0,0.0,0.0,0.0,0.000121389,0.0,0.003277495,0.0,0.0,0.0,0.0,0.0,0.0,0.0,0.0,0.0,0.0,0.0,0.0,0.0,0.0,0.0,0.0,0.0,0.0,0.0,0.0,0.0,0.0,0.0,0.0,0.000485555,0.0,0.0,0.0,0.0,0.0,0.0,0.0,0.0,0.000121389,0.0,0.0,0.0,0.0,0.0,0.0,0.0,0.0,0.0,0.0,0.0,0.000485555,0.0,0.0,0.0,0.0,0.0,0.0,0.0,0.0,0.0,0.0,0.0,0.0,0.0,0.0,0.0,0.0,0.000121389,0.0,0.000364166,0.0,0.0,0.0,0.0,0.0,0.0,0.0,0.0,0.0,0.000121389,0.0,0.0,0.0,0.0,0.0,0.0,0.0,0.0,0.0,0.0,0.0,0.0,0.0,0.0,0.0,0.0,0.0,0.0,0.0,0.0,0.0,0.0,0.0,0.0,0.0,0.0,0.0,0.0,0.0,0.0,0.0,0.0,0.0,0.000121389,0.000121389,0.0,0.0,0.0,0.0,0.0,0.0,0.0,0.0,0.0,0.0,0.0,0.0,0.000242777,0.0,0.0,0.0,0.0,0.0,0.0,0.0,0.0,0.0,0.0,0.0,0.003034717,0.001213887,0.0,0.0,0.101845108,0.0,0.0,0.0,0.0,0.0,0.0,0.0,0.0,0.0,0.0,0.0,0.0,0.0,0.0,0.0,0.0,0.0,0.0,0.0,0.0,0.0,0.0,0.005705268,0.0,0.0,0.0,0.0,0.0,0.0,0.0,0.0,0.0,0.0,0.0,0.0,0.0,0.0,0.0,0.005341102,0.0,0.0,0.0,0.0,0.0,0.0,0.0,0.0,0.0,0.0,0.0,0.0,0.0,0.0,0.0,0.0,0.0,0.0,0.0,0.0,0.0,0.0,0.0,0.000364166,0.0,0.002913328,0.0,0.0,0.0,0.0,0.0,0.009711095,0.0,0.045884924,0.0,0.0,0.0,0.000364166,0.0,0.0,0.0,0.000728332,0.0,0.0,0.000242777,0.0,0.010075261,0.0,0.0,0.0,0.0,0.0,0.0,0.000606943,0.001699442,0.0,0.005705268,0.012745812,0.0,0.0,0.002184996,0.001213887,0.002063608,0.0,0.0,0.015780529,0.0,0.0,0.0,0.0,0.0,0.0,0.0,0.0,0.0,0.0,0.0,0.0,0.0,0.0,0.0,0.0,0.0,0.0,0.0,0.0,0.0,0.0,0.0,0.0,0.0,0.0,0.0,0.0,0.0,0.0,0.0,0.0,0.0,0.0,0.0,0.0,0.0,0.0,0.0,0.0,0.0,0.0,0.0,0.0,0.0,0.0,0.0,0.0,0.0,0.0,0.0,0.0,0.0,0.0,0.0,0.0,0.0,0.0,0.0,0.0,0.0,0.000485555,0.0,0.0,0.0,0.0,0.0,0.0,0.0,0.0,0.0,0.0,0.0,0.0,0.0,0.0,0.0,0.0,0.0,0.0,0.0,0.0,0.0,0.0,0.0,0.0,0.0,0.0,0.0,0.0,0.0,0.0,0.0,0.003156106,0.0,0.00279194,0.003398883,0.000485555,0.0,0.0,0.0,0.0,0.0,0.0,0.0,0.0,0.0,0.0,0.0,0.0,0.0,0.0,0.0,0.0,0.0,0.0,0.0,0.0,0.0,0.0,0.0,0.0,0.0,0.0,0.0,0.0,0.0,0.0,0.0,0.0,0.0,0.0,0.0,0.0,0.0,0.0,0.0,0.0,0.0,0.0,0.0,0.0,0.0,0.0,0.0,0.0,0.0,0.0,0.0,0.0,0.0,0.0,0.0,0.0,0.0,0.0,0.0,0.0,0.0,0.0,0.0,0.0,0.0,0.0,0.0,0.0,0.0,0.0,0.0,0.0,0.0,0.0,0.0,0.0,0.0,0.0,0.0,0.0,0.0,0.0,0.0,0.0,0.0,0.0,0.0,0.0,0.0,0.0,0.0,0.0,0.0,0.0,0.0,0.0,0.0,0.0,0.0,0.0,0.0,0.0,0.0,0.0,0.0,0.0,0.0,0.0,0.0,0.0,0.0,0.0,0.0,0.0,0.0,0.0,0.0,0.0,0.0,0.0,0.0,0.0,0.0,0.006190823,0.0,0.000606943,0.0,0.0,0.0,0.0,0.011896091,0.0,0.0,0.0,0.000242777,0.0,0.0,0.0,0.0,0.0,0.0,0.0,0.0,0.0,0.0,0.0,0.0,0.0,0.0,0.0,0.0,0.0,0.0,0.0,0.0,0.0,0.0,0.0,0.0,0.0,0.0,0.0,0.0,0.0,0.0,0.0,0.0,0.0,0.0,0.0,0.0,0.0,0.0,0.0,0.0,0.0,0.0,0.0,0.0,0.0,0.0,0.0,0.0,0.0,0.0,0.000364166,0.0,0.0,0.031318281,0.0,0.0,0.0,0.0,0.0,0.0,0.0,0.0,0.0,0.000728332,0.0,0.0,0.0,0.0,0.0,0.0,0.0,0.0,0.0,0.0,0.0,0.0,0.0,0.0,0.000121389,0.002063608,0.0,0.000728332,0.0,0.0,0.0,0.0,0.0,0.0,0.0,0.0,0.0
6,0.0,0.0,0.0,0.0,0.0,0.0,0.0,0.0,0.0,0.0,0.019786356,0.0,0.0,0.0,0.0,0.0,0.027312454,0.0,0.0,0.000121389,0.0,0.0,0.0,0.009346929,0.0,0.0,0.00279194,0.001092498,0.0,0.0,0.0,0.004976936,0.0,0.003884438,0.0,0.0,0.001213887,0.0,0.0,0.0,0.0,0.0,0.0,0.0,0.0,0.0,0.0,0.0,0.0,0.0,0.000485555,0.0,0.0,0.0,0.0,0.0,0.0,0.0,0.0,0.047584365,0.0,0.0,0.0,0.0,0.0,0.0,0.0,0.000364166,0.0,0.002184996,0.0,0.019179412,0.0,0.0,0.0,0.0,0.0,0.0,0.002184996,0.0,0.0,0.0,0.0,0.0,0.0,0.0,0.0,0.0,0.0,0.0,0.0,0.0,0.0,0.0,0.0,0.0,0.0,0.001942219,0.0,0.0,0.0,0.0,0.0,0.0,0.0,0.0,0.000242777,0.0,0.0,0.0,0.0,0.0,0.0,0.0,0.0,0.0,0.000242777,0.0,0.0,0.0,0.0,0.0,0.032653557,0.0,0.0,0.0,0.0,0.0,0.0,0.0,0.0,0.131828114,0.0,0.0,0.0,0.0,0.0,0.0,0.0,0.0,0.0,0.0,0.000364166,0.008133042,0.20975965,0.0,0.0,0.0,0.004248604,0.023549405,0.018208303,0.0,0.009104151,0.0,0.000485555,0.0,0.000242777,0.0,0.0,0.0,0.0,0.0,0.000364166,0.0,0.004369993,0.0,0.003034717,0.000121389,0.0,0.0,0.0,0.0,0.0,0.0,0.0,0.00182083,0.0,0.002670551,0.0,0.0,0.0,0.0,0.0,0.0,0.0,0.0,0.0,0.0,0.0,0.0,0.0,0.0,0.0,0.0,0.0,0.0,0.0,0.0,0.0,0.0,0.0,0.0,0.011410537,0.0,0.0,0.0,0.0,0.000121389,0.0,0.000121389,0.0,0.000121389,0.0,0.0,0.0,0.0,0.0,0.0,0.0,0.0,0.0,0.0,0.0,0.0,0.0,0.0,0.0,0.0,0.0,0.0,0.0,0.0,0.0,0.0,0.0,0.0,0.004491381,0.0,0.008497208,0.0,0.000971109,0.0,0.0,0.0,0.0,0.0,0.0,0.0,0.0,0.0,0.0,0.0,0.0,0.0,0.0,0.0,0.0,0.0,0.001335276,0.000364166,0.021364409,0.0,0.0,0.0,0.0,0.0,0.0,0.0,0.0,0.0,0.0,0.0,0.0,0.0,0.0,0.0,0.0,0.0,0.000121389,0.0,0.0,0.0,0.0,0.0,0.0,0.0,0.00182083,0.000121389,0.0,0.0,0.0,0.0,0.0,0.0,0.0,0.0,0.0,0.0,0.001942219,0.0,0.003763049,0.0,0.0,0.0,0.0,0.0,0.0,0.0,0.0,0.0,0.0,0.0,0.000728332,0.000242777,0.0,0.0,0.018936635,0.000728332,0.0,0.0,0.0,0.0,0.0,0.0,0.0,0.0,0.0,0.0,0.0,0.0,0.0,0.0,0.0,0.000606943,0.0,0.0,0.0,0.0,0.0,0.000728332,0.0,0.0,0.0,0.0,0.0,0.0,0.0,0.0,0.0,0.0,0.0,0.0,0.0,0.0,0.0,0.015416363,0.0,0.0,0.0,0.0,0.0,0.0,0.000364166,0.0,0.0,0.0,0.0,0.0,0.003034717,0.0,0.0,0.0,0.0,0.0,0.0,0.0,0.0,0.0,0.0,0.009468318,0.0,0.000606943,0.0,0.0,0.0,0.000606943,0.0,0.0,0.0,0.022578296,0.0,0.004248604,0.0,0.002184996,0.0,0.000364166,0.0,0.0,0.0,0.0,0.000364166,0.0,0.023670794,0.0,0.0,0.0,0.000728332,0.002306385,0.0,0.002549162,0.000364166,0.004369993,0.016144695,0.002670551,0.0,0.0,0.0,0.000121389,0.0,0.0,0.0,0.019179412,0.0,0.0,0.0,0.000485555,0.0,0.000485555,0.0,0.0,0.0,0.0,0.0,0.0,0.0,0.0,0.0,0.0,0.0,0.0,0.0,0.0,0.0,0.0,0.0,0.0,0.0,0.0,0.0,0.0,0.0,0.0,0.0,0.0,0.0,0.0,0.0,0.0,0.0,0.0,0.0,0.0,0.0,0.0,0.0,0.0,0.0,0.0,0.0,0.0,0.0,0.0,0.0,0.0,0.0,0.0,0.0,0.0,0.0,0.000485555,0.0,0.0,0.0,0.000242777,0.0,0.0,0.0,0.0,0.0,0.0,0.0,0.00279194,0.0,0.0,0.0,0.0,0.0,0.000728332,0.0,0.0,0.0,0.0,0.0,0.0,0.001699442,0.0,0.0,0.0,0.0,0.00558388,0.0,0.0,0.0,0.008133042,0.0,0.001335276,0.0,0.0,0.001092498,0.0,0.001213887,0.0,0.0,0.0,0.000849721,0.0,0.0,0.0,0.0,0.0,0.0,0.0,0.0,0.0,0.0,0.0,0.0,0.0,0.0,0.0,0.0,0.0,0.000364166,0.0,0.0,0.0,0.0,0.0,0.0,0.0,0.0,0.0,0.0,0.0,0.0,0.0,0.0,0.0,0.00740471,0.0,0.0,0.0,0.0,0.0,0.001699442,0.0,0.003763049,0.0,0.0,0.0,0.0,0.0,0.0,0.0,0.0,0.0,0.0,0.0,0.0,0.0,0.0,0.0,0.0,0.0,0.0,0.0,0.038237436,0.0,0.0,0.0,0.0,0.0,0.0,0.0,0.0,0.0,0.0,0.0,0.0,0.0,0.0,0.0,0.0,0.0,0.0,0.0,0.0,0.0,0.0,0.0,0.0,0.0,0.0,0.0,0.000121389,0.0,0.0,0.0,0.0,0.0,0.0,0.0,0.0,0.0,0.0,0.0,0.0,0.0,0.0,0.0,0.0,0.0,0.0,0.0,0.0,0.0,0.0,0.0,0.0,0.0,0.002306385,0.0,0.000242777,0.000849721,0.0,0.000242777,0.0,0.0,0.0,0.0,0.043699927,0.0,0.0,0.0,0.0,0.020757465,0.0,0.0,0.0,0.0,0.000849721,0.000485555,0.0,0.000121389,0.0,0.0,0.0,0.0,0.0,0.0,0.0,0.0,0.0,0.022821073,0.0064336,0.0,0.0,0.0,0.0,0.0,0.0,0.0,0.0,0.0,0.0,0.0,0.0,0.0,0.0,0.0,0.0,0.0,0.0,0.0,0.000364166,0.0,0.0,0.0,0.0,0.0,0.0,0.0,0.0,0.0,0.0,0.000849721,0.0,0.0,0.004248604,0.0,0.0,0.0,0.0,0.0,0.0,0.0,0.0,0.0,0.0,0.0,0.0,0.0,0.0,0.000606943,0.0,0.00279194,0.002549162,0.0,0.0,0.0,0.0,0.0,0.0,0.0,0.007283321,0.0,0.0,0.0,0.0,0.0,0.0,0.0,0.0,0.0,0.0,0.0
7,0.0,0.0,0.0,0.0,0.0,0.0,0.0,0.0,0.0,0.0,0.0,0.0,0.000485555,0.0,0.0,0.0,0.000728332,0.0,0.0,0.000242777,0.0,0.0,0.0,0.0,0.0,0.0,0.00461277,0.0,0.0,0.0,0.0,0.0,0.0,0.0,0.0,0.0,0.0,0.0,0.0,0.0,0.0,0.0,0.0,0.0,0.0,0.0,0.0,0.038237436,0.0,0.013352756,0.0,0.0,0.0,0.0,0.0,0.0,0.0,0.0,0.000121389,0.002549162,0.0,0.0,0.0,0.0,0.0,0.0,0.0,0.0,0.0,0.0,0.0,0.0,0.000121389,0.0,0.0,0.0,0.000485555,0.0,0.0,0.0,0.002306385,0.0,0.0,0.0,0.0,0.0,0.0,0.0,0.0,0.0,0.0,0.0,0.0,0.0,0.0,0.0,0.0,0.0,0.0,0.0,0.0,0.0,0.0,0.0,0.0,0.0,0.0,0.0,0.0,0.0,0.0,0.0,0.0,0.0,0.0,0.0,0.0,0.0,0.0,0.0,0.0,0.0,0.02403496,0.0,0.0,0.0,0.0,0.0,0.0,0.0,0.0,0.251031804,0.0,0.0,0.0,0.0,0.005462491,0.0,0.0,0.0,0.0,0.0,0.0,0.000485555,0.398397669,0.0,0.0,0.004734159,0.006919155,0.040786599,0.055231852,0.0,0.0,0.0,0.0,0.0,0.000849721,0.0,0.0,0.0,0.0,0.000121389,0.002184996,0.0,0.000121389,0.0,0.0,0.0,0.0,0.0,0.0,0.0,0.0,0.0,0.0,0.001578053,0.0,0.000485555,0.0,0.0,0.0,0.0,0.0,0.0,0.0,0.0,0.0,0.0,0.0,0.0,0.0,0.0,0.0,0.0,0.0,0.0,0.0,0.0,0.0,0.0,0.0,0.0,0.0,0.0,0.0,0.0,0.0,0.0,0.0,0.0,0.0,0.0,0.0,0.0,0.0,0.0,0.0,0.015780529,0.0,0.0,0.0,0.0,0.0,0.0,0.0,0.0,0.0,0.0,0.0,0.0,0.0,0.0,0.0,0.0,0.0,0.0,0.0,0.0,0.0,0.0,0.0,0.0,0.000121389,0.0,0.0,0.0,0.0,0.0,0.0,0.0,0.0,0.0,0.008497208,0.0,0.0,0.0,0.012988589,0.0,0.0,0.0,0.0,0.0,0.0,0.0,0.0,0.0,0.0,0.0,0.0,0.0,0.002184996,0.0,0.0,0.0,0.0,0.0,0.0,0.0,0.0,0.0,0.0,0.0,0.0,0.0,0.0,0.0,0.0,0.0,0.0,0.0,0.0,0.0,0.0,0.0,0.0,0.0,0.0,0.0,0.0,0.0,0.008011653,0.0,0.0,0.0,0.0,0.0,0.0,0.0,0.0,0.0,0.0,0.0,0.0,0.005341102,0.0,0.0,0.025491624,0.0,0.0,0.0,0.0,0.0,0.0,0.0,0.0,0.0,0.0,0.0,0.0,0.001092498,0.0,0.0,0.0,0.0,0.0,0.0,0.0,0.0,0.0,0.000242777,0.0,0.0,0.0,0.0,0.0,0.0,0.0,0.0,0.0,0.0,0.0,0.0,0.0,0.0,0.0,0.000971109,0.0,0.0,0.0,0.0,0.0,0.0,0.0,0.0,0.0,0.0,0.0,0.0,0.0,0.0,0.0,0.0,0.0,0.0,0.0,0.0,0.0,0.0,0.0,0.007040544,0.0,0.000849721,0.0,0.0,0.0,0.0,0.0,0.001092498,0.0,0.003034717,0.0,0.0,0.0,0.0,0.0,0.0,0.0,0.0,0.0,0.0,0.0,0.0,0.000971109,0.0,0.0,0.0,0.0,0.0,0.0,0.0,0.0,0.0,0.0,0.0,0.0,0.000364166,0.0,0.0,0.000242777,0.0,0.0,0.004248604,0.0,0.0,0.0,0.0,0.0,0.0,0.0,0.0,0.0,0.0,0.0,0.0,0.0,0.0,0.0,0.0,0.0,0.0,0.0,0.0,0.0,0.0,0.0,0.0,0.0,0.0,0.0,0.0,0.0,0.0,0.0,0.0,0.0,0.0,0.0,0.0,0.0,0.0,0.0,0.0,0.0,0.0,0.0,0.000364166,0.0,0.0,0.0,0.0,0.0,0.0,0.0,0.0,0.0,0.0,0.0,0.0,0.0,0.0,0.0,0.0,0.0,0.000121389,0.0,0.0,0.0,0.0,0.0,0.0,0.0,0.002670551,0.0,0.0,0.0,0.0,0.0,0.000364166,0.0,0.0,0.0,0.0,0.0,0.0,0.0,0.0,0.0,0.0,0.0,0.000485555,0.0,0.0,0.0,0.00558388,0.0,0.000364166,0.0,0.0,0.0,0.0,0.0,0.0,0.0,0.0,0.0,0.0,0.0,0.0,0.0,0.0,0.0,0.0,0.0,0.0,0.0,0.0,0.0,0.0,0.0,0.0,0.0,0.0,0.0,0.0,0.0,0.0,0.0,0.0,0.0,0.0,0.0,0.0,0.0,0.0,0.0,0.0,0.0,0.0,0.0,0.0,0.0,0.0,0.0,0.0,0.0,0.0,0.000242777,0.0,0.0,0.0,0.0,0.0,0.0,0.0,0.0,0.0,0.0,0.0,0.0,0.0,0.0,0.0,0.0,0.014081088,0.003277495,0.0,0.0,0.0,0.0,0.0,0.0,0.0,0.0,0.0,0.0,0.0,0.0,0.0,0.0,0.0,0.0,0.0,0.0,0.0,0.0,0.0,0.0,0.0,0.0,0.0,0.0,0.0,0.0,0.0,0.0,0.0,0.0,0.0,0.0,0.0,0.0,0.0,0.0,0.0,0.0,0.0,0.0,0.0,0.0,0.0,0.000849721,0.0,0.0,0.0,0.000121389,0.0,0.0,0.0,0.0,0.0,0.0,0.0,0.0,0.003520272,0.0,0.0,0.0,0.0,0.0,0.0,0.0,0.0,0.0,0.0,0.000242777,0.0,0.0,0.000121389,0.0,0.0,0.000728332,0.0,0.0,0.0,0.000242777,0.0,0.0,0.0,0.0,0.0,0.0,0.0,0.0,0.0,0.0,0.0,0.0,0.0,0.0,0.0,0.0,0.0,0.0,0.0,0.0,0.0,0.0,0.0,0.0,0.0,0.0,0.0,0.0,0.0,0.0,0.0,0.0,0.0,0.0,0.0,0.0,0.0,0.0,0.0,0.0,0.0,0.0,0.0,0.006797766,0.0,0.0,0.0,0.0,0.0,0.00558388,0.0,0.0,0.0,0.0,0.0,0.0,0.0,0.0,0.0,0.0,0.0,0.0,0.0,0.0,0.0,0.0,0.0,0.0,0.0,0.0,0.0,0.0,0.0,0.0,0.0,0.0,0.0,0.0,0.0,0.0,0.0
8,0.0,0.0,0.0,0.0,0.0,0.0,0.0,0.0,0.0,0.0,0.0,0.0,0.0,0.0,0.0,0.0,0.000606943,0.0,0.0,0.000364166,0.0,0.0,0.0,0.0,0.0,0.0,0.0,0.0,0.0,0.0,0.0,0.0,0.0,0.0,0.0,0.000121389,0.000728332,0.0,0.0,0.0,0.0,0.0,0.0,0.0,0.0,0.0,0.0,0.0,0.0,0.0,0.0,0.0,0.0,0.0,0.0,0.0,0.0,0.0,0.0,0.009711095,0.0,0.0,0.0,0.0,0.0,0.0,0.0,0.000485555,0.0,0.0,0.0,0.0,0.0,0.000485555,0.0,0.0,0.0,0.0,0.0,0.0,0.0,0.0,0.0,0.0,0.000242777,0.0,0.0,0.0,0.0,0.0,0.0,0.0,0.0,0.0,0.0,0.0,0.0,0.000606943,0.0,0.0,0.0,0.0,0.0,0.0,0.0,0.0,0.0,0.0,0.0,0.0,0.0,0.0,0.0,0.0,0.0,0.0,0.0,0.0,0.0,0.0,0.0,0.0,0.006554989,0.0,0.0,0.0,0.0,0.0,0.0,0.0,0.0,0.152342802,0.0,0.0,0.000121389,0.0,0.0,0.0,0.0,0.0,0.0,0.0,0.0,0.0,0.569798495,0.0,0.0,0.011896091,0.001942219,0.013352756,0.052197135,0.0,0.0,0.0,0.0,0.0,0.003398883,0.0,0.0,0.0,0.0,0.000121389,0.0,0.0,0.00182083,0.0,0.0,0.0,0.0,0.0,0.0,0.0,0.0,0.0,0.0,0.0,0.0,0.000485555,0.0,0.0,0.0,0.0,0.0,0.0,0.0,0.0,0.0,0.0,0.0,0.0,0.0,0.0,0.0,0.0,0.0,0.0,0.0,0.0,0.0,0.0,0.0,0.0,0.0,0.0,0.0,0.0,0.0,0.0,0.0,0.0,0.0,0.0,0.0,0.0,0.0,0.0,0.0,0.0,0.0,0.0,0.0,0.0,0.0,0.0,0.0,0.0,0.0,0.0,0.0,0.0,0.0,0.0,0.0,0.0,0.0,0.0,0.0,0.0,0.000121389,0.0,0.0,0.0,0.000485555,0.0,0.0,0.0,0.0,0.0,0.0,0.0,0.0,0.0,0.0,0.0,0.0,0.0,0.0,0.0,0.0,0.0,0.0,0.0,0.0,0.0,0.0,0.0,0.0,0.0,0.0,0.0,0.0,0.0,0.0,0.0,0.0,0.0,0.0,0.0,0.0,0.0,0.0,0.0,0.0,0.0,0.0,0.0,0.002427774,0.001335276,0.0,0.0,0.0,0.0,0.0,0.0,0.0,0.0,0.0,0.0,0.0,0.0,0.000242777,0.0,0.0,0.0,0.0,0.0,0.0,0.0,0.0,0.0,0.0,0.0,0.001699442,0.0,0.0,0.0,0.037387715,0.0,0.0,0.0,0.0,0.0,0.0,0.0,0.0,0.0,0.0,0.0,0.0,0.0,0.0,0.0,0.0,0.0,0.0,0.0,0.0,0.0,0.0,0.000364166,0.0,0.0,0.009711095,0.0,0.0,0.0,0.0,0.0,0.0,0.0,0.0,0.0,0.0,0.0,0.0,0.002306385,0.0,0.0,0.0,0.0,0.0,0.0,0.0,0.0,0.0,0.0,0.0,0.0,0.0,0.0,0.0,0.0,0.0,0.0,0.0,0.0,0.0,0.0,0.0,0.0,0.0,0.002427774,0.0,0.0,0.0,0.0,0.0,0.002063608,0.0,0.015537752,0.0,0.0,0.0,0.000364166,0.0,0.0,0.0,0.0,0.0,0.0,0.0,0.0,0.000242777,0.0,0.0,0.0,0.0,0.0,0.0,0.0,0.0,0.0,0.0,0.0,0.0,0.0,0.0,0.0,0.000364166,0.0,0.0,0.005705268,0.0,0.0,0.0,0.0,0.0,0.000364166,0.0,0.0,0.0,0.0,0.0,0.0,0.0,0.0,0.0,0.0,0.0,0.0,0.0,0.0,0.0,0.0,0.0,0.0,0.0,0.0,0.0,0.0,0.0,0.0,0.0,0.0,0.0,0.0,0.0,0.0,0.0,0.0,0.0,0.0,0.002306385,0.0,0.0,0.008739985,0.0,0.0,0.0,0.0,0.0,0.0,0.0,0.0,0.0,0.0,0.0,0.0,0.0,0.0,0.0,0.0,0.0,0.0,0.0,0.0,0.0,0.0,0.0,0.0,0.0,0.0,0.0,0.0,0.0,0.0,0.0,0.0,0.0,0.0,0.0,0.0,0.000121389,0.0,0.0,0.0,0.0,0.0,0.0,0.0,0.0,0.0,0.0,0.0,0.0,0.0,0.0,0.0,0.0,0.0,0.0,0.0,0.0,0.0,0.0,0.0,0.0,0.0,0.0,0.0,0.0,0.0,0.0,0.0,0.0,0.0,0.0,0.0,0.0,0.0,0.0,0.0,0.0,0.0,0.0,0.0,0.0,0.0,0.0,0.0,0.0,0.0,0.0,0.0,0.0,0.0,0.0,0.0,0.003156106,0.0,0.0,0.0,0.0,0.0,0.0,0.0,0.0,0.0,0.0,0.0,0.0,0.0,0.0,0.0,0.0,0.0,0.0,0.0,0.0,0.0,0.0,0.0,0.0,0.026948288,0.0,0.0,0.000606943,0.0,0.0,0.0,0.0,0.0,0.0,0.0,0.0,0.0,0.0,0.0,0.0,0.0,0.0,0.0,0.0,0.0,0.0,0.000364166,0.0,0.0,0.0,0.0,0.0,0.0,0.0,0.0,0.0,0.0,0.0,0.0,0.0,0.0,0.0,0.0,0.0,0.0,0.0,0.0,0.0,0.0,0.0,0.0,0.0,0.0,0.0,0.0,0.0,0.0,0.0,0.0,0.0,0.0,0.031682447,0.001092498,0.0,0.005826657,0.0,0.0,0.0,0.0,0.0,0.0,0.003520272,0.0,0.0,0.0,0.0,0.0,0.0,0.0,0.0,0.0,0.0,0.0,0.0,0.0,0.0,0.0,0.0,0.0,0.0,0.0,0.0,0.0,0.0,0.0,0.000121389,0.0,0.0,0.0,0.0,0.0,0.0,0.0,0.0,0.0,0.0,0.0,0.0,0.0,0.0,0.0,0.0,0.0,0.0,0.0,0.0,0.0,0.0,0.0,0.0,0.0,0.0,0.0,0.0,0.0,0.0,0.0,0.0,0.0,0.0,0.0,0.0,0.0,0.0,0.0,0.0,0.0,0.0,0.0,0.0,0.0,0.000364166,0.0,0.0,0.0,0.0,0.0,0.0,0.0,0.0,0.0,0.0,0.0,0.0,0.004369993,0.0,0.0,0.000242777,0.0,0.0,0.0,0.0,0.0,0.0,0.0,0.0,0.0
9,0.0,0.0,0.0,0.0,0.0,0.0,0.0,0.0,0.0,0.0,0.0,0.0,0.0,0.0,0.0,0.0,0.000728332,0.0,0.0,0.000121389,0.0,0.0,0.0,0.0,0.0,0.0,0.000728332,0.0,0.0,0.0,0.0,0.0,0.0,0.0,0.0,0.000971109,0.001335276,0.0,0.0,0.0,0.0,0.0,0.0,0.0,0.001213887,0.0,0.0,0.0,0.0,0.0,0.0,0.0,0.0,0.0,0.0,0.0,0.0,0.0,0.0,0.0,0.0,0.0,0.0,0.0,0.0,0.0,0.0,0.0,0.0,0.0,0.0,0.0,0.0,0.0,0.0,0.0,0.0,0.0,0.0,0.0,0.0,0.000121389,0.0,0.0,0.0,0.0,0.0,0.0,0.0,0.0,0.0,0.0,0.0,0.0,0.0,0.0,0.0,0.002063608,0.0,0.0,0.0,0.0,0.0,0.0,0.0,0.0,0.0,0.0,0.0,0.0,0.0,0.0,0.0,0.0,0.0,0.0,0.0,0.0,0.0,0.0,0.0,0.0,0.001942219,0.0,0.0,0.0,0.0,0.000728332,0.0,0.0,0.001335276,0.0,0.062636562,0.0,0.0,0.0,0.0,0.0,0.000364166,0.0,0.0,0.0,0.0,0.0,0.148579752,0.000121389,0.0,0.0,0.001213887,0.001335276,0.024399126,0.0,0.000971109,0.0,0.0,0.0,0.006919155,0.0,0.0,0.0,0.0,0.000606943,0.0,0.0,0.002670551,0.0,0.0,0.0,0.0,0.0,0.0,0.0,0.0,0.0,0.0,0.000121389,0.0,0.0,0.0,0.0,0.0,0.0,0.0,0.0,0.0,0.0,0.0,0.0,0.0,0.0,0.0,0.0,0.0,0.0,0.0,0.0,0.0,0.0,0.0,0.0,0.0,0.0,0.0,0.0,0.0,0.0,0.0,0.0,0.0,0.0,0.0,0.0,0.0,0.0,0.0,0.0,0.0,0.0,0.0,0.0,0.0,0.0,0.0,0.0,0.0,0.0,0.0,0.0,0.0,0.0,0.0,0.0,0.0,0.0,0.0,0.0,0.0,0.0,0.005705268,0.0,0.001942219,0.0,0.000242777,0.0,0.0,0.0,0.0,0.0,0.000121389,0.0,0.0,0.0,0.0,0.0,0.0,0.0,0.0,0.000728332,0.000485555,0.0,0.0,0.0,0.0,0.0,0.0,0.0,0.0,0.0,0.0,0.0,0.0,0.0,0.0,0.0,0.0,0.0,0.0,0.0,0.0,0.0,0.0,0.0,0.0,0.0,0.0,0.0,0.000364166,0.0,0.0,0.0,0.0,0.0,0.0,0.0,0.0,0.0,0.0,0.0,0.0,0.0,0.0,0.0,0.0,0.0,0.0,0.0,0.0,0.0,0.0,0.0,0.0,0.0,0.000606943,0.000606943,0.0,0.0,0.005341102,0.0,0.0,0.0,0.0,0.0,0.0,0.0,0.0,0.0,0.0,0.0,0.0,0.0,0.0,0.0,0.0,0.0,0.0,0.0,0.0,0.0,0.0,0.000364166,0.0,0.0,0.029133285,0.0,0.0,0.0,0.0,0.0,0.0,0.0,0.0,0.0,0.0,0.0,0.0,0.002063608,0.0,0.0,0.0,0.0,0.0,0.0,0.0,0.0,0.0,0.0,0.0,0.0,0.000121389,0.0,0.0,0.0,0.0,0.0,0.0,0.0,0.0,0.0,0.0,0.0,0.0,0.000242777,0.0,0.0,0.0,0.0,0.0,0.001092498,0.0,0.019664967,0.0,0.0,0.0,0.0,0.0,0.0,0.0,0.0,0.0,0.0,0.000485555,0.0,0.000364166,0.0,0.0,0.0,0.0,0.0,0.0,0.0,0.0,0.0,0.0,0.002306385,0.0,0.0,0.0,0.0,0.0,0.0,0.0,0.001578053,0.0,0.0,0.0,0.0,0.0,0.0,0.0,0.0,0.0,0.0,0.0,0.0,0.0,0.0,0.0,0.0,0.0,0.0,0.0,0.0,0.0,0.0,0.0,0.0,0.0,0.0,0.0,0.0,0.0,0.0,0.0,0.0,0.0,0.0,0.0,0.0,0.0,0.0,0.0,0.0,0.002427774,0.0,0.0,0.005826657,0.0,0.0,0.037994659,0.0,0.0,0.000849721,0.0,0.0,0.0,0.0,0.0,0.0,0.0,0.0,0.0,0.0,0.0,0.0,0.0,0.0,0.0,0.0,0.0,0.0,0.0,0.0,0.0,0.0,0.0,0.0,0.0,0.0,0.0,0.0,0.0,0.0,0.0,0.0,0.0,0.0,0.0,0.0,0.0,0.0,0.0,0.0,0.0,0.0,0.0,0.0,0.0,0.0,0.000485555,0.0,0.0,0.0,0.0,0.0,0.0,0.0,0.0,0.0,0.0,0.0,0.0,0.0,0.0,0.0,0.0,0.0,0.0,0.0,0.0,0.0,0.0,0.0,0.0,0.0,0.0,0.0,0.0,0.0,0.0,0.0,0.0,0.0,0.0,0.0,0.0,0.0,0.0,0.0,0.004491381,0.0,0.001092498,0.0,0.0,0.0,0.000606943,0.0,0.0,0.0,0.0,0.0,0.0,0.0,0.0,0.0,0.0,0.0,0.0,0.0,0.0,0.0,0.0,0.0,0.0,0.024399126,0.0,0.0,0.0,0.0,0.0,0.0,0.0,0.0,0.0,0.0,0.0,0.0,0.0,0.0,0.0,0.0,0.0,0.0,0.0,0.0,0.0,0.450594805,0.0,0.127336732,0.0,0.0,0.0,0.0,0.0,0.0,0.0,0.0,0.0,0.0,0.0,0.0,0.0,0.0,0.0,0.0,0.0,0.0,0.0,0.0,0.0,0.0,0.0,0.0,0.0,0.0,0.0,0.0,0.0,0.0,0.0,0.0,0.0,0.0,0.0,0.0,0.0,0.0,0.0,0.0,0.0,0.0,0.0,0.0,0.0,0.0,0.0,0.0,0.0,0.0,0.0,0.0,0.0,0.0,0.0,0.0,0.0,0.0,0.0,0.0,0.0,0.0,0.0,0.0,0.0,0.0,0.0,0.0,0.0,0.0,0.0,0.0,0.0,0.0,0.0,0.0,0.0,0.0,0.0,0.0,0.0,0.0,0.0,0.0,0.0,0.0,0.0,0.0,0.0,0.0,0.0,0.0,0.0,0.0,0.0,0.0,0.0,0.0,0.0,0.0,0.001699442,0.0,0.0,0.0,0.0,0.005948046,0.0,0.0,0.0,0.0,0.0,0.0,0.0,0.0,0.0,0.000485555,0.0,0.0,0.000121389,0.0,0.0,0.0,0.0,0.0,0.0,0.0,0.000849721,0.0,0.0,0.0,0.0,0.0,0.0,0.0,0.0,0.0,0.0,0.0
10,0.0,0.0,0.0,0.0,0.0,0.0,0.0,0.0,0.0,0.0,0.026462734,0.0,0.0,0.0,0.0,0.0,0.002670551,0.0,0.0,0.001578053,0.0,0.0,0.001213887,0.0,0.0,0.0,0.000364166,0.0,0.0,0.0,0.0,0.0,0.0,0.0,0.0,0.000242777,0.001213887,0.0,0.0,0.0,0.0,0.0,0.0,0.0,0.006190823,0.001456664,0.002549162,0.0,0.0,0.0,0.0,0.0,0.0,0.0,0.0,0.0,0.0,0.0,0.0,0.006069434,0.00182083,0.0,0.0,0.0,0.0,0.0,0.0,0.000364166,0.0,0.0,0.0,0.0,0.0,0.0,0.0,0.004248604,0.001699442,0.0,0.010803593,0.0,0.019786356,0.000121389,0.0,0.0,0.0,0.0,0.0,0.0,0.0,0.0,0.0,0.0,0.0,0.0,0.0,0.0,0.0,0.00279194,0.0,0.0,0.0,0.0,0.0,0.0,0.000485555,0.000606943,0.000242777,0.0,0.0,0.0,0.0,0.0,0.0,0.000242777,0.0,0.0,0.0,0.0,0.0,0.0,0.0,0.0,0.003277495,0.0,0.0,0.0,0.0,0.0,0.0,0.00182083,0.0,0.0,0.0,0.0,0.0,0.0,0.0,0.0,0.000242777,0.0,0.0,0.0,0.0,0.0,0.017358582,0.0,0.001213887,0.00461277,0.000971109,0.051226026,0.048312697,0.000728332,0.046127701,0.0,0.001699442,0.0,0.005826657,0.0,0.000606943,0.0,0.0,0.001092498,0.000364166,0.0,0.011410537,0.0,0.003763049,0.00182083,0.0,0.0,0.0,0.0,0.0,0.0,0.0,0.000971109,0.0,0.0,0.0,0.003277495,0.0,0.0,0.0,0.0,0.0,0.0,0.0,0.0,0.0,0.0,0.0,0.0,0.0,0.0,0.0,0.0,0.0,0.0,0.0,0.0,0.0,0.000242777,0.0,0.0,0.0,0.0,0.0,0.0,0.0,0.0,0.0,0.000849721,0.0,0.0,0.000242777,0.0,0.0,0.0,0.0,0.0,0.0,0.0,0.0,0.0,0.0,0.0,0.0,0.0,0.0,0.0,0.0,0.0,0.0,0.0,0.0,0.0,0.0,0.0,0.004491381,0.0,0.003520272,0.0,0.005462491,0.0,0.000485555,0.0,0.0,0.0,0.001699442,0.0,0.0,0.0,0.0,0.0,0.0,0.000364166,0.0,0.0,0.001699442,0.000971109,0.0,0.0,0.0,0.0,0.0,0.0,0.0,0.0,0.0,0.0,0.0,0.0,0.0,0.0,0.003277495,0.006190823,0.0,0.000728332,0.003884438,0.0,0.0,0.0,0.0,0.0,0.0,0.0,0.003398883,0.000728332,0.0,0.000121389,0.0,0.0,0.0,0.0,0.0,0.0,0.0,0.0,0.0,0.0,0.0,0.0,0.0,0.0,0.0,0.0,0.0,0.0,0.0,0.0,0.0,0.0,0.001699442,0.043942705,0.0,0.0,0.06749211,0.002670551,0.0,0.0,0.0,0.0,0.0,0.0,0.0,0.0,0.0,0.000121389,0.0,0.001578053,0.000121389,0.0,0.0,0.0,0.0,0.0,0.0,0.0,0.0,0.001942219,0.0,0.0,0.0,0.0,0.0,0.0,0.0,0.0,0.0,0.006069434,0.0,0.0,0.0,0.0,0.000121389,0.0,0.0,0.0,0.0,0.0,0.0,0.000485555,0.0,0.0,0.0,0.0,0.0,0.0,0.000606943,0.0,0.0,0.0,0.0,0.0,0.0,0.0,0.0,0.0,0.0,0.000485555,0.0,0.002184996,0.0,0.0,0.0,0.0,0.0,0.000849721,0.0,0.004005827,0.0,0.0,0.0,0.000971109,0.0,0.0,0.0,0.000242777,0.0,0.0,0.001456664,0.0,0.034352998,0.0,0.0,0.0,0.0,0.0,0.0,0.0,0.0,0.0,0.0,0.000364166,0.0,0.0,0.0,0.0,0.00182083,0.0,0.0,0.004734159,0.000242777,0.0,0.0,0.0,0.0,0.0,0.000364166,0.0,0.0,0.0,0.0,0.0,0.0,0.0,0.0,0.0,0.0,0.0,0.0,0.0,0.0,0.0,0.0,0.000606943,0.0,0.0,0.0,0.0,0.0,0.0,0.0,0.0,0.0,0.0,0.0,0.0,0.0,0.0,0.0,0.000485555,0.0,0.0,0.0,0.0,0.0,0.0,0.201141054,0.003398883,0.0,0.0,0.0,0.0,0.0,0.0,0.0,0.0,0.0,0.000485555,0.0,0.0,0.0,0.0,0.0,0.0,0.0,0.0,0.000971109,0.0,0.0,0.001456664,0.0,0.0,0.0,0.0,0.0,0.010075261,0.0,0.0,0.0,0.0,0.0,0.0,0.0,0.0,0.003034717,0.0,0.0,0.007283321,0.0,0.0,0.0,0.011410537,0.014081088,0.001456664,0.0,0.0,0.005098325,0.001335276,0.003520272,0.0,0.0,0.0,0.005826657,0.001578053,0.0,0.0,0.0,0.001213887,0.001456664,0.000121389,0.0,0.000121389,0.0,0.0,0.0,0.0,0.0,0.0,0.0,0.0,0.0,0.0,0.0,0.0,0.0,0.0,0.0,0.0,0.0,0.0,0.0,0.000121389,0.0,0.0,0.0,0.0,0.016873027,0.0,0.0,0.0,0.0,0.0,0.000364166,0.0,0.0,0.0,0.000121389,0.0,0.0,0.0,0.0,0.0,0.0,0.0,0.0,0.0,0.0,0.0,0.0,0.0,0.0,0.0,0.0,0.003641661,0.000606943,0.0,0.0,0.0,0.0,0.0,0.0,0.0,0.0,0.0,0.0,0.0,0.000364166,0.0,0.0,0.0,0.0,0.0,0.0,0.00182083,0.0,0.0,0.0,0.0,0.0,0.0,0.0,0.0,0.0,0.0,0.0,0.0,0.0,0.0,0.0,0.0,0.001578053,0.0,0.0,0.058145181,0.0,0.0,0.0,0.0,0.0,0.0,0.0,0.0,0.0,0.0,0.0,0.0,0.0,0.000242777,0.0,0.0,0.0,0.011531925,0.0,0.001456664,0.0,0.0,0.0,0.0,0.033017723,0.0,0.0,0.0,0.000242777,0.0,0.0,0.000364166,0.0,0.000242777,0.0,0.000364166,0.0,0.000971109,0.000121389,0.000242777,0.0,0.000242777,0.000121389,0.0,0.0,0.0,0.0,0.033139111,0.002184996,0.0,0.0,0.0,0.0,0.0,0.0,0.0,0.0,0.0,0.0,0.0,0.0,0.0,0.0,0.0,0.0,0.0,0.0,0.0,0.0,0.0,0.0,0.0,0.0,0.0,0.0,0.001942219,0.0,0.0,0.0,0.005462491,0.0,0.0,0.020757465,0.0,0.0,0.0,0.0,0.0,0.000364166,0.0,0.0,0.0,0.0,0.0,0.0,0.0,0.000121389,0.000606943,0.0,0.0,0.0,0.0,0.0,0.0,0.0,0.0,0.0,0.0,0.008375819,0.0,0.000606943,0.0,0.0,0.0,0.0,0.0,0.0,0.000242777,0.0,0.0
11,0.0,0.0,0.0,0.0,0.0,0.0,0.0,0.0,0.0,0.0,0.002184996,0.0,0.000606943,0.0,0.0,0.0,0.000728332,0.0,0.0,0.0,0.0,0.0,0.00182083,0.0,0.0,0.0,0.0,0.0,0.0,0.0,0.0,0.0,0.0,0.0,0.0,0.0,0.000849721,0.0,0.0,0.0,0.0,0.0,0.0,0.0,0.0,0.0,0.0,0.0,0.0,0.0,0.0,0.0,0.0,0.0,0.0,0.0,0.0,0.0,0.0,0.001092498,0.0,0.0,0.0,0.0,0.0,0.0,0.0,0.0,0.0,0.0,0.0,0.0,0.0,0.0,0.0,0.0,0.0,0.0,0.0,0.0,0.0,0.0,0.0,0.0,0.0,0.0,0.0,0.034959942,0.0,0.0,0.0,0.0,0.0,0.0,0.0,0.0,0.0,0.000485555,0.0,0.0,0.0,0.0,0.0,0.0,0.0,0.0,0.0,0.0,0.0,0.0,0.0,0.0,0.0,0.0,0.0,0.0,0.0,0.0,0.0,0.0,0.0,0.0,0.003641661,0.0,0.0,0.0,0.0,0.0,0.001335276,0.0,0.0,0.000849721,0.0,0.0,0.0,0.0,0.0,0.0,0.0,0.0,0.0,0.001699442,0.0,0.000364166,0.027433843,0.0,0.0,0.0,0.000849721,0.000606943,0.000971109,0.0,0.0,0.0,0.0,0.0,0.0,0.0,0.0,0.0,0.0,0.0,0.0,0.0,0.000971109,0.0,0.0,0.0,0.0,0.0,0.0,0.0,0.0,0.0,0.0,0.0,0.0,0.0,0.0,0.0,0.0,0.000242777,0.0,0.0,0.0,0.0,0.0,0.0,0.0,0.0,0.0,0.0,0.0,0.0,0.0,0.0,0.0,0.0,0.000485555,0.0,0.0,0.0,0.0,0.0,0.0,0.0,0.0,0.0,0.0,0.0,0.0,0.0,0.0,0.0,0.0,0.0,0.0,0.0,0.0,0.0,0.0,0.0,0.0,0.0,0.0,0.0,0.0,0.0,0.0,0.0,0.0,0.0,0.0,0.0,0.0,0.0,0.0,0.0,0.0,0.0,0.0,0.0,0.0,0.0,0.0,0.0,0.0,0.0,0.0,0.0,0.0,0.0,0.0,0.0,0.0,0.0,0.0,0.0,0.0,0.0,0.000485555,0.0,0.0,0.0,0.0,0.0,0.0,0.0,0.0,0.0,0.0,0.0,0.0,0.0,0.0,0.0,0.0,0.0,0.0,0.0,0.0,0.0,0.0,0.0,0.0,0.0,0.000121389,0.0,0.0,0.0,0.0,0.0,0.0,0.0,0.0,0.0,0.0,0.0,0.0,0.0,0.0,0.0,0.0,0.0,0.0,0.0,0.0,0.0,0.0,0.0,0.0,0.0,0.0,0.00461277,0.0,0.0,0.002427774,0.000364166,0.0,0.0,0.0,0.0,0.0,0.0,0.0,0.0,0.0,0.0,0.0,0.0,0.0,0.0,0.0,0.0,0.0,0.0,0.0,0.0,0.0,0.000121389,0.0,0.0,0.0,0.0,0.0,0.0,0.0,0.0,0.0,0.0,0.0,0.0,0.0,0.0,0.0,0.0,0.0,0.0,0.0,0.0,0.000242777,0.0,0.0,0.0,0.0,0.0,0.0,0.0,0.0,0.0,0.0,0.0,0.0,0.0,0.0,0.0,0.0,0.0,0.0,0.0,0.0,0.000121389,0.0,0.0,0.0,0.000364166,0.0,0.000728332,0.0,0.003763049,0.0,0.000485555,0.0,0.0,0.0,0.0,0.0,0.0,0.0,0.0,0.000242777,0.0,0.000728332,0.0,0.0,0.0,0.0,0.0,0.0,0.0,0.0,0.0,0.0,0.0,0.0,0.0,0.0,0.0,0.0,0.0,0.0,0.001092498,0.0,0.0,0.0,0.0,0.0,0.0,0.0,0.0,0.0,0.0,0.0,0.0,0.0,0.0,0.0,0.0,0.0,0.0,0.0,0.0,0.0,0.0,0.0,0.0,0.0,0.0,0.0,0.0,0.0,0.0,0.0,0.0,0.0,0.0,0.0,0.0,0.0,0.0,0.000606943,0.0,0.0,0.0,0.0,0.0,0.0,0.0,0.003277495,0.0,0.0,0.0,0.0,0.0,0.0,0.0,0.0,0.0,0.0,0.0,0.0,0.0,0.0,0.0,0.0,0.0,0.0,0.0,0.0,0.0,0.0,0.0,0.0,0.0,0.0,0.0,0.0,0.0,0.0,0.0,0.0,0.0,0.0,0.0,0.0,0.0,0.0,0.0,0.0,0.0,0.0,0.0,0.0,0.000364166,0.0,0.0,0.0,0.0,0.001335276,0.0,0.0,0.0,0.0,0.0,0.0,0.0,0.0,0.0,0.0,0.0,0.0,0.0,0.0,0.0,0.0,0.0,0.0,0.0,0.0,0.0,0.0,0.0,0.0,0.0,0.0,0.0,0.0,0.0,0.0,0.0,0.0,0.0,0.0,0.0,0.0,0.0,0.0,0.0,0.001942219,0.0,0.0,0.0,0.0,0.0,0.0,0.0,0.0,0.0,0.0,0.0,0.0,0.0,0.0,0.0,0.0,0.0,0.0,0.0,0.0,0.0,0.0,0.0,0.0,0.023306628,0.0,0.0,0.0,0.0,0.0,0.0,0.0,0.0,0.0,0.0,0.008011653,0.0,0.0,0.0,0.0,0.015901918,0.0,0.0,0.0,0.0,0.0,0.835396941,0.0,0.0,0.000364166,0.0,0.0,0.0,0.0,0.0,0.0,0.0,0.0,0.0,0.0,0.0,0.0,0.0,0.0,0.0,0.0,0.0,0.0,0.0,0.0,0.0,0.0,0.0,0.0,0.0,0.0,0.0,0.0,0.0,0.00182083,0.0,0.000728332,0.0,0.0,0.001213887,0.0,0.0,0.0,0.0,0.0,0.0,0.0,0.0,0.0,0.0,0.0,0.0,0.0,0.0,0.0,0.0,0.0,0.0,0.0,0.0,0.0,0.0,0.0,0.0,0.0,0.000242777,0.0,0.000121389,0.0,0.0,0.0,0.0,0.0,0.0,0.0,0.0,0.0,0.0,0.0,0.0,0.0,0.0,0.0,0.0,0.0,0.0,0.0,0.0,0.0,0.0,0.0,0.0,0.0,0.0,0.0,0.0,0.0,0.0,0.0,0.0,0.0,0.0,0.0,0.0,0.000728332,0.0,0.0,0.0,0.0,0.0,0.0,0.0,0.0,0.0,0.004005827,0.0,0.002549162,0.0,0.0,0.0,0.0,0.0,0.0,0.0,0.0,0.0,0.0,0.0,0.0,0.0,0.0,0.0,0.0,0.0,0.0,0.0,0.0,0.0,0.0,0.0,0.0,0.0
12,0.0,0.0,0.0,0.0,0.0,0.0,0.0,0.0,0.0,0.0,0.000242777,0.000121389,0.0,0.0,0.0,0.0,0.012381646,0.0,0.0,0.000364166,0.0,0.0,0.004491381,0.0,0.0,0.0,0.000971109,0.001456664,0.0,0.0,0.0,0.0,0.0,0.0,0.0,0.0,0.003156106,0.0,0.0,0.0,0.0,0.0,0.0,0.0,0.0,0.0,0.0,0.0,0.0,0.0,0.0,0.0,0.0,0.0,0.0,0.0,0.0,0.0,0.0,0.010803593,0.000364166,0.0,0.0,0.0,0.0,0.0,0.0,0.000485555,0.000121389,0.0,0.0,0.000485555,0.0,0.0,0.0,0.0,0.0,0.000242777,0.0,0.0,0.000364166,0.0,0.0,0.0,0.0,0.0,0.0,0.0,0.0,0.0,0.0,0.0,0.0,0.0,0.0,0.0,0.0,0.000485555,0.0,0.0,0.0,0.0,0.0,0.0,0.0,0.0,0.0,0.0,0.0,0.0,0.0,0.0,0.0,0.0,0.0,0.0,0.0,0.0,0.0,0.0,0.0,0.0,0.007647487,0.0,0.0,0.0,0.0,0.0,0.0,0.000485555,0.0,0.0,0.0,0.0,0.0,0.0,0.0,0.0,0.003398883,0.000242777,0.0,0.0,0.0,0.001335276,0.04989075,0.000364166,0.0,0.004369993,0.000728332,0.002427774,0.003884438,0.0,0.0,0.0,0.0,0.0,0.0,0.0,0.0,0.0,0.000121389,0.0,0.000242777,0.0,0.002427774,0.0,0.000485555,0.0,0.0,0.0,0.0,0.0,0.0,0.0,0.000242777,0.000121389,0.0,0.000121389,0.0,0.000242777,0.0,0.0,0.0,0.0,0.0,0.0,0.0,0.000242777,0.0,0.0,0.0,0.0,0.0,0.0,0.0,0.0,0.0,0.0,0.000849721,0.0,0.0,0.0,0.0,0.0,0.0,0.0,0.0,0.0,0.0,0.0,0.0,0.000728332,0.0,0.0,0.0,0.0,0.0,0.0,0.0,0.0,0.0,0.0,0.0,0.0,0.0,0.0,0.0,0.0,0.0,0.0,0.0,0.0,0.0,0.0,0.0,0.0,0.0,0.000849721,0.003641661,0.0,0.0,0.0,0.000242777,0.0,0.0,0.0,0.0,0.0,0.0,0.0,0.0,0.0,0.0,0.0,0.0,0.0,0.0,0.0,0.000849721,0.000242777,0.000728332,0.0,0.0,0.0,0.0,0.0,0.0,0.0,0.0,0.000121389,0.0,0.0,0.0,0.0,0.0,0.000485555,0.0,0.0,0.0,0.0,0.0,0.0,0.0,0.0,0.0,0.0,0.001699442,0.000971109,0.0,0.0,0.0,0.0,0.0,0.0,0.0,0.0,0.0,0.0,0.0,0.0,0.0,0.0,0.000121389,0.0,0.0,0.0,0.0,0.0,0.0,0.0,0.0,0.0,0.000242777,0.000121389,0.0,0.0,0.072833212,0.0,0.0,0.0,0.0,0.0,0.0,0.0,0.0,0.0,0.0,0.0,0.0,0.0,0.0,0.0,0.0,0.001456664,0.0,0.0,0.0,0.0,0.0,0.000242777,0.0,0.0,0.000364166,0.0,0.0,0.0,0.0,0.0,0.0,0.0,0.0,0.0,0.0,0.0,0.0,0.037144938,0.000121389,0.0,0.0,0.000849721,0.0,0.0,0.0,0.0,0.0,0.0,0.0,0.0,0.0,0.0,0.0,0.0,0.0,0.0,0.0,0.0,0.0,0.0,0.0,0.028890507,0.0,0.005705268,0.0,0.0,0.0,0.000242777,0.0,0.000728332,0.0,0.003641661,0.0,0.0,0.0,0.000364166,0.0,0.000242777,0.0,0.000606943,0.0,0.0,0.000364166,0.0,0.007768876,0.0,0.0,0.0,0.0,0.0,0.0,0.0,0.000121389,0.000364166,0.0,0.000849721,0.0,0.0,0.0,0.0,0.000849721,0.0,0.0,0.004491381,0.0,0.0,0.0,0.000242777,0.0,0.0,0.0,0.0,0.0,0.0,0.0,0.0,0.0,0.0,0.0,0.0,0.0,0.0,0.0,0.0,0.0,0.0,0.0,0.000121389,0.0,0.0,0.0,0.0,0.0,0.0,0.0,0.0,0.0,0.0,0.0,0.0,0.0,0.0,0.0,0.0,0.0,0.0,0.0,0.0,0.0,0.0,0.0,0.0,0.000606943,0.0,0.0,0.0,0.0,0.0,0.0,0.0,0.0,0.0,0.0,0.0,0.0,0.000242777,0.0,0.0,0.0,0.0,0.0,0.0,0.0,0.0,0.0,0.0,0.0,0.0,0.0,0.0,0.0,0.0,0.0,0.0,0.0,0.0,0.000485555,0.0,0.0,0.0,0.000121389,0.002913328,0.0,0.0,0.0,0.003641661,0.0,0.0,0.0,0.0,0.000971109,0.0,0.0,0.0,0.0,0.0,0.000121389,0.0,0.0,0.0,0.000121389,0.0,0.000121389,0.0,0.0,0.0,0.0,0.0,0.0,0.0,0.0,0.0,0.0,0.0,0.0,0.0,0.0,0.0,0.0,0.000242777,0.0,0.0,0.0,0.0,0.0,0.0,0.0,0.0,0.0,0.0,0.004127215,0.0,0.000364166,0.0,0.0,0.0,0.0,0.0,0.0,0.0,0.0,0.0,0.0,0.0,0.0,0.0,0.0,0.0,0.0,0.0,0.0,0.0,0.0,0.0,0.0,0.017115805,0.053168245,0.0,0.0,0.0,0.0,0.0,0.0,0.0,0.0,0.0,0.0,0.0,0.0,0.0,0.0,0.0,0.0,0.0,0.0,0.0,0.0,0.41587764,0.0,0.0,0.10075261,0.0,0.0,0.0,0.0,0.0,0.0,0.0,0.0,0.059723234,0.0,0.0,0.0,0.0,0.0,0.0,0.0,0.0,0.0,0.0,0.0,0.0,0.0,0.0,0.0,0.0,0.0,0.0,0.0,0.0,0.0,0.0,0.001092498,0.0,0.0,0.01480942,0.0,0.0,0.0,0.0,0.0,0.0,0.0,0.0,0.0,0.0,0.000121389,0.0,0.0,0.0,0.0,0.0,0.000971109,0.0,0.000485555,0.000485555,0.0,0.0,0.0,0.0,0.0,0.0,0.0,0.000242777,0.0,0.000606943,0.000121389,0.0,0.0,0.0,0.0,0.0,0.0,0.0,0.0,0.0,0.0,0.0,0.0,0.0,0.0,0.0,0.0,0.0,0.0,0.0,0.0,0.0,0.0,0.0,0.0,0.0,0.0,0.001942219,0.0,0.0,0.0,0.000242777,0.0,0.0,0.001942219,0.0,0.0,0.0,0.0,0.000606943,0.000849721,0.0,0.0,0.0,0.004855547,0.0,0.001092498,0.0,0.0,0.0,0.0,0.0,0.0,0.0,0.0,0.0,0.0,0.0,0.0,0.0,0.012503035,0.0,0.000242777,0.0,0.0,0.0,0.0,0.0,0.0,0.0,0.0,0.0
13,0.0,0.0,0.0,0.0,0.0,0.0,0.002671524,0.0,0.0,0.0,0.018214936,0.002185792,0.000485732,0.002185792,0.0,0.000364299,0.0,0.0,0.0,0.000607165,0.0,0.0,0.0,0.0,0.0,0.0,0.00291439,0.000728597,0.0,0.0,0.0,0.0,0.0,0.000121433,0.0,0.0,0.000728597,0.0,0.0,0.0,0.0,0.0,0.0,0.0,0.0,0.0,0.0,0.0,0.0,0.0,0.0,0.0,0.0,0.0,0.0,0.0,0.0,0.0,0.0,0.001942927,0.0,0.0,0.0,0.0,0.0,0.0,0.0,0.0,0.0,0.0,0.0,0.00085003,0.0,0.0,0.0,0.000485732,0.0,0.0,0.000728597,0.0,0.002428658,0.0,0.059259259,0.0,0.0,0.0,0.0,0.001821494,0.0,0.0,0.0,0.0,0.0,0.0,0.0,0.0,0.0,0.000485732,0.0,0.0,0.0,0.0,0.0,0.0,0.000242866,0.000364299,0.0,0.000121433,0.0,0.0,0.0,0.0,0.0,0.000728597,0.0,0.000485732,0.0,0.0,0.0,0.0,0.0,0.001214329,0.000485732,0.009350334,0.0,0.0,0.0,0.0,0.0,0.000607165,0.0,0.000242866,0.0,0.0,0.0,0.0,0.0,0.0,0.0,0.002428658,0.0,0.0,0.0,0.001700061,0.002671524,0.0,0.0,0.0,0.000242866,0.002064359,0.002307225,0.0,0.0,0.000121433,0.0,0.0,0.000121433,0.0,0.0,0.0,0.0,0.0,0.000121433,0.0,0.002064359,0.0,0.000242866,0.0,0.0,0.0,0.0,0.0,0.0,0.0,0.0,0.0,0.0,0.0,0.0,0.0,0.0,0.0,0.0,0.0,0.0,0.0,0.0,0.0,0.0,0.0,0.0,0.0,0.0,0.0,0.0,0.0,0.0,0.0,0.004128719,0.0,0.0,0.0,0.000121433,0.0,0.0,0.0,0.0,0.0,0.0,0.0,0.0,0.000485732,0.0,0.0,0.0,0.0,0.0,0.0,0.0,0.000364299,0.0,0.0,0.0,0.0,0.0,0.000242866,0.0,0.000242866,0.0,0.0,0.0,0.0,0.0,0.0,0.0,0.0,0.0,0.0,0.000121433,0.0,0.0,0.0,0.0,0.0,0.0,0.0,0.0,0.0,0.0,0.0,0.0,0.0,0.0,0.0,0.0,0.0,0.0,0.0,0.000607165,0.000728597,0.003642987,0.0,0.0,0.0,0.0,0.0,0.0,0.0,0.0,0.0,0.0,0.0,0.000364299,0.0,0.0,0.0,0.0,0.0,0.001214329,0.0,0.007407407,0.0,0.0,0.0,0.0,0.0,0.001214329,0.000242866,0.0,0.0,0.0,0.0,0.0,0.0,0.0,0.0,0.0,0.0,0.0,0.0,0.0,0.0,0.0,0.0,0.0,0.0,0.0,0.0,0.0,0.0,0.0,0.0,0.000364299,0.001578628,0.0,0.0,0.013843352,0.000364299,0.0,0.0,0.0,0.0,0.0,0.0,0.0,0.0,0.0,0.0,0.0,0.0,0.0,0.0,0.0,0.0,0.0,0.0,0.0,0.0,0.0,0.000485732,0.0,0.0,0.0,0.0,0.0,0.0,0.0,0.0,0.0,0.0,0.0,0.0,0.0,0.0,0.0,0.0,0.0,0.0,0.0,0.0,0.0,0.0,0.0,0.0,0.000364299,0.0,0.0,0.0,0.0,0.0,0.0,0.0,0.0,0.0,0.0,0.000121433,0.0,0.0,0.0,0.0,0.0,0.000728597,0.0,0.0,0.0,0.0,0.0,0.000485732,0.0,0.004250152,0.0,0.0,0.0,0.0,0.0,0.0,0.0,0.0,0.0,0.0,0.0,0.0,0.046630237,0.0,0.0,0.0,0.000121433,0.0,0.0,0.0,0.0,0.0,0.0,0.0,0.0,0.0,0.0,0.000121433,0.0,0.0,0.0,0.002185792,0.0,0.0,0.0,0.0,0.000242866,0.0,0.0,0.0,0.0,0.0,0.0,0.0,0.0,0.0,0.0,0.0,0.0,0.0,0.0,0.0,0.0,0.0,0.003157256,0.0,0.0,0.0,0.0,0.0,0.0,0.0,0.0,0.0,0.0,0.0,0.0,0.0,0.0,0.0,0.0,0.0,0.0,0.0,0.0,0.0,0.0,0.0,0.006314511,0.0,0.0,0.0,0.0,0.000121433,0.0,0.0,0.000121433,0.0,0.0,0.0,0.0,0.0,0.0,0.0,0.0,0.0,0.021129326,0.0,0.0,0.0,0.0,0.000728597,0.0,0.0,0.0,0.0,0.0,0.0,0.0,0.000364299,0.0,0.0,0.0,0.0,0.0,0.000121433,0.002185792,0.0,0.0,0.016150577,0.0,0.0,0.0,0.002185792,0.006557377,0.001700061,0.0,0.0,0.000485732,0.004614451,0.0,0.0,0.0,0.0,0.000728597,0.0,0.0,0.0,0.000364299,0.0,0.0,0.0,0.0,0.0,0.0,0.000364299,0.000364299,0.001214329,0.001335762,0.0,0.0,0.0,0.0,0.0,0.0,0.000121433,0.0,0.0,0.0,0.0,0.0,0.0,0.0,0.0,0.0,0.0,0.0,0.0,0.001821494,0.0,0.0,0.0,0.0,0.0,0.000242866,0.0,0.0,0.0,0.0,0.0,0.0,0.0,0.0,0.0,0.0,0.0,0.0,0.0,0.0,0.0,0.0,0.0,0.0,0.0,0.0,0.0,0.0,0.0,0.0,0.0,0.0,0.0,0.0,0.0,0.059866424,0.0,0.0,0.0,0.0,0.0,0.0,0.0,0.0,0.0,0.0,0.482817243,0.0,0.079781421,0.005100182,0.0,0.0,0.0,0.0,0.0,0.0,0.0,0.0,0.026958106,0.0,0.000364299,0.012264724,0.0,0.006314511,0.0,0.0,0.0,0.0,0.011900425,0.0,0.0,0.0,0.0,0.0,0.0,0.0,0.0,0.0,0.0,0.0,0.0,0.000121433,0.0,0.0,0.010078931,0.001214329,0.0,0.0,0.0,0.0,0.0,0.000121433,0.0,0.0,0.0,0.0,0.0,0.0,0.0,0.0,0.0,0.000364299,0.000364299,0.000607165,0.0,0.0,0.0,0.000121433,0.001578628,0.0,0.0,0.0,0.000607165,0.0,0.000121433,0.0,0.0,0.0,0.0,0.0,0.0,0.0,0.0,0.0,0.0,0.0,0.0,0.0,0.0,0.0,0.0,0.0,0.0,0.0,0.0,0.0,0.0,0.000242866,0.0,0.0,0.0,0.0,0.0,0.0,0.0,0.0,0.000121433,0.0,0.0,0.003885853,0.0,0.0,0.0,0.0,0.0,0.0,0.0,0.001578628,0.0,0.0,0.0,0.0,0.0,0.0,0.000364299,0.0,0.0,0.0,0.0,0.0,0.0,0.0,0.0,0.0,0.0,0.000485732,0.0,0.0,0.0,0.0,0.0,0.0,0.0,0.0,0.0,0.0,0.0
14,0.0,0.0,0.0,0.0,0.0,0.0,0.0,0.0,0.0,0.0,0.009711095,0.0,0.0,0.0,0.0,0.0,0.044064093,0.0,0.0,0.0,0.0,0.0,0.0,0.0,0.0,0.0,0.0,0.001092498,0.0,0.0,0.0,0.0,0.000606943,0.0,0.0,0.0,0.0,0.000485555,0.0,0.0,0.0,0.0,0.0,0.0,0.0,0.0,0.0,0.0,0.0,0.0,0.0,0.000971109,0.0,0.0,0.0,0.000121389,0.0,0.0,0.0,0.007768876,0.000606943,0.0,0.0,0.0,0.0,0.0,0.0,0.002306385,0.0,0.0,0.0,0.0,0.0,0.0,0.0,0.000485555,0.0,0.0,0.000242777,0.0,0.000849721,0.0,0.0,0.0,0.0,0.0,0.0,0.0,0.0,0.0,0.0,0.0,0.0,0.0,0.0,0.0,0.0,0.005341102,0.0,0.0,0.0,0.0,0.0,0.0,0.0,0.0,0.0,0.000364166,0.0,0.0,0.0,0.0,0.0,0.000121389,0.0,0.0,0.0,0.0,0.0,0.0,0.0,0.0,0.020150522,0.0,0.0,0.0,0.000364166,0.0,0.0,0.003034717,0.0,0.0,0.0,0.0,0.0,0.000485555,0.0,0.0,0.005219714,0.0,0.0,0.0,0.0,0.0,0.073561544,0.00740471,0.0,0.004127215,0.001092498,0.02306385,0.070405438,0.0,0.0,0.0,0.0,0.0,0.0,0.0,0.0,0.0,0.0,0.0,0.000971109,0.0,0.002184996,0.0,0.000849721,0.0,0.0,0.0,0.0,0.0,0.0,0.0,0.000121389,0.000606943,0.0,0.0,0.0,0.0,0.0,0.0,0.0,0.0,0.0,0.0,0.0,0.000364166,0.0,0.0,0.0,0.0,0.0,0.0,0.0,0.0,0.0,0.0,0.0,0.0,0.0,0.0,0.001578053,0.0,0.0,0.0,0.0,0.0,0.0,0.0,0.0,0.000121389,0.0,0.0,0.0,0.0,0.0,0.0,0.0,0.0,0.0,0.0,0.0,0.0,0.0,0.0,0.0,0.0,0.0,0.0,0.0,0.0,0.0,0.0,0.0,0.0,0.0,0.000242777,0.0,0.0,0.0,0.0,0.000606943,0.0,0.000971109,0.0,0.0,0.0,0.000121389,0.0,0.0,0.0,0.0,0.0,0.0,0.0,0.0,0.0,0.00279194,0.000728332,0.0,0.0,0.0,0.0,0.0,0.0,0.0,0.0,0.0,0.0,0.0,0.0,0.0,0.0,0.0,0.0,0.0,0.0,0.0,0.0,0.0,0.0,0.0,0.0,0.0,0.0,0.000242777,0.000364166,0.0,0.0,0.0,0.0,0.0,0.0,0.0,0.0,0.0,0.0,0.0,0.0,0.0,0.0,0.0,0.0,0.0,0.0,0.0,0.0,0.0,0.0,0.0,0.0,0.0,0.011531925,0.0,0.0,0.132556446,0.0,0.0,0.0,0.0,0.0,0.0,0.0,0.0,0.0,0.0,0.0,0.0,0.0,0.0,0.0,0.0,0.0,0.0,0.0,0.0,0.0,0.0,0.0,0.0,0.0,0.0,0.0,0.0,0.0,0.0,0.0,0.0,0.0,0.0,0.0,0.0,0.0,0.000364166,0.042121874,0.0,0.0,0.0,0.0,0.0,0.0,0.0,0.0,0.0,0.0,0.0,0.0,0.0,0.0,0.0,0.0,0.0,0.0,0.0,0.0,0.0,0.0,0.0,0.0,0.0,0.001213887,0.0,0.0,0.0,0.000121389,0.0,0.000606943,0.0,0.011531925,0.0,0.0,0.0,0.0,0.0,0.0,0.0,0.000364166,0.0,0.0,0.0,0.0,0.027798009,0.0,0.0,0.0,0.0,0.0,0.0,0.002306385,0.000849721,0.0,0.019664967,0.001456664,0.0,0.0,0.0,0.0,0.00182083,0.0,0.0,0.025734402,0.0,0.0,0.0,0.0,0.0,0.0,0.0,0.0,0.0,0.0,0.0,0.0,0.0,0.0,0.0,0.0,0.0,0.0,0.0,0.0,0.0,0.0,0.0,0.0,0.0,0.0,0.0,0.0,0.0,0.0,0.0,0.0,0.0,0.0,0.0,0.0,0.0,0.0,0.000364166,0.0,0.0,0.0,0.0,0.0,0.0,0.0,0.0,0.0,0.0,0.0,0.0,0.0,0.0,0.0,0.0,0.0,0.0,0.000121389,0.0,0.0,0.0,0.0,0.0,0.009953872,0.0,0.0,0.0,0.000606943,0.0,0.001092498,0.0,0.0,0.0,0.0,0.0,0.000242777,0.0,0.0,0.0,0.0,0.0,0.0,0.0,0.0,0.002306385,0.0,0.0,0.003277495,0.0,0.0,0.0,0.0,0.0,0.000121389,0.0,0.0,0.011896091,0.002306385,0.0,0.0,0.0,0.0,0.000242777,0.0,0.0,0.0,0.0,0.0,0.0,0.0,0.0,0.0,0.0,0.0,0.0,0.0,0.0,0.0,0.0,0.0,0.0,0.0,0.0,0.0,0.0,0.0,0.0,0.0,0.0,0.0,0.0,0.0,0.0,0.0,0.0,0.002427774,0.002913328,0.0,0.003641661,0.02124302,0.0,0.0,0.0,0.0,0.0,0.0,0.000121389,0.0,0.0,0.0,0.0,0.0,0.0,0.0,0.0,0.0,0.0,0.0,0.0,0.0,0.0,0.0,0.0,0.0,0.004734159,0.0,0.0,0.0,0.0,0.0,0.0,0.0,0.130614227,0.0,0.0,0.0,0.0,0.0,0.0,0.0,0.0,0.0,0.0,0.0,0.0,0.0,0.0,0.0,0.0,0.0,0.0,0.0,0.0,0.0,0.0,0.124544792,0.0,0.0,0.0,0.0,0.0,0.0,0.0,0.0,0.0,0.0,0.0,0.0,0.0,0.0,0.0,0.0,0.0,0.0,0.0,0.0,0.0,0.0,0.001578053,0.0,0.000242777,0.003763049,0.000971109,0.000485555,0.0,0.0,0.0,0.0,0.000485555,0.0,0.0,0.0,0.0,0.0,0.0,0.0,0.0,0.000121389,0.0,0.0,0.0,0.000121389,0.0,0.0,0.0,0.0,0.0,0.0,0.0,0.0,0.0,0.021364409,0.000364166,0.0,0.0,0.0,0.0,0.0,0.0,0.0,0.0,0.0,0.0,0.0,0.0,0.0,0.0,0.0,0.0,0.0,0.0,0.0,0.0,0.0,0.0,0.0,0.0,0.0,0.0,0.006069434,0.0,0.0,0.0,0.007890265,0.0,0.0,0.003277495,0.0,0.0,0.0,0.0,0.0,0.003520272,0.0,0.0,0.0,0.0,0.0,0.0,0.0,0.000242777,0.000364166,0.0,0.0,0.0,0.0,0.0,0.0,0.0,0.0,0.0,0.0,0.040786599,0.0,0.008618597,0.0,0.0,0.0,0.0,0.0,0.0,0.0,0.0,0.0
15,0.0,0.0,0.0,0.0,0.0,0.000121433,0.0,0.0,0.0,0.0,0.027929569,0.004493018,0.007285974,0.006193078,0.0,0.0,0.016150577,0.0,0.0,0.000364299,0.0,0.0,0.019914997,0.002064359,0.0,0.0,0.0,0.000242866,0.000485732,0.0,0.000607165,0.0,0.0,0.0,0.0,0.0,0.001700061,0.0,0.0,0.0,0.0,0.0,0.0,0.0,0.0,0.0,0.0,0.0,0.0,0.0,0.0,0.0,0.0,0.0,0.0,0.0,0.0,0.0,0.0,0.006557377,0.0,0.0,0.0,0.0,0.0,0.0,0.0,0.00291439,0.0,0.0,0.0,0.0,0.0,0.0,0.0,0.0,0.0,0.0,0.0,0.0,0.000485732,0.0,0.0,0.0,0.0,0.0,0.0,0.014814815,0.0,0.0,0.0,0.0,0.000364299,0.0,0.0,0.0,0.0,0.0,0.0,0.0,0.0,0.0,0.0,0.0,0.000607165,0.0,0.0,0.0,0.0,0.0,0.0,0.0,0.0,0.0,0.0,0.0,0.0,0.0,0.0,0.0,0.0,0.0,0.015907711,0.0,0.0,0.0,0.0,0.0,0.0,0.001457195,0.0,0.0,0.0,0.0,0.0,0.0,0.0,0.0,0.0,0.0,0.0,0.0,0.000364299,0.010686096,0.039829994,0.0,0.0,0.001092896,0.004735883,0.004857316,0.016514876,0.001942927,0.0,0.0,0.0,0.0,0.000485732,0.0,0.0,0.0,0.0,0.000121433,0.000364299,0.0,0.001457195,0.0,0.000242866,0.0,0.0,0.0,0.0,0.0,0.0,0.0,0.000242866,0.0,0.0,0.0,0.0,0.0,0.0,0.000242866,0.0,0.0,0.0,0.0,0.0,0.0,0.0,0.0,0.0,0.0,0.0,0.0,0.0,0.0,0.0,0.0,0.001700061,0.0,0.0,0.0,0.0,0.0,0.0,0.0,0.0,0.000121433,0.0,0.0,0.0,0.000364299,0.0,0.0,0.000121433,0.0,0.0,0.008743169,0.0,0.019307832,0.0,0.0,0.0,0.0,0.0,0.0,0.0,0.0,0.0,0.0,0.0,0.0,0.0,0.0,0.0,0.0,0.0,0.0,0.001335762,0.0,0.0,0.0,0.0,0.0,0.0,0.0,0.0,0.0,0.000242866,0.0,0.000607165,0.0,0.0,0.0,0.0,0.0,0.0,0.0,0.000728597,0.000121433,0.0,0.0,0.0,0.0,0.0,0.0,0.0,0.0,0.0,0.0,0.0,0.0,0.0,0.0,0.0,0.0,0.0,0.0,0.0,0.0,0.0,0.0,0.0,0.0,0.0,0.0,0.000242866,0.000121433,0.0,0.0,0.0,0.0,0.0,0.0,0.0,0.0,0.0,0.0,0.000607165,0.0,0.011778992,0.0,0.0,0.0,0.0,0.0,0.0,0.0,0.0,0.0,0.0,0.0,0.0,0.008378871,0.0,0.0,0.009350334,0.0,0.0,0.0,0.0,0.0,0.0,0.0,0.0,0.0,0.0,0.0,0.0,0.0,0.0,0.0,0.0,0.0,0.0,0.0,0.0,0.0,0.0,0.000364299,0.0,0.0,0.0,0.0,0.0,0.0,0.0,0.0,0.0,0.0,0.0,0.0,0.0,0.0,0.0,0.000728597,0.0,0.0,0.0,0.0,0.0,0.0,0.0,0.0,0.0,0.0,0.0,0.0,0.000485732,0.0,0.0,0.0,0.0,0.0,0.0,0.0,0.0,0.0,0.0,0.000364299,0.0,0.000728597,0.0,0.0,0.0,0.000485732,0.0,0.0,0.0,0.006800243,0.0,0.0,0.0,0.000242866,0.0,0.0,0.0,0.0,0.0,0.0,0.0,0.0,0.022222222,0.0,0.0,0.0,0.0,0.0,0.0,0.0,0.0,0.0,0.0,0.000121433,0.0,0.0,0.0,0.0,0.000485732,0.000121433,0.0,0.003035823,0.0,0.000121433,0.0,0.0,0.0,0.0,0.0,0.0,0.0,0.0,0.0,0.0,0.0,0.000121433,0.0,0.0,0.0,0.0,0.0,0.0,0.0,0.0,0.0,0.0,0.0,0.0,0.0,0.0,0.0,0.0,0.0,0.0,0.0,0.0,0.0,0.0,0.0,0.0,0.0,0.0,0.0,0.0,0.0,0.001578628,0.0,0.0,0.0,0.0,0.0,0.0,0.0,0.0,0.0,0.0,0.0,0.0,0.0,0.0,0.0,0.0,0.0,0.0,0.0,0.0,0.0,0.0,0.0,0.0,0.0,0.000971463,0.0,0.0,0.0,0.0,0.0,0.001457195,0.0,0.000121433,0.0,0.0,0.0,0.0,0.001092896,0.0,0.000242866,0.0,0.0,0.009471767,0.0,0.0,0.0,0.006071645,0.000728597,0.000728597,0.0,0.0,0.002307225,0.0,0.0,0.0,0.0,0.0,0.000242866,0.0,0.0,0.0,0.0,0.0,0.0,0.0,0.0,0.0,0.0,0.0,0.0,0.0,0.0,0.0,0.0,0.0,0.0,0.0,0.0,0.0,0.0,0.0,0.0,0.0,0.0,0.0,0.0,0.0,0.0,0.0,0.0,0.0,0.017850638,0.0,0.0,0.0,0.0,0.0,0.0,0.0,0.0,0.0,0.0,0.0,0.0,0.0,0.0,0.0,0.0,0.0,0.0,0.0,0.0,0.0,0.0,0.0,0.0,0.045051609,0.010686096,0.0,0.0,0.0,0.0,0.0,0.0,0.0,0.0,0.0,0.001214329,0.0,0.0,0.0,0.0,0.004371585,0.0,0.0,0.0,0.0,0.0,0.525804493,0.0,0.0,0.0,0.0,0.0,0.0,0.0,0.0,0.0,0.0,0.0,0.0,0.0,0.0,0.0,0.0,0.004371585,0.0,0.0,0.0,0.0,0.0,0.0,0.0,0.0,0.0,0.0,0.0,0.003521554,0.0,0.0,0.0,0.001457195,0.0,0.000242866,0.0,0.0,0.008500304,0.001578628,0.0,0.0,0.0,0.0,0.0,0.004128719,0.0,0.0,0.0,0.0,0.0,0.0,0.0,0.0,0.0,0.000364299,0.0,0.003521554,0.000607165,0.0,0.000121433,0.0,0.0,0.0,0.0,0.0,0.004371585,0.0,0.007650273,0.001092896,0.0,0.0,0.0,0.0,0.0,0.0,0.0,0.0,0.0,0.0,0.0,0.0,0.0,0.0,0.0,0.0,0.0,0.0,0.0,0.0,0.0,0.0,0.0,0.0,0.0,0.0,0.000242866,0.0,0.0,0.0,0.0,0.0,0.0,0.009350334,0.0,0.0,0.0,0.0,0.001092896,0.0,0.0,0.0,0.0,0.0,0.0,0.002428658,0.0,0.000121433,0.000242866,0.0,0.000242866,0.0,0.0,0.0,0.0,0.0,0.0,0.0,0.0,0.000607165,0.0,0.0,0.0,0.0,0.0,0.0,0.0,0.0,0.0,0.0,0.0
16,0.0,0.0,0.0,0.0,0.0,0.0,0.0,0.0,0.0,0.0,0.000849721,0.0,0.0,0.0,0.0,0.0,0.04709881,0.0,0.0,0.0,0.0,0.0,0.0,0.0,0.0,0.0,0.004127215,0.0,0.0,0.0,0.0,0.0,0.0,0.0,0.0,0.0,0.001335276,0.0,0.0,0.0,0.0,0.0,0.0,0.0,0.0,0.0,0.0,0.0,0.0,0.0,0.0,0.0,0.0,0.0,0.0,0.0,0.0,0.0,0.0,0.000242777,0.0,0.0,0.0,0.0,0.0,0.0,0.0,0.0,0.0,0.0,0.0,0.063364894,0.0,0.0,0.0,0.0,0.0,0.0,0.0,0.0,0.022942462,0.004005827,0.0,0.0,0.0,0.0,0.0,0.0,0.0,0.0,0.0,0.0,0.0,0.0,0.0,0.0,0.0,0.000728332,0.0,0.0,0.0,0.0,0.0,0.0,0.0,0.0,0.000121389,0.000485555,0.0,0.0,0.0,0.0,0.0,0.0,0.0,0.0,0.0,0.0,0.0,0.0,0.0,0.0,0.009589706,0.0,0.0,0.0,0.005826657,0.0,0.0,0.0,0.0,0.0,0.0,0.0,0.0,0.0,0.0,0.0,0.0,0.0,0.0,0.0,0.0,0.020393299,0.000242777,0.0,0.0,0.0,0.048676863,0.131949502,0.32350085,0.0,0.0,0.0,0.0,0.0,0.000364166,0.0,0.0,0.0,0.0,0.0,0.0,0.0,0.008497208,0.0,0.0,0.0,0.0,0.0,0.0,0.0,0.0,0.0,0.0,0.000485555,0.0,0.002549162,0.0,0.0,0.0,0.0,0.0,0.0,0.0,0.0,0.0,0.0,0.0,0.0,0.0,0.0,0.0,0.0,0.0,0.0,0.0,0.0,0.0,0.0,0.0,0.0,0.0,0.0,0.0,0.0,0.0,0.0,0.0,0.0,0.0,0.000121389,0.0,0.0,0.0,0.0,0.0,0.0,0.0,0.0,0.0,0.0,0.0,0.0,0.0,0.0,0.0,0.0,0.0,0.0,0.0,0.0,0.0,0.0,0.0,0.0,0.0,0.0,0.000121389,0.0,0.0,0.0,0.0,0.0,0.0,0.0,0.0,0.0,0.0,0.0,0.0,0.0,0.0,0.0,0.000242777,0.0,0.0,0.0,0.001456664,0.000242777,0.0,0.0,0.0,0.0,0.0,0.0,0.0,0.0,0.0,0.0,0.0,0.0,0.0,0.0,0.0,0.0,0.0,0.0,0.0,0.0,0.0,0.0,0.0,0.0,0.0,0.0,0.000121389,0.0,0.0,0.0,0.0,0.0,0.0,0.0,0.0,0.0,0.0,0.0,0.001699442,0.0,0.0,0.0,0.0,0.0,0.0,0.0,0.0,0.0,0.0,0.0,0.0,0.0,0.001213887,0.019300801,0.0,0.0,0.074289876,0.003034717,0.0,0.0,0.0,0.0,0.0,0.0,0.0,0.0,0.0,0.0,0.0,0.000364166,0.000728332,0.0,0.0,0.0,0.0,0.0,0.0,0.0,0.0,0.000364166,0.0,0.0,0.0,0.0,0.0,0.0,0.0,0.0,0.0,0.0,0.0,0.0,0.0,0.0,0.0,0.0,0.0,0.0,0.0,0.0,0.001335276,0.0,0.0,0.0,0.0,0.002063608,0.0,0.0,0.0,0.0,0.0,0.0,0.0,0.0,0.0,0.0,0.0,0.0,0.0,0.002184996,0.0,0.002427774,0.0,0.0,0.0,0.000364166,0.0,0.006069434,0.0,0.009953872,0.0,0.001578053,0.0,0.0,0.0,0.0,0.0,0.000364166,0.0,0.0,0.000364166,0.0,0.005462491,0.0,0.0,0.0,0.0,0.000606943,0.0,0.0,0.000364166,0.0,0.000485555,0.00182083,0.0,0.0,0.001335276,0.0,0.005826657,0.0,0.0,0.01663025,0.0,0.000606943,0.0,0.0,0.0,0.0,0.0,0.0,0.0,0.0,0.0,0.0,0.0,0.0,0.0,0.0,0.0,0.0,0.0,0.0,0.0,0.0,0.0,0.000121389,0.0,0.0,0.0,0.0,0.0,0.0,0.0,0.0,0.0,0.0,0.0,0.0,0.0,0.0,0.0,0.0,0.0,0.0,0.0,0.0,0.0,0.0,0.0,0.0,0.0,0.0,0.0,0.0,0.0,0.0,0.0,0.0,0.0,0.000242777,0.0,0.0,0.0,0.000728332,0.0,0.0,0.0,0.0,0.0,0.0,0.0,0.012381646,0.0,0.0,0.0,0.0,0.0,0.000485555,0.0,0.0,0.0,0.0,0.0,0.0,0.004127215,0.0,0.000485555,0.0,0.0,0.027919398,0.0,0.0,0.0,0.037509104,0.002427774,0.000364166,0.0,0.001092498,0.003156106,0.003398883,0.0,0.0,0.0,0.0,0.001092498,0.0,0.0,0.0,0.0,0.0,0.0,0.0,0.0,0.001335276,0.0,0.000242777,0.0,0.0,0.0,0.0,0.0,0.0,0.0,0.0,0.0,0.0,0.0,0.0,0.0,0.0,0.0,0.0,0.0,0.0,0.0,0.000121389,0.0,0.0,0.0,0.0,0.0,0.0,0.0,0.0,0.0,0.0,0.0,0.0,0.0,0.0,0.0,0.0,0.0,0.0,0.0,0.0,0.0,0.0,0.0,0.0,0.0,0.0,0.0,0.0,0.0,0.0,0.023549405,0.0,0.0,0.0,0.0,0.0,0.0,0.0,0.0,0.0,0.0,0.0,0.0,0.0,0.0,0.0,0.0,0.0,0.0,0.0,0.0,0.0,0.0,0.0,0.0,0.0,0.0,0.0,0.0,0.0,0.0,0.0,0.0,0.0,0.0,0.0,0.0,0.0,0.0,0.0,0.0,0.0,0.0,0.0,0.0,0.0,0.0,0.0,0.0,0.0,0.0,0.0,0.0,0.0,0.0,0.0,0.0,0.004369993,0.0,0.0,0.0,0.0,0.0,0.0,0.0,0.0,0.0,0.0,0.000121389,0.0,0.000364166,0.0,0.0,0.000364166,0.0,0.0,0.006676378,0.0,0.0,0.0,0.0,0.0,0.0,0.0,0.0,0.0,0.0,0.001578053,0.0,0.0,0.0,0.0,0.0,0.0,0.0,0.0,0.0,0.0,0.0,0.0,0.0,0.0,0.0,0.0,0.0,0.0,0.0,0.0,0.0,0.0,0.0,0.0,0.0,0.0,0.0,0.0,0.0,0.0,0.0,0.0,0.0,0.0,0.00182083,0.0,0.0,0.0,0.0,0.0,0.0,0.0,0.0,0.0,0.0,0.0,0.0,0.0,0.0,0.0,0.0,0.0,0.0,0.0,0.0,0.0,0.0,0.0,0.0,0.000242777,0.003156106,0.0,0.0,0.0,0.0,0.0,0.0,0.0,0.0,0.0,0.0,0.0
17,0.0,0.0,0.0,0.0,0.0,0.0,0.00085034,0.0,0.0,0.0,0.032677357,0.0,0.0,0.000121477,0.0,0.004616132,0.008867833,0.0,0.0,0.002429543,0.0,0.0,0.0,0.0,0.0,0.0,0.000121477,0.0,0.0,0.0,0.0,0.000485909,0.0,0.000242954,0.0,0.000121477,0.001336249,0.0,0.0,0.0,0.0,0.0,0.0,0.0,0.0,0.0,0.0,0.0,0.0,0.0,0.0,0.0,0.0,0.0,0.0,0.0,0.0,0.0,0.0,0.002065112,0.000121477,0.0,0.0,0.0,0.0,0.0,0.0,0.001093294,0.0,0.0,0.0,0.003887269,0.0,0.0,0.0,0.001822157,0.003887269,0.0,0.002308066,0.0,0.003036929,0.0,0.0,0.0,0.0,0.0,0.0,0.025024295,0.0,0.0,0.0,0.0,0.0,0.0,0.0,0.0,0.0,0.000485909,0.0,0.0,0.0,0.0,0.000242954,0.0,0.000607386,0.000121477,0.0,0.0,0.0,0.0,0.0,0.0,0.0,0.008260447,0.0,0.0,0.000485909,0.0,0.0,0.0,0.0,0.0,0.012633625,0.0,0.0,0.0,0.0,0.0,0.000485909,0.011418853,0.0,0.0,0.0,0.0,0.0,0.0,0.0,0.0,0.014212828,0.003401361,0.0,0.0,0.000121477,0.000728863,0.023202138,0.003036929,0.0,0.003279883,0.034863946,0.070821186,0.068877551,0.000364431,0.000728863,0.0,0.0,0.0,0.0,0.0,0.0,0.000121477,0.0,0.0,0.000121477,0.0,0.000971817,0.0,0.00085034,0.000971817,0.0,0.0,0.0,0.0,0.0,0.0,0.0,0.000242954,0.0,0.0,0.0,0.000242954,0.0,0.002186589,0.0,0.0,0.0,0.0,0.0,0.0,0.0,0.0,0.0,0.0,0.0,0.0,0.0,0.0,0.0,0.0,0.0,0.0,0.000121477,0.0,0.0,0.0,0.0,0.0,0.0,0.0,0.0,0.0,0.0,0.0,0.0,0.0,0.0,0.0,0.0,0.0,0.0,0.015549077,0.001579203,0.0,0.0,0.0,0.0,0.000121477,0.0,0.0,0.0,0.0,0.0,0.0,0.0,0.0,0.0,0.0,0.0,0.0,0.000364431,0.0,0.0,0.0,0.000242954,0.0,0.0,0.0,0.0,0.0,0.0,0.0,0.0,0.0,0.0,0.0,0.000242954,0.0,0.0,0.0,0.000121477,0.0,0.0,0.009232264,0.0,0.0,0.0,0.0,0.0,0.0,0.0,0.000242954,0.0,0.0,0.000607386,0.0,0.0,0.0,0.0,0.0,0.0,0.0,0.0,0.0,0.0,0.0,0.0,0.0,0.000607386,0.000485909,0.0,0.0,0.0,0.000121477,0.0,0.0,0.0,0.0,0.0,0.0,0.000485909,0.0,0.000364431,0.0,0.000242954,0.0,0.0,0.0,0.0,0.0,0.0,0.0,0.0,0.0,0.001214772,0.358479106,0.0,0.0,0.018586006,0.000242954,0.0,0.0,0.0,0.0,0.0,0.0,0.0,0.0,0.0,0.000121477,0.0,0.000364431,0.0,0.0,0.0,0.0,0.0,0.0,0.0,0.000121477,0.0,0.0,0.0,0.0,0.0,0.0,0.0,0.0,0.0,0.0,0.0,0.0,0.0,0.0,0.0,0.0,0.0,0.000242954,0.0,0.0,0.0,0.001457726,0.000242954,0.000121477,0.0,0.0,0.000121477,0.0,0.0,0.0,0.0,0.0,0.0,0.0,0.0,0.0,0.0,0.0,0.0,0.0,0.0,0.002915452,0.0,0.0,0.0,0.0,0.0,0.0,0.0,0.0,0.0,0.000121477,0.0,0.0,0.0,0.000364431,0.0,0.000242954,0.0,0.0,0.0,0.0,0.00085034,0.0,0.007410107,0.0,0.0,0.0,0.000121477,0.0,0.0,0.0,0.0,0.000485909,0.001093294,0.0,0.0,0.0,0.000242954,0.0,0.0,0.0,0.0,0.00255102,0.0,0.0,0.0,0.0,0.0,0.0,0.0,0.0,0.0,0.0,0.0,0.0,0.0,0.0,0.0,0.0,0.0,0.0,0.0,0.0,0.0,0.0,0.0,0.0,0.0,0.0,0.0,0.0,0.0,0.0,0.0,0.0,0.0,0.0,0.0,0.0,0.0,0.0,0.0,0.0,0.0,0.0,0.0,0.0,0.0,0.0,0.0,0.0,0.0,0.0,0.0,0.0,0.0,0.0,0.001822157,0.0,0.0,0.0,0.0,0.0,0.000971817,0.0,0.0,0.0,0.0,0.0,0.0,0.0,0.0,0.006681244,0.0,0.0,0.0,0.0,0.0,0.0,0.0,0.0,0.0,0.0,0.0,0.0,0.0,0.0,0.000364431,0.0,0.0,0.008260447,0.0,0.0,0.0,0.006924198,0.000485909,0.0,0.0,0.0,0.000242954,0.000121477,0.00085034,0.0,0.000121477,0.0,0.00085034,0.0,0.0,0.0,0.0,0.000121477,0.0,0.0,0.0,0.0,0.0,0.000121477,0.002308066,0.0,0.000607386,0.0,0.0,0.0,0.0,0.0,0.0,0.0,0.0,0.0,0.0,0.0,0.0,0.0,0.0,0.0,0.0,0.0,0.0,0.002186589,0.027332362,0.0,0.004980564,0.0,0.0,0.0,0.0,0.0,0.0,0.0,0.0,0.0,0.0,0.0,0.0,0.0,0.0,0.0,0.0,0.0,0.0,0.0,0.0,0.0,0.0,0.012269193,0.010568513,0.0,0.0,0.0,0.0,0.0,0.0,0.0,0.0,0.0,0.003522838,0.012512148,0.0,0.0,0.0,0.0,0.0,0.0,0.0,0.0,0.0,0.072278912,0.0,0.0,0.0,0.0,0.0,0.0,0.0,0.0,0.0,0.0,0.0,0.003036929,0.0,0.0,0.0,0.0,0.0,0.0,0.0,0.0,0.0,0.0,0.0,0.0,0.000485909,0.0,0.0,0.000121477,0.0,0.0,0.0,0.0,0.0,0.0,0.000242954,0.0,0.0,0.000607386,0.0,0.0,0.0,0.000242954,0.0,0.0,0.000485909,0.0,0.0,0.0,0.000121477,0.0,0.0,0.0,0.0,0.000121477,0.000121477,0.000242954,0.000728863,0.0,0.0,0.0,0.0,0.0,0.0,0.000242954,0.0,0.0,0.0,0.001457726,0.000971817,0.0,0.0,0.0,0.0,0.0,0.0,0.0,0.0,0.0,0.0,0.0,0.0,0.0,0.0,0.0,0.0,0.0,0.0,0.0,0.0,0.0,0.0,0.0,0.0,0.0,0.0,0.000242954,0.0,0.0,0.0,0.000971817,0.0,0.0,0.005587949,0.0,0.0,0.0,0.0,0.0,0.000242954,0.0,0.0,0.0,0.0,0.0,0.0,0.0,0.00170068,0.015670554,0.0,0.0,0.0,0.0,0.0,0.0,0.0,0.0,0.0,0.0,0.002186589,0.0,0.0,0.0,0.0,0.0,0.0,0.0,0.0,0.0,0.0,0.0
18,0.031196892,0.000242777,0.0,0.0,0.0,0.0,0.0,0.0,0.0,0.0,0.0,0.0,0.0,0.0,0.0,0.0,0.0,0.0,0.0,0.000121389,0.0,0.0,0.0,0.0,0.0,0.0,0.000121389,0.0,0.0,0.0,0.0,0.0,0.0,0.000364166,0.0,0.0,0.007526099,0.0,0.0,0.0,0.0,0.0,0.0,0.0,0.0,0.0,0.0,0.008982763,0.001578053,0.0,0.0,0.0,0.0,0.0,0.0,0.0,0.0,0.0,0.0,0.0,0.0,0.0,0.0,0.0,0.0,0.0,0.0,0.0,0.0,0.000364166,0.0,0.0,0.0,0.0,0.0,0.0,0.0,0.0,0.0,0.0,0.0,0.0,0.0,0.0,0.0,0.0,0.0,0.0,0.0,0.0,0.0,0.0,0.0,0.0,0.0,0.0,0.000485555,0.001456664,0.0,0.0,0.0,0.0,0.0,0.0,0.0,0.0,0.0,0.0,0.0,0.0,0.0,0.0,0.0,0.0,0.0,0.0,0.0,0.000121389,0.0,0.0,0.0,0.0,0.002670551,0.0,0.0,0.0,0.005219714,0.0,0.0,0.0,0.020150522,0.0,0.0,0.0,0.0,0.0,0.0,0.0,0.0,0.0,0.0,0.0,0.0,0.011896091,0.0,0.0,0.0,0.0,0.022942462,0.076839039,0.055596018,0.0,0.0,0.0,0.0,0.0,0.0,0.0,0.0,0.0,0.0,0.0,0.0,0.0,0.002427774,0.0,0.001213887,0.000121389,0.0,0.0,0.0,0.0,0.0,0.0,0.0,0.001942219,0.0,0.001699442,0.0,0.0,0.002427774,0.0,0.0,0.0,0.0,0.0,0.0,0.0,0.0,0.0,0.0,0.0,0.0,0.0,0.0,0.0,0.0,0.0,0.0,0.0,0.0,0.0,0.0,0.0,0.0,0.0,0.0,0.0,0.0,0.0,0.0,0.0,0.0,0.0,0.0,0.0,0.0,0.0,0.0,0.015173586,0.0,0.0,0.0,0.0,0.0,0.0,0.0,0.0,0.0,0.0,0.0,0.0,0.0,0.0,0.0,0.0,0.0,0.0,0.0,0.0,0.0,0.0,0.002184996,0.0,0.0,0.0,0.0,0.0,0.0,0.0,0.0,0.0,0.0,0.0,0.0,0.0,0.0,0.0,0.001213887,0.0,0.0,0.0,0.0,0.0,0.0,0.0,0.0,0.0,0.0,0.0,0.0,0.0,0.0,0.0,0.0,0.0,0.0,0.0,0.0,0.0,0.0,0.0,0.0,0.0,0.0,0.0,0.000485555,0.000121389,0.0,0.0,0.0,0.0,0.0,0.0,0.0,0.0,0.0,0.0,0.000121389,0.0,0.0,0.0,0.0,0.0,0.0,0.0,0.0,0.0,0.0,0.0,0.0,0.0,0.008133042,0.05826657,0.0,0.0,0.111556203,0.0,0.0,0.0,0.0,0.0,0.0,0.0,0.0,0.0,0.0,0.0,0.0,0.000971109,0.0,0.0,0.0,0.0,0.0,0.0,0.0,0.0,0.0,0.004248604,0.0,0.0,0.0,0.0,0.0,0.001456664,0.0,0.0,0.0,0.0,0.0,0.0,0.0,0.0,0.000242777,0.0,0.0,0.0,0.0,0.0,0.0,0.0,0.0,0.0,0.0,0.000364166,0.0,0.0,0.0,0.0,0.0,0.0,0.0,0.0,0.0,0.0,0.0,0.0,0.0,0.0,0.0,0.011531925,0.0,0.0,0.0,0.001456664,0.0,0.001092498,0.0,0.01760136,0.0,0.0,0.0,0.0,0.0,0.0,0.0,0.0,0.0,0.0,0.0,0.0,0.0332605,0.0,0.0,0.0,0.0,0.0,0.0,0.0,0.0,0.0,0.000242777,0.00740471,0.0,0.0,0.00182083,0.001213887,0.002549162,0.0,0.0,0.011896091,0.0,0.0,0.0,0.0,0.0,0.0,0.0,0.0,0.0,0.0,0.0,0.0,0.0,0.0,0.0,0.0,0.0,0.0,0.0,0.0,0.0,0.0,0.0,0.0,0.0,0.0,0.0,0.0,0.0,0.0,0.0,0.0,0.0,0.0,0.0,0.0,0.0,0.0,0.0,0.0,0.0,0.0,0.0,0.0,0.0,0.0,0.0,0.0,0.0,0.0,0.0,0.0,0.0,0.0,0.0,0.0,0.0,0.000121389,0.0,0.0,0.0,0.0,0.0,0.0,0.0,0.0,0.0,0.0,0.0,0.0,0.0,0.0,0.0,0.0,0.0,0.000121389,0.0,0.0,0.0,0.0,0.0,0.0,0.0,0.0,0.0,0.0,0.0,0.0,0.0,0.0,0.0,0.0,0.0,0.001213887,0.0,0.0,0.0,0.0,0.0,0.0,0.0,0.0,0.0,0.0,0.0,0.0,0.0,0.0,0.000364166,0.0,0.0,0.000121389,0.0,0.0,0.0,0.0,0.0,0.0,0.0,0.0,0.0,0.0,0.0,0.0,0.0,0.0,0.0,0.0,0.0,0.0,0.0,0.0,0.0,0.0,0.0,0.0,0.004005827,0.0,0.0,0.0,0.0,0.0,0.0,0.0,0.0,0.0,0.0,0.0,0.0,0.0,0.0,0.0,0.0,0.0,0.0,0.0,0.0,0.0,0.0,0.0,0.0,0.042850206,0.0,0.0,0.0,0.0,0.0,0.0,0.0,0.0,0.0,0.0,0.046856033,0.0,0.0,0.025491624,0.000121389,0.0,0.019543579,0.0,0.0,0.0,0.0,0.225176014,0.0,0.041514931,0.0,0.0,0.0,0.0,0.0,0.0,0.0,0.0,0.0,0.0,0.0,0.0,0.000121389,0.0,0.0,0.0,0.0,0.0,0.0,0.0,0.003156106,0.0,0.000242777,0.0,0.0,0.0,0.0,0.0,0.0,0.0,0.0,0.0,0.0,0.0,0.0,0.013474144,0.000121389,0.0,0.0,0.0,0.0,0.0,0.010560816,0.0,0.0,0.0,0.0,0.0,0.0,0.000971109,0.0,0.0,0.000121389,0.0,0.0,0.0,0.0,0.0,0.0,0.0,0.0,0.0,0.0,0.0,0.0,0.0,0.0,0.0,0.0,0.0,0.0,0.0,0.0,0.0,0.0,0.0,0.0,0.0,0.0,0.0,0.0,0.0,0.0,0.0,0.0,0.0,0.0,0.0,0.0,0.0,0.0,0.0,0.0,0.0,0.0,0.0,0.0,0.000121389,0.0,0.0,0.004491381,0.0,0.0,0.0,0.0,0.000121389,0.0,0.0,0.0,0.006312212,0.0,0.0,0.0,0.0,0.0,0.0,0.0,0.0,0.0,0.0,0.0,0.0,0.0,0.0,0.0,0.0,0.000364166,0.0,0.0,0.0,0.0,0.0,0.0,0.0,0.0,0.0,0.0,0.0
19,0.0,0.0,0.0,0.0,0.0,0.0,0.000364166,0.0,0.0,0.0,0.001335276,0.0,0.000728332,0.0,0.000971109,0.0,0.029376062,0.0,0.0,0.000121389,0.0,0.0,0.004248604,0.003520272,0.0,0.0,0.000728332,0.0,0.0,0.0,0.0,0.002670551,0.0,0.000242777,0.0,0.0,0.001092498,0.0,0.0,0.0,0.0,0.0,0.0,0.0,0.0,0.0,0.0,0.0,0.0,0.0,0.0,0.0,0.0,0.0,0.0,0.0,0.0,0.0,0.0,0.010318038,0.000121389,0.001092498,0.0,0.0,0.000849721,0.0,0.0,0.004127215,0.000364166,0.0,0.0,0.008254431,0.0,0.0,0.0,0.000728332,0.0,0.0,0.0,0.0,0.000242777,0.0,0.0,0.0,0.0,0.0,0.0,0.0,0.0,0.0,0.0,0.0,0.0,0.0,0.0,0.0,0.0,0.000364166,0.000242777,0.0,0.0,0.0,0.0,0.0,0.0,0.0,0.0,0.0,0.0,0.0,0.0,0.0,0.0,0.0,0.000121389,0.0,0.0,0.0,0.0,0.0,0.0,0.0,0.009953872,0.0,0.0,0.0,0.0,0.004976936,0.0,0.0,0.0,0.023670794,0.0,0.0,0.0,0.0,0.004491381,0.003763049,0.0,0.000606943,0.0,0.013595533,0.0,0.003034717,0.222505462,0.000242777,0.0,0.019907745,0.001456664,0.012260257,0.108764263,0.0,0.000971109,0.0,0.0,0.0,0.0,0.0,0.0,0.0,0.0,0.0,0.000728332,0.0,0.002427774,0.0,0.000242777,0.0,0.0,0.0,0.0,0.0,0.0,0.0,0.0,0.0,0.0,0.000364166,0.0,0.000971109,0.0,0.000728332,0.0,0.0,0.0,0.000242777,0.0,0.0,0.0,0.0,0.0,0.0,0.0,0.0,0.0,0.0,0.0,0.0,0.001092498,0.0,0.0,0.0,0.0,0.0,0.0,0.0,0.0,0.0,0.0,0.0,0.0,0.000121389,0.0,0.0,0.0,0.0,0.0,0.0,0.0,0.001092498,0.0,0.0,0.0,0.0,0.0,0.0,0.0,0.0,0.0,0.0,0.0,0.000121389,0.0,0.0,0.0,0.0,0.0,0.0,0.000971109,0.0,0.0,0.0,0.0,0.0,0.0,0.0,0.0,0.0,0.0,0.0,0.0,0.0,0.0,0.0,0.0,0.0,0.000121389,0.0,0.00279194,0.000121389,0.000606943,0.0,0.0,0.0,0.0,0.0,0.0,0.0,0.0,0.0,0.0,0.0,0.0,0.0,0.0,0.001092498,0.0,0.0,0.0,0.0,0.0,0.0,0.0,0.0,0.0,0.0,0.000121389,0.000606943,0.0,0.0,0.0,0.0,0.0,0.0,0.0,0.0,0.0,0.0,0.004127215,0.0,0.012503035,0.0,0.0,0.0,0.0,0.0,0.0,0.0,0.0,0.0,0.0,0.0,0.000728332,0.000971109,0.0,0.0,0.118232581,0.002184996,0.0,0.0,0.0,0.0,0.0,0.0,0.0,0.0,0.0,0.0,0.0,0.0,0.0,0.0,0.0,0.000242777,0.0,0.0,0.0,0.0,0.0,0.000364166,0.0,0.0,0.0,0.0,0.0,0.0,0.0,0.0,0.0,0.000971109,0.0,0.0,0.0,0.0,0.0,0.010318038,0.0,0.0,0.0,0.0,0.0,0.0,0.0,0.0,0.000121389,0.0,0.0,0.0,0.0,0.0,0.0,0.0,0.0,0.0,0.0,0.0,0.0,0.0,0.0,0.001456664,0.0,0.000242777,0.0,0.0,0.0,0.0,0.0,0.000242777,0.0,0.022699684,0.0,0.000485555,0.0,0.0,0.0,0.0,0.0,0.000485555,0.0,0.0,0.0,0.0,0.012138869,0.0,0.0,0.0,0.0,0.000242777,0.0,0.0,0.0,0.001092498,0.024763292,0.0,0.0,0.0,0.000849721,0.0,0.00279194,0.0,0.0,0.012624423,0.0,0.000364166,0.0,0.0,0.0,0.0,0.000121389,0.0,0.0,0.0,0.0,0.0,0.0,0.000364166,0.0,0.0,0.0,0.0,0.0,0.0,0.0,0.0,0.0,0.0,0.0,0.0,0.0,0.0,0.0,0.0,0.0,0.0,0.0,0.0,0.0,0.0,0.0,0.0,0.0,0.0,0.0,0.0,0.0,0.0,0.0,0.0,0.0,0.0,0.0,0.0,0.0,0.0,0.0,0.0,0.0,0.0,0.0,0.0,0.0,0.0,0.0,0.0,0.0,0.0,0.0,0.0,0.0,0.0,0.0,0.001213887,0.0,0.0,0.0,0.0,0.0,0.0,0.0,0.000121389,0.0,0.0,0.0,0.0,0.000121389,0.0,0.0,0.0,0.0,0.005948046,0.0,0.0,0.0,0.004491381,0.001213887,0.000242777,0.0,0.0,0.002670551,0.002427774,0.0,0.0,0.0,0.0,0.000485555,0.0,0.000728332,0.0,0.000242777,0.0,0.000121389,0.0,0.0,0.0,0.0,0.000242777,0.0,0.0,0.000849721,0.000121389,0.0,0.0,0.0,0.0,0.0,0.0,0.0,0.0,0.0,0.0,0.0,0.0,0.0,0.0,0.0,0.0,0.0,0.0,0.008618597,0.000485555,0.006919155,0.0,0.0,0.0,0.0,0.0,0.0,0.0,0.0,0.0,0.0,0.0,0.0,0.0,0.0,0.0,0.0,0.0,0.0,0.0,0.0,0.0,0.0,0.016751639,0.019907745,0.0,0.0,0.0,0.0,0.0,0.0,0.0,0.0,0.0,0.055960185,0.0,0.0,0.0,0.0,0.0,0.0,0.0,0.0,0.0,0.0,0.002913328,0.0,0.0,0.0,0.0,0.0,0.0,0.0,0.0,0.0,0.0,0.0,0.030589949,0.0,0.0,0.0,0.0,0.0,0.0,0.0,0.0,0.0,0.0,0.0,0.0,0.0,0.0,0.0,0.0,0.002549162,0.0,0.0,0.0,0.0,0.0,0.003156106,0.001213887,0.0,0.037994659,0.0,0.0,0.0,0.0,0.0,0.0,0.00461277,0.0,0.0,0.0,0.0,0.0,0.0,0.0,0.0,0.0,0.0,0.000242777,0.000121389,0.000121389,0.0,0.0,0.0,0.0,0.0,0.000849721,0.008133042,0.0,0.0,0.000121389,0.0,0.0,0.0,0.0,0.0,0.0,0.0,0.0,0.0,0.0,0.0,0.0,0.0,0.0,0.0,0.0,0.0,0.0,0.0,0.0,0.0,0.0,0.0,0.0,0.0,0.0,0.0,0.000971109,0.0,0.0,0.0,0.0064336,0.0,0.0,0.005219714,0.0,0.0,0.0,0.0,0.0,0.000121389,0.0,0.0,0.0,0.0,0.0,0.0,0.0,0.0,0.000121389,0.0,0.0,0.0,0.0,0.0,0.0,0.0,0.0,0.0,0.0,0.013231367,0.000606943,0.002063608,0.0,0.0,0.0,0.0,0.0,0.0,0.0,0.0,0.0
20,0.0,0.0,0.0,0.0,0.0,0.0,0.0,0.0,0.0,0.0,0.018815246,0.0,0.0,0.0,0.0,0.0,0.045520757,0.0,0.0,0.000971109,0.0,0.0,0.0,0.001456664,0.0,0.0,0.000728332,0.0,0.0,0.0,0.0,0.0,0.0,0.000606943,0.0,0.0,0.002184996,0.0,0.0,0.0,0.0,0.0,0.000121389,0.0,0.0,0.0,0.0,0.0,0.0,0.0,0.0,0.0,0.0,0.0,0.0,0.0,0.0,0.0,0.0,0.0,0.000242777,0.0,0.0,0.0,0.0,0.0,0.0,0.0,0.0,0.0,0.0,0.000242777,0.0,0.0,0.0,0.000971109,0.0,0.0,0.0,0.0,0.000485555,0.0,0.0,0.0,0.0,0.0,0.0,0.0,0.0,0.0,0.0,0.0,0.0,0.0,0.0,0.0,0.0,0.0,0.0,0.0,0.0,0.0,0.0,0.0,0.0,0.0,0.000364166,0.000121389,0.0,0.0,0.0,0.0,0.0,0.0,0.0,0.0,0.0,0.0,0.0,0.0,0.0,0.0,0.016144695,0.0,0.0,0.0,0.0,0.0,0.0,0.0,0.0,0.0,0.031803836,0.0,0.0,0.0,0.0,0.0,0.0,0.0,0.0,0.0,0.0,0.0,0.036295217,0.0,0.0,0.0,0.0064336,0.115076475,0.182689973,0.004248604,0.0,0.0,0.0,0.0,0.00182083,0.0,0.0,0.0,0.0,0.001213887,0.0,0.0,0.005219714,0.0,0.000121389,0.0,0.0,0.0,0.0,0.0,0.0,0.0,0.000242777,0.000606943,0.0,0.0,0.0,0.0,0.0,0.0,0.0,0.0,0.0,0.0,0.0,0.0,0.0,0.0,0.0,0.0,0.0,0.0,0.0,0.0,0.0,0.0,0.013595533,0.0,0.0,0.0,0.0,0.0,0.0,0.0,0.0,0.0,0.0,0.0,0.0,0.0,0.0,0.0,0.0,0.0,0.0,0.0,0.0,0.0,0.0,0.0,0.0,0.0,0.0,0.0,0.0,0.0,0.0,0.0,0.0,0.0,0.0,0.0,0.0,0.0,0.0,0.000485555,0.0,0.0,0.0,0.0,0.000485555,0.0,0.0,0.0,0.0,0.0,0.0,0.0,0.0,0.0,0.0,0.0,0.0,0.0,0.0,0.0,0.0,0.0,0.0,0.0,0.0,0.0,0.0,0.0,0.0,0.0,0.0,0.0,0.0,0.0,0.0,0.0,0.0,0.0,0.0,0.0,0.0,0.0,0.0,0.0,0.0,0.0,0.0,0.0,0.000606943,0.0,0.0,0.0,0.0,0.0,0.0,0.0,0.0,0.0,0.0,0.0,0.0,0.0,0.000242777,0.0,0.0,0.0,0.0,0.0,0.0,0.0,0.0,0.0,0.0,0.0,0.0,0.0,0.0,0.0,0.06190823,0.000364166,0.0,0.0,0.0,0.0,0.0,0.0,0.0,0.0,0.0,0.0,0.0,0.000121389,0.000485555,0.0,0.0,0.0,0.0,0.0,0.0,0.0,0.0,0.0,0.0,0.0,0.0,0.0,0.0,0.0,0.0,0.0,0.0,0.0,0.0,0.0,0.0,0.0,0.0,0.000242777,0.0,0.0,0.0,0.0,0.0,0.0,0.0,0.0,0.0,0.0,0.0,0.0,0.0,0.0,0.0,0.0,0.0,0.0,0.0,0.0,0.0,0.0,0.0,0.0,0.0,0.001213887,0.000485555,0.0,0.0,0.0,0.0,0.0,0.0,0.0,0.0,0.0,0.0,0.0,0.0,0.0,0.0,0.000121389,0.0,0.0,0.0,0.0,0.011653314,0.0,0.0,0.0,0.0,0.0,0.0,0.0,0.0,0.0,0.0,0.002427774,0.0,0.0,0.0,0.000606943,0.000728332,0.0,0.0,0.007040544,0.0,0.0,0.0,0.0,0.0,0.0,0.000242777,0.0,0.0,0.0,0.0,0.0,0.0,0.0,0.0,0.0,0.0,0.0,0.0,0.0,0.0,0.0,0.0,0.0,0.0,0.0,0.0,0.0,0.0,0.0,0.0,0.0,0.0,0.0,0.0,0.0,0.0,0.0,0.0,0.0,0.00279194,0.0,0.0,0.002913328,0.0,0.0,0.0,0.0,0.0,0.0,0.0,0.0,0.0,0.0,0.0,0.0,0.0,0.0,0.0,0.0,0.0,0.000242777,0.0,0.0,0.0,0.0,0.0,0.0,0.0,0.0,0.0,0.0,0.0,0.0,0.0,0.001456664,0.0,0.0,0.0,0.0,0.0,0.0,0.0,0.0,0.0,0.0,0.0,0.0064336,0.0,0.0,0.0,0.003641661,0.000121389,0.0,0.0,0.0,0.001699442,0.000364166,0.0,0.0,0.0,0.0,0.000485555,0.0,0.0,0.0,0.0,0.0,0.000606943,0.0,0.0,0.0,0.0,0.0,0.0,0.0,0.0,0.0,0.0,0.0,0.0,0.0,0.0,0.0,0.0,0.0,0.0,0.0,0.0,0.0,0.0,0.0,0.0,0.0,0.0,0.0,0.00558388,0.0,0.0,0.0,0.0,0.0,0.0,0.0,0.023549405,0.0,0.0,0.0,0.0,0.0,0.0,0.0,0.0,0.0,0.0,0.0,0.0,0.0,0.0,0.0,0.0,0.0,0.0,0.0,0.069434329,0.0,0.0,0.0,0.0,0.0,0.0,0.0,0.0,0.0,0.0,0.0,0.0,0.0,0.0,0.0,0.0,0.0,0.0,0.001213887,0.0,0.0,0.0,0.0,0.0,0.0,0.0,0.0,0.0,0.0,0.0,0.0,0.0,0.0,0.0,0.0,0.0,0.0,0.0,0.265598446,0.0,0.0,0.0,0.0,0.0,0.0,0.0,0.0,0.0,0.0,0.0,0.0,0.0,0.0,0.0,0.0,0.0,0.000971109,0.0,0.0,0.0,0.0,0.0,0.0,0.0,0.0,0.0,0.0,0.000242777,0.0,0.0,0.0,0.0,0.000242777,0.0,0.0,0.0,0.002549162,0.0,0.0,0.0,0.0,0.0,0.0,0.0,0.0,0.0,0.0,0.000485555,0.0,0.0,0.0,0.0,0.0,0.0,0.0,0.0,0.0,0.0,0.0,0.0,0.0,0.0,0.0,0.0,0.0,0.0,0.0,0.0,0.0,0.0,0.0,0.0,0.0,0.0,0.00558388,0.0,0.0,0.0,0.006069434,0.0,0.0,0.018693858,0.0,0.0,0.0,0.0,0.0,0.0,0.0,0.0,0.0,0.0,0.0,0.0,0.0,0.0,0.0,0.0,0.0,0.0,0.0,0.0,0.0,0.0,0.0,0.0,0.0,0.001213887,0.0,0.0,0.0,0.0,0.0,0.0,0.0,0.0,0.0,0.0,0.0
21,0.0,0.0,0.0,0.0,0.0,0.000485555,0.0,0.0,0.0,0.0,0.005462491,0.000485555,0.0,0.0,0.0,0.0,0.0,0.0,0.0,0.0,0.0,0.0,0.0,0.0,0.0,0.0,0.000606943,0.0,0.0,0.0,0.0,0.0,0.0,0.000485555,0.0,0.004005827,0.030954115,0.0,0.0,0.0,0.0,0.0,0.0,0.0,0.0,0.0,0.0,0.0,0.0,0.000242777,0.0,0.0,0.0,0.0,0.0,0.0,0.0,0.0,0.0,0.0,0.0,0.0,0.0,0.0,0.021607186,0.0,0.0,0.01942219,0.00279194,0.0,0.0,0.035809663,0.0,0.0,0.0,0.0,0.016873027,0.0,0.007647487,0.0,0.001335276,0.000728332,0.0,0.0,0.0,0.0,0.0,0.0,0.000485555,0.0,0.000121389,0.0,0.0,0.0,0.0,0.0,0.0,0.0,0.0,0.0,0.0,0.0,0.0,0.0,0.0,0.0,0.0,0.000606943,0.0,0.0,0.0,0.0,0.0,0.000971109,0.0,0.0,0.000121389,0.0,0.0,0.0,0.0,0.0,0.048312697,0.0,0.0,0.0,0.0,0.027676621,0.0,0.012138869,0.0,0.083515416,0.005462491,0.005341102,0.0,0.0,0.0,0.0,0.0,0.0,0.0,0.0,0.0,0.002063608,0.019543579,0.0,0.0,0.0,0.011289148,0.240713765,0.02124302,0.003156106,0.006312212,0.0,0.0,0.0,0.000242777,0.0,0.0,0.0,0.0,0.000364166,0.000485555,0.0,0.022335518,0.0,0.000485555,0.0,0.0,0.000121389,0.000121389,0.0,0.0,0.0,0.0,0.001456664,0.0,0.0,0.0,0.002549162,0.0,0.0,0.0,0.0,0.0,0.0,0.0,0.0,0.0,0.0,0.0,0.0,0.0,0.0,0.0,0.000364166,0.0,0.0,0.002670551,0.0,0.0,0.0,0.0,0.0,0.0,0.0,0.0,0.0,0.0,0.001213887,0.0,0.00182083,0.0,0.0,0.0,0.0,0.0,0.0,0.0,0.0,0.0,0.0,0.0,0.0,0.0,0.000121389,0.0,0.0,0.0,0.0,0.0,0.0,0.0,0.0,0.0,0.0,0.0,0.0,0.000485555,0.0,0.0,0.0,0.0,0.0,0.0,0.0,0.0,0.0,0.000849721,0.0,0.0,0.0,0.0,0.0,0.0,0.0,0.0,0.0,0.008618597,0.0,0.0,0.0,0.0,0.0,0.0,0.0,0.0,0.0,0.0,0.000728332,0.0,0.0,0.0,0.0,0.0,0.0,0.0,0.0,0.003277495,0.0,0.020029133,0.0,0.0,0.0,0.0,0.0,0.004976936,0.000121389,0.0,0.0,0.0,0.0,0.0,0.0,0.0,0.0,0.0,0.0,0.0,0.0,0.0,0.0,0.000364166,0.0,0.0,0.0,0.0,0.0,0.0,0.0,0.0,0.0,0.0,0.076110706,0.0,0.0,0.00461277,0.0,0.0,0.0,0.0,0.0,0.0,0.001456664,0.0,0.0,0.0,0.0,0.0,0.000606943,0.0,0.0,0.0,0.0,0.000121389,0.0,0.0,0.0,0.0,0.004491381,0.0,0.0,0.0,0.0,0.0,0.0,0.0,0.0,0.0,0.0,0.0,0.0,0.0,0.0,0.0,0.000242777,0.0,0.0,0.0,0.0,0.0,0.000121389,0.0,0.0,0.0,0.0,0.0,0.0,0.0,0.0,0.0,0.0,0.0,0.0,0.0,0.0,0.0,0.0,0.0,0.0,0.0,0.002184996,0.0,0.0,0.0,0.000364166,0.0,0.001578053,0.0,0.001092498,0.0,0.0,0.0,0.0,0.0,0.0,0.0,0.0,0.0,0.0,0.0,0.0,0.009346929,0.0,0.0,0.0,0.0,0.0,0.0,0.0,0.0,0.0,0.0,0.0,0.0,0.0,0.0,0.0,0.002549162,0.0,0.0,0.002670551,0.0,0.0,0.0,0.0,0.0,0.000849721,0.0,0.0,0.0,0.0,0.0,0.0,0.0,0.0,0.0,0.0,0.0,0.0,0.0,0.0,0.0,0.0,0.0,0.0,0.0,0.0,0.0,0.0,0.0,0.0,0.0,0.0,0.0,0.0,0.0,0.0,0.0,0.0,0.0,0.0,0.0,0.0,0.0,0.000485555,0.000606943,0.0,0.000971109,0.0,0.0,0.0,0.0,0.000242777,0.000364166,0.0,0.007890265,0.0,0.0,0.001092498,0.000728332,0.0,0.0,0.000364166,0.0,0.0,0.0,0.0,0.0,0.0,0.0,0.003156106,0.0,0.0,0.0,0.0,0.0,0.00279194,0.0,0.000242777,0.0,0.0,0.0,0.0,0.0,0.0,0.000485555,0.0,0.0,0.003398883,0.0,0.0,0.0,0.013109978,0.0,0.0,0.0,0.0,0.001092498,0.002063608,0.0,0.0,0.0,0.0,0.000606943,0.0,0.0,0.0,0.000242777,0.0,0.001699442,0.0,0.0,0.000121389,0.0,0.0,0.0,0.0,0.0,0.0,0.0,0.0,0.000121389,0.0,0.0,0.000485555,0.0,0.0,0.000242777,0.0,0.0,0.0,0.0,0.012381646,0.0,0.001456664,0.0,0.0,0.0,0.0,0.0,0.012867201,0.0,0.0,0.0,0.0,0.001092498,0.0,0.0,0.0,0.0,0.0,0.0,0.0,0.0,0.0,0.0,0.0,0.0,0.0,0.0,0.0,0.0,0.0,0.0,0.0,0.0,0.0,0.0,0.0,0.0,0.0,0.0,0.0,0.0,0.0,0.0,0.0,0.0,0.0,0.0,0.0,0.0,0.0,0.0,0.040543821,0.0,0.0,0.027676621,0.0,0.0,0.0,0.0,0.0,0.0,0.0,0.0,0.000971109,0.0,0.0,0.0,0.0,0.0,0.0,0.0,0.0,0.0,0.0,0.0,0.0,0.0,0.0,0.0,0.0,0.0,0.0,0.0,0.0,0.0,0.0,0.000121389,0.0,0.001213887,0.013352756,0.0,0.001092498,0.000121389,0.0,0.0,0.0,0.0,0.0,0.0,0.001578053,0.000364166,0.000364166,0.0,0.001092498,0.0,0.006312212,0.000971109,0.000121389,0.002549162,0.000242777,0.0,0.000971109,0.0,0.0,0.0,0.0,0.0,0.0,0.0,0.000485555,0.0,0.0,0.0,0.0,0.0,0.0,0.0,0.0,0.0,0.0,0.0,0.0,0.0,0.0,0.0,0.0,0.000121389,0.0,0.0,0.0,0.0,0.0,0.0,0.0,0.0,0.0,0.0,0.0,0.0,0.0,0.0,0.0,0.0,0.0,0.008375819,0.0,0.0,0.0,0.0,0.0,0.0,0.0,0.0,0.0,0.0,0.0,0.0,0.0,0.0,0.000485555,0.0,0.0,0.000121389,0.0,0.0,0.0,0.0,0.0,0.0,0.0,0.0,0.0,0.0,0.0,0.0,0.0,0.0,0.0,0.0,0.0,0.000121389,0.0
22,0.0,0.001456664,0.0,0.0,0.0,0.000242777,0.0,0.0,0.0,0.0,0.0,0.0,0.003884438,0.0,0.000364166,0.000728332,0.0,0.0,0.0,0.000242777,0.000364166,0.0,0.000121389,0.0,0.0,0.0,0.0,0.0,0.0,0.0,0.0,0.0,0.0,0.0,0.0,0.000606943,0.013352756,0.0,0.0,0.0,0.0,0.0,0.0,0.0,0.0,0.0,0.0,0.0,0.0,0.0,0.0,0.0,0.0,0.0,0.0,0.0,0.0,0.0,0.0,0.002549162,0.0,0.0,0.0,0.0,0.0,0.100024278,0.0,0.001456664,0.004855547,0.0,0.0,0.0,0.0,0.0,0.0,0.014566642,0.000849721,0.0,0.0,0.0,0.0,0.000606943,0.0,0.0,0.0,0.0,0.0,0.0,0.0,0.0,0.0,0.0,0.000849721,0.0,0.0,0.0,0.0,0.000485555,0.0,0.0,0.0,0.000728332,0.0,0.0,0.0,0.0,0.0,0.0,0.0,0.0,0.0,0.0,0.0,0.0,0.003034717,0.0,0.0,0.0,0.0,0.000364166,0.0,0.0,0.143481428,0.0,0.0,0.0,0.0,0.0,0.0,0.0,0.0,0.0,0.000364166,0.0,0.022456907,0.0,0.0,0.0,0.00461277,0.000485555,0.0,0.0,0.000728332,0.008861374,0.045399369,0.0,0.0,0.164845836,0.00182083,0.180504977,0.004248604,0.002427774,0.002549162,0.0,0.0,0.0,0.013474144,0.0,0.000364166,0.000364166,0.0,0.004248604,0.000242777,0.0,0.001092498,0.0,0.0,0.0,0.0,0.0,0.0,0.0,0.0,0.0,0.0,0.0,0.0,0.001092498,0.0,0.0,0.0,0.0,0.0,0.0,0.0,0.0,0.0,0.0,0.0,0.0,0.0,0.0,0.000242777,0.0,0.0,0.000364166,0.0,0.0,0.0,0.0,0.0,0.0,0.0,0.000728332,0.0,0.0,0.0,0.0,0.0,0.000242777,0.0,0.0,0.0,0.0,0.000242777,0.0,0.0,0.0,0.0,0.0,0.0,0.0,0.0,0.0,0.0,0.0,0.0,0.0,0.0,0.0,0.0,0.0,0.0,0.0,0.0,0.0,0.0,0.0,0.0,0.0,0.0,0.0,0.0,0.0,0.0,0.0,0.0,0.0,0.002306385,0.0,0.0,0.0,0.0,0.0,0.0,0.0,0.0,0.0,0.0,0.000121389,0.0,0.0,0.0,0.0,0.0,0.0,0.0,0.0,0.0,0.0,0.0,0.0,0.0,0.0,0.0,0.0,0.0,0.0,0.0,0.0,0.0,0.0,0.000242777,0.0,0.0,0.0,0.0,0.0,0.0,0.000121389,0.0,0.0,0.0,0.0,0.0,0.001335276,0.0,0.0,0.0,0.0,0.0,0.0,0.0,0.0,0.0,0.0,0.0,0.0,0.0,0.0,0.0,0.0,0.000485555,0.02961884,0.0,0.0,0.007283321,0.0,0.0,0.0,0.0,0.0,0.0,0.0,0.0,0.0,0.0,0.0,0.0,0.002306385,0.002063608,0.0,0.0,0.0,0.0,0.0,0.0,0.0,0.0,0.0,0.000121389,0.0,0.0,0.0,0.0,0.0,0.0,0.0,0.0,0.0,0.0,0.0,0.0,0.0,0.0,0.0,0.0,0.0,0.0,0.0,0.002913328,0.0,0.0,0.0,0.0,0.001699442,0.002184996,0.0,0.0,0.0,0.0,0.0,0.0,0.000728332,0.0,0.0,0.0,0.0,0.0,0.0,0.0,0.001335276,0.000606943,0.0,0.0,0.0,0.0,0.0,0.0,0.0,0.0,0.0,0.000121389,0.0,0.0,0.0,0.0,0.0,0.0,0.0,0.0,0.0,0.00558388,0.0,0.0,0.0,0.0,0.0,0.001699442,0.0,0.0,0.0,0.0,0.0,0.0,0.0,0.0,0.0,0.0,0.0,0.0,0.002549162,0.0,0.0,0.0,0.0,0.0,0.000728332,0.0,0.0,0.0,0.0,0.0,0.0,0.0,0.0,0.0,0.0,0.0,0.0,0.0,0.0,0.0,0.0,0.0,0.000728332,0.0,0.0,0.0,0.0,0.0,0.0,0.0,0.0,0.0,0.0,0.000121389,0.0,0.0,0.0,0.0,0.0,0.0,0.0,0.0,0.0,0.0,0.0,0.0,0.0,0.0,0.0,0.0,0.0,0.0,0.0,0.0,0.0,0.0,0.000364166,0.0,0.0,0.0,0.0,0.0,0.019300801,0.0,0.0,0.0,0.0,0.0,0.0,0.0,0.0,0.0,0.0,0.0,0.005948046,0.0,0.0,0.0,0.0,0.0,0.0,0.022699684,0.0,0.0,0.000728332,0.0,0.001942219,0.003641661,0.0,0.0,0.01019665,0.0,0.0,0.0,0.0,0.0,0.0,0.0,0.0,0.0,0.0,0.000485555,0.0,0.0,0.0,0.0,0.0,0.000849721,0.0,0.000242777,0.000364166,0.0,0.0,0.0,0.0,0.0,0.0,0.0,0.0,0.0,0.0,0.000242777,0.0,0.0,0.0,0.0,0.0,0.0,0.0,0.0,0.0,0.0,0.0,0.0,0.0,0.028040787,0.0,0.0,0.0,0.0,0.0,0.0,0.0,0.0,0.0,0.0,0.0,0.0,0.0,0.0,0.0,0.0,0.0,0.0,0.0,0.0,0.0,0.0,0.0,0.0,0.0,0.0,0.0,0.017479971,0.0,0.0,0.0,0.000485555,0.0,0.0,0.0,0.003641661,0.0,0.0,0.0,0.0,0.001699442,0.0,0.0,0.0,0.0,0.0,0.000364166,0.0,0.0,0.0,0.0,0.0,0.0,0.0,0.0,0.0,0.0,0.0,0.005341102,0.000364166,0.0,0.0,0.0,0.0,0.0,0.0,0.0,0.0,0.0,0.0,0.0,0.0,0.0,0.0,0.0,0.0,0.0,0.0,0.0,0.0,0.0,0.000485555,0.0,0.0,0.000606943,0.0,0.003277495,0.000121389,0.0,0.0,0.0,0.0,0.0,0.0,0.0,0.000242777,0.0,0.0,0.004005827,0.0,0.012260257,0.001456664,0.0,0.0,0.000121389,0.0,0.001699442,0.0,0.001092498,0.000728332,0.0,0.0,0.000364166,0.0,0.014566642,0.000364166,0.0,0.0,0.0,0.0,0.0,0.0,0.0,0.0,0.0,0.0,0.0,0.0,0.0,0.0,0.0,0.0,0.0,0.0,0.0,0.0,0.0,0.0,0.0,0.000242777,0.0,0.0,0.000485555,0.0,0.0,0.0,0.0,0.0,0.0,0.006919155,0.0,0.0,0.0,0.0,0.0,0.000121389,0.0,0.0,0.0,0.0,0.0,0.0,0.0,0.0,0.000971109,0.0,0.0,0.0,0.0,0.0,0.0,0.0,0.001213887,0.0,0.0,0.0,0.0,0.0,0.0,0.0,0.0,0.0,0.0,0.0,0.0,0.0,0.0
23,0.0,0.0,0.0,0.0,0.0,0.0,0.0,0.0,0.0,0.0,0.002549162,0.0,0.0,0.0,0.0,0.0,0.01663025,0.0,0.0,0.0,0.0,0.0,0.000242777,0.0,0.0,0.0,0.001456664,0.0,0.0,0.0,0.0,0.0,0.0,0.000364166,0.0,0.0,0.000485555,0.0,0.0,0.0,0.0,0.0,0.0,0.0,0.0,0.0,0.0,0.0,0.0,0.0,0.0,0.0,0.0,0.0,0.0,0.000121389,0.0,0.0,0.0,0.029983006,0.0,0.0,0.0,0.0,0.0,0.0,0.0,0.0,0.0,0.0,0.0,0.0,0.0,0.0,0.0,0.0,0.0,0.0,0.0,0.0,0.000485555,0.0,0.0,0.0,0.0,0.0,0.0,0.0,0.0,0.000242777,0.0,0.0,0.0,0.0,0.0,0.0,0.0,0.005948046,0.0,0.0,0.0,0.0,0.0,0.0,0.000121389,0.0,0.0,0.0,0.0,0.0,0.0,0.0,0.0,0.0,0.0,0.0,0.0,0.0,0.0,0.0,0.0,0.0,0.005948046,0.0,0.0,0.0,0.0,0.0,0.0,0.0,0.0,0.0,0.0,0.0,0.0,0.0,0.001699442,0.0,0.000606943,0.0,0.0,0.0,0.0,0.012138869,0.014202476,0.0,0.0,0.0,0.0,0.005462491,0.0,0.0,0.000849721,0.0,0.0,0.0,0.004491381,0.0,0.00558388,0.0,0.0,0.001578053,0.0,0.0,0.000849721,0.0,0.000485555,0.0,0.0,0.0,0.0,0.0,0.0,0.0,0.0,0.002063608,0.0,0.000242777,0.0,0.0,0.0,0.0,0.0,0.0,0.0,0.0,0.0,0.0,0.0,0.0,0.0,0.0,0.0,0.0,0.0,0.0,0.0,0.0,0.0,0.0,0.0,0.0,0.0,0.0,0.0,0.0,0.0,0.0,0.0,0.0,0.0,0.0,0.0,0.0,0.0,0.0,0.0,0.0,0.0,0.0,0.0,0.0,0.0,0.0,0.0,0.0,0.0,0.0,0.0,0.0,0.0,0.0,0.0,0.0,0.0,0.0,0.0,0.0,0.0,0.0,0.0,0.0,0.0,0.0,0.0,0.0,0.0,0.0,0.006312212,0.0,0.0,0.0,0.0,0.0,0.0,0.0,0.0,0.0,0.001456664,0.0,0.0,0.0,0.0,0.0,0.0,0.0,0.0,0.0,0.0,0.0,0.0,0.0,0.0,0.0,0.0,0.0,0.000121389,0.0,0.086185967,0.0,0.0,0.0,0.0,0.0,0.0,0.0,0.0,0.0,0.0,0.0,0.0,0.0,0.0,0.0,0.0,0.0,0.0,0.0,0.035688274,0.000242777,0.047827143,0.001335276,0.0,0.0,0.0,0.0,0.0,0.000242777,0.0,0.0,0.0,0.0,0.000728332,0.001942219,0.0,0.0,0.226996844,0.002306385,0.0,0.0,0.0,0.0,0.0,0.0,0.0,0.0,0.0,0.0,0.0,0.0,0.0,0.0,0.0,0.0,0.0,0.0,0.0,0.0,0.0,0.000849721,0.0,0.0,0.0,0.0,0.0,0.0,0.0,0.0,0.0,0.0,0.0,0.0,0.0,0.0,0.0,0.014081088,0.0,0.0,0.0,0.0,0.0,0.0,0.0,0.0,0.0,0.0,0.0,0.0,0.0,0.0,0.0,0.0,0.0,0.0,0.0,0.0,0.0,0.0,0.0,0.000606943,0.0,0.002063608,0.0,0.0,0.0,0.001942219,0.0,0.00182083,0.0,0.004734159,0.0,0.0,0.0,0.0,0.0,0.0,0.0,0.000971109,0.0,0.0,0.000121389,0.0,0.004734159,0.0,0.0,0.0,0.0,0.0,0.0,0.0,0.0,0.0,0.0,0.000849721,0.0,0.0,0.0,0.0,0.0,0.0,0.0,0.003763049,0.0,0.0,0.0,0.0,0.0,0.0,0.0,0.0,0.0,0.0,0.004734159,0.0,0.0,0.0,0.0,0.0,0.0,0.0,0.0,0.008982763,0.0,0.0,0.0,0.005219714,0.0,0.0,0.0,0.000606943,0.0,0.0,0.0,0.0,0.0,0.0,0.0,0.0,0.0,0.0,0.0,0.000121389,0.0,0.0,0.0,0.0,0.0,0.0,0.01480942,0.0,0.0,0.0,0.0,0.0,0.0,0.0,0.0,0.0,0.0,0.001578053,0.0,0.0,0.0,0.0,0.0,0.008254431,0.0,0.0,0.000485555,0.0,0.0,0.0,0.0,0.0,0.0,0.0,0.0,0.0,0.0,0.0,0.0,0.0,0.0,0.0,0.0,0.0,0.001213887,0.0,0.0,0.000242777,0.0,0.0,0.0,0.001213887,0.0,0.0,0.0,0.0,0.0,0.0,0.0,0.0,0.0,0.0,0.0,0.0,0.0,0.0,0.0,0.0,0.0,0.0,0.0,0.0,0.0,0.0,0.0,0.0,0.0,0.0,0.0,0.0,0.0,0.0,0.0,0.0,0.0,0.0,0.0,0.0,0.0,0.0,0.0,0.0,0.0,0.0,0.0,0.0,0.0,0.0,0.003763049,0.011653314,0.0,0.0,0.0,0.0,0.00279194,0.0,0.0,0.0,0.0,0.0,0.0,0.0,0.0,0.0,0.0,0.0,0.0,0.0,0.0,0.0,0.0,0.0,0.0,0.0,0.0,0.0,0.0,0.0,0.0,0.0,0.0,0.0,0.0,0.0,0.0,0.0,0.0,0.0,0.0,0.0,0.0,0.0,0.0,0.202719107,0.0,0.0,0.0,0.0,0.0,0.0,0.0,0.0,0.0,0.0,0.0,0.0,0.0,0.0,0.0,0.0,0.0,0.0,0.0,0.0,0.0,0.0,0.0,0.0,0.0,0.0,0.0,0.0,0.0,0.0,0.0,0.0,0.0,0.0,0.000728332,0.0,0.0,0.000606943,0.0,0.0,0.0,0.000849721,0.0,0.0,0.0,0.0,0.0,0.0,0.0,0.0,0.0,0.000606943,0.0,0.0,0.0,0.0,0.0,0.0,0.0,0.0,0.0,0.0,0.0,0.0,0.0,0.0,0.0,0.0,0.000485555,0.0,0.0,0.0,0.0,0.0,0.0,0.0,0.0,0.0,0.0,0.0,0.0,0.0,0.0,0.0,0.003763049,0.0,0.0,0.0,0.0,0.0,0.0,0.0,0.0,0.0,0.0,0.020878854,0.0,0.0,0.000849721,0.051590192,0.0,0.0,0.013959699,0.0,0.0,0.0,0.0,0.0,0.0,0.0,0.0,0.0,0.0,0.0,0.0,0.0,0.0,0.0,0.0,0.0,0.0,0.0,0.0,0.0,0.0,0.0,0.0,0.000364166,0.067856276,0.000849721,0.004491381,0.0,0.0,0.0,0.0,0.0,0.000971109,0.0,0.0,0.0
24,0.0,0.0,0.0,0.0,0.0,0.0,0.0,0.0,0.0,0.0,0.0,0.0,0.017844137,0.0,0.0,0.0,0.00182083,0.0,0.0,0.000485555,0.0,0.0,0.0,0.0,0.0,0.0,0.044428259,0.0,0.0,0.0,0.0,0.0,0.0,0.000242777,0.0,0.004248604,0.007040544,0.0,0.0,0.0,0.0,0.0,0.0,0.0,0.0,0.0,0.0,0.0,0.0,0.0,0.0,0.0,0.0,0.0,0.0,0.0,0.0,0.0,0.0,0.028769119,0.000121389,0.0,0.0,0.0,0.0,0.0,0.0,0.000728332,0.0,0.0,0.0,0.009346929,0.0,0.0,0.0,0.005462491,0.0,0.0,0.0,0.0,0.0,0.0,0.0,0.0,0.0,0.0,0.0,0.0,0.0,0.0,0.0,0.0,0.0,0.0,0.0,0.0,0.000121389,0.020029133,0.0,0.0,0.0,0.0,0.0,0.0,0.000121389,0.0,0.000121389,0.0,0.0,0.0,0.0,0.0,0.0,0.0,0.0,0.0,0.0,0.0,0.0,0.0,0.0,0.0,0.039572712,0.0,0.0,0.0,0.0,0.0,0.0,0.001699442,0.0,0.0,0.0,0.0,0.0,0.0,0.0,0.0,0.003277495,0.0,0.0,0.0,0.000485555,0.000242777,0.000485555,0.0,0.000242777,0.0,0.020878854,0.007768876,0.127822287,0.011774703,0.0,0.0,0.0,0.0,0.002427774,0.0,0.0,0.0,0.0,0.002549162,0.006069434,0.0,0.003763049,0.0,0.002063608,0.0,0.0,0.0,0.0,0.0,0.0,0.0,0.0,0.001456664,0.0,0.0,0.0,0.0,0.0,0.0,0.0,0.0,0.0,0.0,0.0,0.0,0.0,0.0,0.0,0.0,0.0,0.0,0.0,0.0,0.0,0.0,0.0,0.0,0.0,0.0,0.0,0.0,0.0,0.0,0.0,0.0,0.0,0.0,0.0,0.0,0.0,0.0,0.0,0.0,0.0,0.0,0.0,0.0,0.0,0.0,0.0,0.0,0.0,0.0,0.0,0.0,0.0,0.0,0.0,0.0,0.0,0.0,0.0,0.000121389,0.0,0.0,0.001092498,0.0,0.000728332,0.0,0.008011653,0.0,0.0,0.0,0.0,0.0,0.002913328,0.0,0.0,0.0,0.0,0.0,0.0,0.0,0.0,0.0,0.002913328,0.0,0.0,0.0,0.0,0.0,0.0,0.0,0.0,0.0,0.0,0.0,0.0,0.0,0.0,0.0,0.0,0.0,0.0,0.0,0.0,0.0,0.0,0.0,0.0,0.0,0.0,0.0,0.002184996,0.000971109,0.0,0.0,0.0,0.0,0.0,0.0,0.0,0.0,0.0,0.0,0.0,0.0,0.001213887,0.0,0.0,0.0,0.0,0.0,0.0,0.000364166,0.0,0.000121389,0.0,0.0,0.011410537,0.001699442,0.0,0.0,0.079145424,0.0,0.0,0.0,0.0,0.002549162,0.0,0.0,0.0,0.0,0.0,0.0,0.0,0.000971109,0.0,0.0,0.0,0.0,0.0,0.0,0.0,0.0,0.0,0.009832484,0.0,0.0,0.0,0.0,0.0,0.0,0.0,0.0,0.0,0.0,0.0,0.0,0.0,0.0,0.0,0.0,0.0,0.0,0.0,0.0,0.0,0.000606943,0.0,0.0,0.0,0.0,0.0,0.0,0.0,0.0,0.0,0.0,0.0,0.000485555,0.0,0.0,0.0,0.0,0.0,0.0,0.0,0.005219714,0.000242777,0.003156106,0.0,0.001335276,0.0,0.005826657,0.0,0.011896091,0.0,0.0,0.0,0.0,0.0,0.000242777,0.0,0.000606943,0.0,0.0,0.000606943,0.0,0.002549162,0.0,0.0,0.0,0.0,0.0,0.0,0.0,0.0,0.000364166,0.0,0.0,0.0,0.0,0.0,0.0,0.008254431,0.0,0.0,0.005948046,0.000971109,0.0,0.0,0.0,0.0,0.005948046,0.000242777,0.0,0.0,0.0,0.0,0.0,0.0,0.0,0.0,0.0,0.0,0.0,0.0,0.0,0.0,0.0,0.0,0.0,0.0,0.0,0.0,0.0,0.0,0.0,0.0,0.0,0.0,0.0,0.0,0.0,0.0,0.0,0.0,0.0,0.0,0.0,0.0,0.0,0.0,0.0,0.0,0.0,0.0,0.0,0.0,0.0,0.0,0.0,0.0,0.0,0.0,0.001335276,0.0,0.0,0.0,0.0,0.0,0.0,0.0,0.0,0.0,0.0,0.0,0.000121389,0.0,0.0,0.0,0.0,0.0,0.000606943,0.0,0.0,0.0,0.002063608,0.000364166,0.0,0.0,0.0,0.0,0.0,0.0,0.007768876,0.0,0.0,0.0,0.0,0.0,0.0,0.0,0.0,0.0,0.000606943,0.0,0.0,0.0,0.0,0.0,0.0,0.0,0.0,0.0,0.0,0.000606943,0.0,0.0,0.000242777,0.0,0.0,0.0,0.0,0.0,0.0,0.0,0.0,0.0,0.0,0.0,0.0,0.0,0.0,0.0,0.000121389,0.0,0.0,0.0,0.0,0.0,0.0,0.0,0.0,0.027919398,0.0,0.0,0.0,0.0,0.0,0.000121389,0.0,0.041150765,0.0,0.0,0.0,0.0,0.0,0.0,0.0,0.0,0.0,0.0,0.0,0.0,0.0,0.0,0.0,0.0,0.0,0.0,0.0,0.32070891,0.0,0.0,0.000121389,0.0,0.0,0.0,0.0,0.0,0.0,0.0,0.0,0.0,0.0,0.0,0.0,0.0,0.0,0.0,0.0,0.0,0.0,0.0,0.0,0.0,0.0,0.0,0.0,0.0,0.0,0.0,0.0,0.0,0.0,0.0,0.0,0.0,0.0,0.0,0.0,0.0,0.0,0.0,0.0,0.0,0.0,0.0,0.0,0.005948046,0.0,0.0,0.0,0.0,0.0,0.001092498,0.0,0.0,0.024156349,0.0,0.0,0.0,0.0,0.0,0.0,0.0,0.0,0.0,0.0,0.0,0.0,0.0,0.000121389,0.0,0.000728332,0.0,0.0,0.0,0.000364166,0.0,0.0,0.0,0.0,0.0,0.0,0.0,0.0,0.0,0.000849721,0.0,0.0,0.0,0.0,0.0,0.0,0.0,0.0,0.0,0.0,0.0,0.0,0.0,0.0,0.0,0.0,0.0,0.0,0.0,0.0,0.0,0.0,0.0,0.0,0.0,0.0,0.0,0.000971109,0.0,0.0,0.0,0.000242777,0.0,0.0,0.002913328,0.0,0.0,0.0,0.0,0.0,0.0,0.0,0.0,0.0,0.0,0.0,0.0,0.0,0.0,0.0,0.0,0.0,0.0,0.0,0.0,0.0,0.0,0.0,0.002913328,0.0,0.001578053,0.0,0.0,0.0,0.0,0.0,0.0,0.0,0.0,0.0,0.0,0.0
25,0.0,0.0,0.0,0.0,0.0,0.0,0.0,0.0,0.0,0.0,0.0,0.0,0.003398883,0.0,0.0,0.0,0.001456664,0.0,0.0,0.0,0.0,0.0,0.0,0.0,0.0,0.0,0.003763049,0.015780529,0.0,0.002184996,0.0,0.0,0.0,0.0,0.0,0.002427774,0.0,0.0,0.0,0.0,0.0,0.0,0.0,0.0,0.0,0.0,0.0,0.0,0.0,0.0,0.0,0.0,0.0,0.0,0.0,0.0,0.0,0.0,0.0,0.0,0.0,0.0,0.0,0.000121389,0.020271911,0.0,0.0,0.0,0.0,0.0,0.0,0.0,0.0,0.0,0.0,0.0,0.0,0.0,0.0,0.0,0.0,0.0,0.0,0.0,0.0,0.0,0.000121389,0.0,0.0,0.0,0.0,0.0,0.0,0.0,0.0,0.0,0.0,0.002913328,0.0,0.0,0.0,0.0,0.000121389,0.0,0.0,0.0,0.0,0.0,0.0,0.0,0.0,0.0,0.0,0.0,0.0,0.0,0.0,0.0,0.0,0.0,0.0,0.0,0.128307842,0.0,0.0,0.0,0.0,0.0,0.0,0.0,0.0,0.0,0.0,0.0,0.0,0.0,0.0,0.0,0.0,0.0,0.0,0.0,0.0,0.199563001,0.0,0.0,0.0,0.0,0.0,0.0,0.149186696,0.0,0.0,0.0,0.0,0.0,0.001578053,0.0,0.0,0.0,0.0,0.0,0.0,0.0,0.001335276,0.0,0.000606943,0.000242777,0.0,0.0,0.0,0.0,0.0,0.0,0.0,0.002670551,0.0,0.0,0.0,0.0,0.0,0.0,0.0,0.0,0.0,0.0,0.0,0.0,0.0,0.0,0.000121389,0.0,0.0,0.0,0.0,0.0,0.0,0.0,0.0,0.0,0.0,0.0,0.012503035,0.0,0.0,0.0,0.0,0.0,0.0,0.0,0.0,0.0,0.0,0.0,0.0,0.0,0.0,0.0,0.0,0.0,0.0,0.0,0.0,0.0,0.0,0.0,0.0,0.0,0.0,0.0,0.0,0.0,0.0,0.0,0.0,0.0,0.0,0.0,0.0,0.0,0.0,0.0,0.0,0.0,0.0,0.0,0.0,0.0,0.002063608,0.0,0.0,0.0,0.0,0.0,0.0,0.0,0.0,0.0,0.0,0.0,0.0,0.0,0.0,0.0,0.0,0.0,0.0,0.0,0.0,0.0,0.0,0.0,0.0,0.0,0.0,0.0,0.0,0.0,0.076110706,0.0,0.0,0.0,0.0,0.0,0.0,0.0,0.000364166,0.0,0.0,0.0,0.0,0.0,0.0,0.0,0.0,0.0,0.0,0.0,0.0,0.0,0.0,0.0,0.0,0.0,0.0,0.0,0.0,0.0,0.0,0.000485555,0.0,0.0,0.001942219,0.04066521,0.0,0.0,0.077324593,0.0,0.0,0.0,0.0,0.0,0.0,0.0,0.0,0.0,0.0,0.0,0.0,0.004734159,0.00182083,0.0,0.0,0.0,0.0,0.0,0.0,0.0,0.0,0.001699442,0.0,0.0,0.0,0.0,0.0,0.0,0.0,0.0,0.0,0.0,0.0,0.0,0.0,0.0,0.0,0.0,0.0,0.0,0.0,0.0,0.0,0.0,0.000971109,0.0,0.0,0.000242777,0.0,0.0,0.000606943,0.0,0.0,0.0,0.0,0.0,0.0,0.0,0.0,0.0,0.0,0.000121389,0.0,0.003277495,0.0,0.0,0.0,0.0,0.0,0.0,0.0,0.01104637,0.0,0.0,0.0,0.0,0.0,0.0,0.0,0.0,0.0,0.0,0.000242777,0.0,0.001456664,0.0,0.0,0.0,0.0,0.0,0.004976936,0.0,0.0,0.0,0.0,0.003763049,0.0,0.0,0.0,0.0,0.0,0.0,0.0,0.009346929,0.0,0.0,0.0,0.0,0.0,0.0,0.0,0.0,0.0,0.0,0.0,0.0,0.0,0.0,0.0,0.0,0.0,0.0,0.0,0.0,0.0,0.0,0.0,0.0,0.0,0.0,0.0,0.0,0.0,0.0,0.0,0.0,0.0,0.0,0.0,0.0,0.0,0.0,0.0,0.0,0.0,0.0,0.0,0.0,0.0,0.0,0.0,0.0,0.0,0.0,0.0,0.0,0.0,0.0,0.0,0.0,0.0,0.005098325,0.0,0.0,0.0,0.0,0.0,0.0,0.0,0.0,0.003156106,0.0,0.0,0.0,0.0,0.0,0.0,0.0,0.0,0.0,0.0,0.0,0.0,0.0,0.0,0.0,0.0,0.0,0.055110464,0.0,0.0,0.0,0.0,0.0,0.0,0.002063608,0.0,0.000971109,0.0,0.0,0.0,0.0,0.000121389,0.0,0.0,0.0,0.0,0.0,0.0,0.0,0.0,0.0,0.0,0.0,0.0,0.000971109,0.0,0.0,0.0,0.0,0.0,0.0,0.0,0.0,0.0,0.0,0.0,0.0,0.0,0.0,0.0,0.0,0.0,0.0,0.0,0.0,0.0,0.0,0.0,0.0,0.0,0.0,0.0,0.0,0.0,0.0,0.0,0.0,0.0,0.0,0.0,0.0,0.0,0.0,0.0,0.0,0.0,0.0,0.0,0.0,0.0,0.0,0.0,0.0,0.0,0.0,0.0,0.0,0.0,0.0,0.0,0.0,0.0,0.0,0.0,0.0,0.0,0.0,0.0,0.0,0.0,0.0,0.0,0.0,0.0,0.0,0.0,0.0,0.0,0.0,0.0,0.0,0.0,0.0,0.0,0.0,0.0,0.0,0.0,0.0,0.0,0.0,0.0,0.0,0.0,0.0,0.0,0.0,0.0,0.0,0.0,0.0,0.0,0.0,0.0,0.0,0.0,0.0,0.0,0.0,0.0,0.0,0.0,0.0,0.0,0.009711095,0.014202476,0.019786356,0.0,0.0,0.0,0.0,0.003763049,0.0,0.0,0.0,0.000242777,0.000242777,0.0,0.001456664,0.0,0.002306385,0.000364166,0.000242777,0.0,0.0,0.0,0.0,0.0,0.0,0.0,0.0,0.0,0.0,0.0,0.078781258,0.000242777,0.0,0.0,0.0,0.0,0.0,0.0,0.0,0.0,0.0,0.0,0.0,0.0,0.0,0.0,0.0,0.000485555,0.0,0.0,0.004976936,0.0,0.0,0.0,0.0,0.0,0.0,0.0,0.000364166,0.0,0.0,0.0,0.000364166,0.0,0.0,0.000121389,0.0,0.0,0.0,0.0,0.0,0.0,0.0,0.0,0.0,0.0,0.0,0.0,0.0,0.0,0.0,0.0,0.0,0.0,0.0,0.0,0.000728332,0.0,0.0,0.0,0.000121389,0.001942219,0.0,0.0,0.0,0.0,0.0,0.0,0.0,0.000121389,0.0,0.0,0.0
26,0.0,0.0,0.0,0.000364166,0.0,0.0,0.0,0.0,0.0,0.0,0.0,0.0,0.0,0.0,0.0,0.0,0.004248604,0.0,0.0,0.0,0.0,0.0,0.0,0.0,0.0,0.0,0.0,0.0,0.0,0.0,0.0,0.0,0.0,0.0,0.0,0.008254431,0.001335276,0.0,0.0,0.0,0.0,0.0,0.0,0.0,0.0,0.0,0.0,0.0,0.0,0.0,0.0,0.0,0.0,0.0,0.0,0.0,0.0,0.0,0.0,0.000121389,0.0,0.0,0.0,0.0,0.0,0.0,0.0,0.0,0.0,0.0,0.0,0.0,0.0,0.0,0.0,0.0,0.0,0.0,0.0,0.0,0.0,0.0,0.0,0.0,0.0,0.0,0.0,0.0,0.0,0.0,0.0,0.0,0.0,0.0,0.0,0.0,0.0,0.030104394,0.0,0.0,0.0,0.0,0.0,0.0,0.0,0.0,0.0,0.0,0.0,0.0,0.0,0.0,0.0,0.0,0.0,0.0,0.0,0.0,0.0,0.0,0.0,0.0,0.005462491,0.0,0.0,0.0,0.0,0.0,0.0,0.000849721,0.0,0.0,0.0,0.0,0.0,0.0,0.0,0.0,0.029133285,0.0,0.0,0.0,0.0,0.0,0.0,0.0,0.0,0.0,0.0,0.015659141,0.707696043,0.0,0.0,0.0,0.0,0.0,0.005462491,0.0,0.0,0.0,0.0,0.000606943,0.0,0.0,0.002670551,0.0,0.0,0.0,0.0,0.0,0.0,0.0,0.0,0.0,0.0,0.001699442,0.0,0.0,0.0,0.0,0.0,0.0,0.0,0.0,0.0,0.0,0.0,0.0,0.0,0.0,0.0,0.0,0.0,0.0,0.0,0.0,0.000242777,0.0,0.0,0.0,0.0,0.0,0.0,0.0,0.0,0.0,0.0,0.0,0.0,0.0,0.0,0.0,0.0,0.0,0.0,0.0,0.0,0.0,0.0,0.0,0.0,0.0,0.0,0.0,0.0,0.0,0.0,0.0,0.0,0.0,0.0,0.0,0.0,0.0,0.0,0.0,0.0,0.0,0.0,0.0,0.0,0.0,0.0,0.0,0.0,0.0,0.0,0.0,0.0,0.0,0.0,0.0,0.0,0.0,0.0,0.0,0.0,0.0,0.0,0.0,0.0,0.0,0.0,0.0,0.0,0.0,0.0,0.0,0.0,0.0,0.0,0.0,0.0,0.0,0.0,0.0,0.0,0.0,0.0,0.0,0.0,0.0,0.0,0.0,0.0,0.0,0.0,0.0,0.0,0.0,0.0,0.0,0.0,0.0,0.0,0.0,0.0,0.000364166,0.001092498,0.0,0.004855547,0.0,0.000364166,0.0,0.0,0.0,0.0,0.001213887,0.0,0.0,0.0,0.0,0.0,0.04624909,0.0,0.0,0.006919155,0.0,0.0,0.0,0.0,0.0,0.0,0.0,0.0,0.0,0.0,0.0,0.0,0.0,0.000606943,0.0,0.0,0.0,0.0,0.0,0.0,0.0,0.0,0.000364166,0.0,0.0,0.0,0.0,0.0,0.0,0.003520272,0.0,0.0,0.0,0.0,0.0,0.0,0.0,0.000242777,0.013474144,0.0,0.0,0.0,0.0,0.0,0.0,0.0,0.0,0.0,0.0,0.0,0.0,0.0,0.0,0.0,0.0,0.0,0.0,0.0,0.0,0.0,0.0,0.0,0.0,0.000971109,0.000485555,0.0,0.0,0.0,0.0,0.0,0.0,0.0,0.001456664,0.0,0.0,0.0,0.0,0.0,0.0,0.0,0.0,0.0,0.0,0.001578053,0.0,0.0,0.0,0.0,0.0,0.0,0.0,0.0,0.0,0.0,0.0,0.0,0.0,0.0,0.0,0.0,0.0,0.0,0.0,0.0,0.00461277,0.0,0.0,0.0,0.0,0.0,0.0,0.0,0.0,0.0,0.0,0.0,0.0,0.0,0.0,0.0,0.0,0.0,0.0,0.0,0.0,0.0,0.0,0.0,0.0,0.0,0.0,0.0,0.0,0.0,0.0,0.0,0.0,0.0,0.0,0.000121389,0.0,0.0,0.0,0.0,0.0,0.0,0.0,0.0,0.0,0.0,0.0,0.025006069,0.0,0.0,0.0,0.0,0.006069434,0.005341102,0.0,0.0,0.0,0.0,0.000242777,0.0,0.0,0.0,0.0,0.0,0.0,0.0,0.0,0.0,0.0,0.0,0.0,0.0,0.0,0.0,0.0,0.0,0.0,0.0,0.0,0.0,0.0,0.0,0.0,0.0,0.0,0.0,0.0,0.0,0.0,0.0,0.0,0.0,0.0,0.0,0.0,0.0,0.0,0.0,0.0,0.0,0.0,0.0,0.0,0.0,0.0,0.0,0.0,0.0,0.0,0.0,0.0,0.0,0.0,0.0,0.0,0.0,0.0,0.0,0.0,0.0,0.0,0.0,0.0,0.0,0.0,0.0,0.0,0.0,0.0,0.0,0.0,0.001578053,0.0,0.0,0.000121389,0.0,0.0,0.011896091,0.0,0.0,0.0,0.0,0.0,0.001213887,0.0,0.003156106,0.0,0.0,0.0,0.0,0.0,0.0,0.0,0.0,0.0,0.0,0.0,0.0,0.0,0.0,0.0,0.0,0.0,0.0,0.0,0.0,0.0,0.0,0.0,0.0,0.0,0.0,0.0,0.000121389,0.0,0.0,0.0,0.0,0.0,0.0,0.0,0.0,0.0,0.0,0.0,0.0,0.0,0.0,0.0,0.0,0.0,0.0,0.0,0.0,0.0,0.0,0.0,0.0,0.0,0.0,0.0,0.0,0.0,0.0,0.0,0.0,0.0,0.0,0.0,0.000242777,0.0,0.0,0.0,0.004491381,0.0,0.0,0.0,0.0,0.0,0.0,0.0,0.0,0.000121389,0.0,0.0,0.0,0.000121389,0.0,0.0,0.0,0.0,0.0,0.0,0.0,0.0,0.0,0.000121389,0.0,0.0,0.0,0.0,0.0,0.0,0.0,0.0,0.0,0.0,0.0,0.0,0.0,0.0,0.0,0.0,0.0,0.0,0.0,0.0,0.0,0.0,0.0,0.0,0.0,0.0,0.0,0.0,0.0,0.0,0.0,0.0,0.0,0.0,0.0,0.0,0.0,0.0,0.0,0.0,0.0,0.0,0.0,0.010682204,0.0,0.0,0.0,0.000364166,0.0,0.0,0.0,0.0,0.0,0.0,0.0,0.0,0.0,0.0,0.0,0.0,0.0,0.0,0.0,0.0,0.0,0.0,0.0,0.0,0.0,0.0,0.0,0.0,0.0,0.0,0.000364166,0.0,0.024277737,0.0,0.0,0.0,0.0,0.0,0.0,0.0,0.002063608,0.0,0.0,0.0
27,0.0,0.0,0.0,0.0,0.0,0.0,0.0,0.0,0.0,0.0,0.0,0.0,0.0,0.000121389,0.0,0.000121389,0.021849964,0.0,0.0,0.000121389,0.0,0.0,0.014081088,0.002427774,0.0,0.0,0.00279194,0.0,0.0,0.0,0.0,0.0,0.0,0.000242777,0.0,0.0,0.00182083,0.0,0.0,0.0,0.0,0.0,0.0,0.0,0.0,0.0,0.0,0.0,0.0,0.0,0.0,0.0,0.0,0.0,0.0,0.0,0.0,0.0,0.0,0.00182083,0.0,0.0,0.0,0.0,0.0,0.0,0.0,0.002184996,0.000242777,0.0,0.0,0.004976936,0.0,0.0,0.0,0.0,0.000849721,0.000728332,0.000364166,0.0,0.00740471,0.0,0.0,0.0,0.0,0.0,0.0,0.0,0.0,0.0,0.0,0.0,0.0,0.0,0.0,0.0,0.0,0.000728332,0.0,0.0,0.0,0.0,0.0,0.0,0.000121389,0.0,0.0,0.0,0.0,0.0,0.0,0.0,0.0,0.000971109,0.0,0.0,0.0,0.0,0.0,0.0,0.0,0.0,0.009589706,0.0,0.0,0.0,0.0,0.0,0.0,0.004005827,0.0,0.000364166,0.074532654,0.0,0.0,0.0,0.003156106,0.0,0.0,0.0,0.0,0.0,0.0,0.005826657,0.050012139,0.000121389,0.0,0.0,0.010560816,0.024884681,0.027312454,0.015659141,0.002306385,0.0,0.0,0.0,0.000485555,0.0,0.0,0.0,0.0,0.000606943,0.000971109,0.0,0.001335276,0.0,0.001092498,0.0,0.0,0.0,0.0,0.0,0.0,0.0,0.0,0.0,0.0,0.000606943,0.0,0.000728332,0.0,0.0,0.0,0.0,0.0,0.0,0.0,0.0,0.0,0.0,0.000242777,0.0,0.0,0.0,0.0,0.0,0.0,0.0,0.0,0.0,0.0,0.0,0.005462491,0.0,0.0,0.0,0.0,0.0,0.0,0.0,0.0,0.000485555,0.0,0.0,0.0,0.0,0.0,0.0,0.0,0.002427774,0.000242777,0.0,0.0,0.0,0.0,0.0,0.0,0.0,0.0,0.0,0.0,0.0,0.0,0.0,0.0,0.0,0.0,0.0,0.0,0.0,0.0,0.0,0.0,0.0,0.0,0.0,0.0,0.0,0.000728332,0.0,0.0,0.0,0.0,0.0,0.000121389,0.0,0.0,0.0,0.004248604,0.000242777,0.0,0.0,0.0,0.0,0.0,0.0,0.0,0.0,0.0,0.000121389,0.0,0.0,0.000121389,0.0,0.0,0.0,0.0,0.0,0.067370721,0.0,0.015780529,0.0,0.0,0.0,0.000121389,0.0,0.000728332,0.000364166,0.0,0.0,0.0,0.0,0.0,0.0,0.0,0.0,0.0,0.0,0.0,0.0,0.0,0.0,0.0,0.0,0.000242777,0.0,0.0,0.0,0.0,0.0,0.0,0.0,0.000971109,0.001578053,0.0,0.0,0.01663025,0.007040544,0.0,0.0,0.0,0.0,0.0,0.0,0.0,0.0,0.0,0.0,0.0,0.002184996,0.0,0.0,0.0,0.0,0.0,0.0,0.0,0.0,0.0,0.000849721,0.0,0.0,0.0,0.0,0.0,0.0,0.0,0.0,0.0,0.0,0.0,0.0,0.0,0.0,0.000121389,0.029011896,0.0,0.0,0.0,0.000606943,0.001335276,0.000364166,0.0,0.0,0.0,0.0,0.0,0.0,0.0,0.0,0.0,0.0,0.0,0.0,0.0,0.0,0.0,0.0,0.0,0.000242777,0.0,0.001213887,0.0,0.0,0.0,0.000121389,0.0,0.0,0.0,0.003156106,0.0,0.0,0.0,0.001213887,0.0,0.0,0.0,0.001213887,0.0,0.0,0.000121389,0.0,0.048191309,0.0,0.0,0.0,0.000728332,0.0,0.0,0.0,0.0,0.0,0.0,0.0,0.000121389,0.000121389,0.0,0.0,0.000849721,0.0,0.0,0.00558388,0.0,0.000364166,0.0,0.0,0.000364166,0.0,0.0,0.0,0.0,0.0,0.000364166,0.0,0.0,0.0,0.0,0.0,0.0,0.0,0.0,0.0,0.0,0.0,0.0,0.001456664,0.0,0.0,0.0,0.0,0.000121389,0.0,0.0,0.0,0.0,0.0,0.0,0.0,0.0,0.000606943,0.0,0.0,0.000121389,0.0,0.0,0.000606943,0.002306385,0.0,0.0,0.0,0.0,0.0,0.0,0.0,0.0,0.0,0.0,0.0,0.0,0.000485555,0.0,0.0,0.0,0.000242777,0.0,0.0,0.0,0.0,0.0,0.0,0.0,0.006190823,0.0,0.0,0.0,0.0,0.0,0.000606943,0.0,0.0,0.0,0.0,0.0,0.0,0.001578053,0.0,0.0,0.0,0.0,0.010318038,0.0,0.0,0.0,0.032774945,0.000485555,0.001699442,0.0,0.0,0.003520272,0.000485555,0.000606943,0.0,0.0,0.0,0.002306385,0.000121389,0.0,0.0,0.0,0.0,0.000121389,0.0,0.0,0.000364166,0.0,0.000849721,0.0,0.0,0.000485555,0.0,0.0,0.0,0.0,0.0,0.0,0.000242777,0.0,0.0,0.0,0.0,0.0,0.000121389,0.0,0.002063608,0.0,0.0,0.0,0.0,0.012260257,0.0,0.005826657,0.008982763,0.0,0.0,0.0,0.0,0.000242777,0.0,0.0,0.0,0.0,0.0,0.0,0.0,0.0,0.0,0.0,0.0,0.000121389,0.0,0.0,0.0,0.0,0.0,0.0,0.0,0.006069434,0.0,0.0,0.0,0.0,0.0,0.0,0.0,0.024156349,0.0,0.0,0.0,0.0,0.0,0.0,0.0,0.0,0.0,0.0,0.155013353,0.0,0.0,0.0,0.0,0.0,0.0,0.0,0.0,0.0,0.0,0.0,0.0,0.0,0.0,0.0,0.0,0.0,0.003156106,0.0,0.0,0.0,0.0,0.0,0.0,0.0,0.0,0.0,0.0,0.0,0.0,0.0,0.0,0.0,0.0,0.0,0.0,0.0,0.011653314,0.000606943,0.002913328,0.0,0.000121389,0.0,0.0,0.0,0.0,0.0,0.0,0.000242777,0.0,0.0,0.0,0.0,0.0,0.0,0.0,0.003034717,0.0,0.0,0.000242777,0.0,0.0,0.0,0.000242777,0.0,0.0,0.0,0.0,0.000121389,0.0,0.0,0.0,0.0,0.0,0.0,0.0,0.0,0.0,0.0,0.0,0.0,0.0,0.0,0.0,0.0,0.0,0.0,0.0,0.0,0.0,0.0,0.0,0.0,0.0,0.0,0.020757465,0.0,0.0,0.0,0.031925225,0.0,0.0,0.042607429,0.000242777,0.0,0.0,0.000242777,0.0,0.0,0.0,0.0,0.0,0.0,0.0,0.0,0.0,0.000606943,0.0,0.0,0.0,0.0,0.0,0.0,0.0,0.0,0.0,0.0,0.0,0.057659626,0.0,0.014566642,0.003034717,0.000121389,0.0,0.0,0.0,0.000485555,0.0,0.0,0.0
28,0.0,0.000121389,0.0,0.0,0.0,0.0,0.0,0.0,0.0,0.0,0.012260257,0.000242777,0.0,0.0,0.0,0.0,0.039572712,0.0,0.000121389,0.0,0.0,0.0,0.0,0.0,0.0,0.0,0.0,0.0,0.0,0.0,0.0,0.0,0.0,0.0,0.0,0.001456664,0.000728332,0.000364166,0.0,0.0,0.0,0.0,0.0,0.0,0.000121389,0.0,0.0,0.0,0.0,0.0,0.0,0.0,0.000364166,0.0,0.0,0.0,0.0,0.0,0.0,0.0,0.000485555,0.0,0.0,0.0,0.0,0.0,0.0,0.00279194,0.0,0.0,0.0,0.026705511,0.0,0.0,0.0,0.0,0.0,0.0,0.0,0.0,0.001335276,0.0,0.0,0.0,0.0,0.0,0.0,0.0,0.0,0.0,0.0,0.0,0.0,0.0,0.0,0.0,0.0,0.0,0.0,0.000242777,0.0,0.0,0.0,0.0,0.0,0.000242777,0.0,0.000606943,0.0,0.0,0.0,0.0,0.0,0.0,0.0,0.0,0.0,0.0,0.0,0.0,0.0,0.0,0.021121631,0.0,0.0,0.0,0.0,0.0,0.0,0.0,0.0,0.0,0.0,0.0,0.0,0.005705268,0.0,0.0,0.0,0.000242777,0.0,0.0,0.0,0.001092498,0.3401311,0.00922554,0.0,0.035809663,0.0,0.048798252,0.082908473,0.002670551,0.002306385,0.0,0.0,0.0,0.001456664,0.0,0.000121389,0.0,0.0,0.002670551,0.000849721,0.0,0.009104151,0.0,0.000971109,0.000242777,0.0,0.0,0.0,0.0,0.0,0.0,0.0,0.023549405,0.0,0.0,0.0,0.001942219,0.0,0.000242777,0.0,0.0,0.0,0.0,0.0,0.0,0.0,0.0,0.000121389,0.0,0.0,0.0,0.0,0.000242777,0.0,0.0,0.0,0.0,0.0,0.0,0.000971109,0.0,0.0,0.0,0.0,0.0,0.0,0.0,0.0,0.0,0.0,0.0,0.0,0.0,0.0,0.002913328,0.0,0.0,0.0,0.0,0.0,0.0,0.0,0.0,0.0,0.0,0.0,0.0,0.0,0.0,0.0,0.0,0.0,0.0,0.0,0.0,0.011774703,0.0,0.006919155,0.0,0.000242777,0.0,0.0,0.0,0.0,0.0,0.000364166,0.0,0.0,0.0,0.0,0.0,0.0,0.0,0.0,0.0,0.0,0.0,0.0,0.0,0.000121389,0.0,0.0,0.0,0.0,0.0,0.0,0.0,0.0,0.0,0.0,0.0,0.0,0.0,0.0,0.000849721,0.0,0.0,0.0,0.0,0.0,0.0,0.0,0.0,0.000728332,0.010318038,0.0,0.0,0.0,0.0,0.0,0.0,0.0,0.001092498,0.0,0.0,0.006554989,0.0,0.016387473,0.0,0.0,0.0,0.0,0.0,0.0,0.0,0.0,0.0,0.0,0.0,0.0,0.010075261,0.0,0.0,0.07574654,0.0,0.0,0.0,0.0,0.0,0.0,0.0,0.0,0.0,0.0,0.0,0.0,0.0,0.001213887,0.0,0.0,0.0,0.0,0.0,0.00279194,0.0,0.0,0.000728332,0.0,0.0,0.0,0.0,0.0,0.0,0.0,0.0,0.0,0.0,0.0,0.0,0.0,0.0,0.0,0.005341102,0.000121389,0.000121389,0.0,0.0,0.003641661,0.0,0.0,0.0,0.0,0.0,0.0,0.0,0.0,0.0,0.0,0.0,0.0,0.0,0.0,0.0,0.0,0.0,0.0,0.000485555,0.0,0.000728332,0.0,0.0,0.0,0.000121389,0.0,0.000121389,0.0,0.003520272,0.0,0.0,0.0,0.0,0.0,0.0,0.0,0.000121389,0.0,0.0,0.0,0.0,0.002549162,0.0,0.0,0.0,0.0,0.0,0.0,0.0,0.0,0.0,0.0,0.000121389,0.0,0.0,0.000606943,0.000364166,0.000364166,0.0,0.0,0.003398883,0.0,0.000849721,0.0,0.0,0.0,0.0,0.0,0.0,0.0,0.0,0.000364166,0.0,0.0,0.0,0.0,0.0,0.0,0.0,0.0,0.0,0.0,0.0,0.0,0.0,0.0,0.0,0.0,0.0,0.0,0.0,0.0,0.0,0.0,0.0,0.0,0.0,0.0,0.0,0.0,0.0,0.0,0.0,0.0,0.0,0.0,0.0,0.0,0.0,0.0,0.0,0.0,0.0,0.0,0.0,0.0,0.0,0.0,0.012503035,0.0,0.0,0.0,0.0,0.0,0.022578296,0.0,0.0,0.0,0.0,0.0,0.0,0.0,0.0,0.0,0.0,0.0,0.000485555,0.0,0.0,0.0,0.0,0.0,0.0,0.0,0.0,0.000121389,0.0,0.0,0.000364166,0.0,0.0,0.0,0.004005827,0.0,0.0,0.0,0.0,0.000971109,0.0,0.0,0.0,0.0,0.0,0.000242777,0.0,0.0,0.0,0.0,0.0,0.0,0.0,0.0,0.000242777,0.0,0.0,0.0,0.0,0.0,0.0,0.0,0.0,0.0,0.0,0.0,0.0,0.0,0.0,0.0,0.0,0.0,0.0,0.0,0.0,0.0,0.0,0.0,0.0,0.013352756,0.0,0.0,0.006554989,0.0,0.0,0.002427774,0.0,0.001699442,0.0,0.000728332,0.0,0.0,0.0,0.0,0.0,0.0,0.0,0.0,0.0,0.0,0.0,0.0,0.0,0.0,0.0,0.0,0.0,0.049405195,0.0,0.0,0.0,0.0,0.0,0.0,0.0,0.0,0.0,0.0,0.0,0.0,0.0,0.0,0.0,0.0,0.0,0.0,0.0,0.0,0.0,0.0,0.0,0.0,0.0,0.0,0.0,0.0,0.0,0.0,0.0,0.0,0.0,0.0,0.0,0.0,0.0,0.0,0.0,0.0,0.0,0.0,0.0,0.0,0.0,0.0,0.000242777,0.0,0.0,0.0,0.0,0.0,0.0,0.000849721,0.0,0.0,0.010682204,0.0,0.000485555,0.0,0.0,0.0,0.0,0.004976936,0.0,0.0,0.0,0.000242777,0.0,0.0,0.000242777,0.0,0.000485555,0.0,0.0,0.0,0.000121389,0.0,0.0,0.0,0.0,0.0,0.0,0.0,0.0,0.0,0.0,0.0,0.0,0.0,0.0,0.0,0.0,0.0,0.0,0.0,0.0,0.0,0.0,0.0,0.0,0.0,0.0,0.0,0.000242777,0.0,0.0,0.0,0.0,0.0,0.0,0.0,0.0,0.0,0.0,0.0,0.0,0.0,0.000242777,0.0,0.0,0.007283321,0.0,0.0,0.0,0.0,0.0,0.003763049,0.0,0.0,0.0,0.0,0.0,0.0,0.0,0.0,0.000364166,0.0,0.0,0.0,0.0,0.0,0.0,0.0,0.0,0.0,0.0,0.002063608,0.0,0.0,0.0,0.0,0.0,0.0,0.0,0.0,0.0,0.0,0.0
29,0.0,0.000364166,0.0,0.0,0.0,0.0,0.0,0.0,0.0,0.0,0.0,0.0,0.0,0.0,0.0,0.0,0.0,0.0,0.0,0.000364166,0.0,0.0,0.0,0.0,0.0,0.0,0.0,0.0,0.0,0.0,0.0,0.0,0.0,0.0,0.005219714,0.16824472,0.001699442,0.0,0.0,0.0,0.0,0.0,0.0,0.0,0.0,0.0,0.0,0.0,0.0,0.0,0.0,0.0,0.0,0.0,0.0,0.0,0.0,0.0,0.0,0.0,0.001335276,0.0,0.0,0.0,0.0,0.0,0.0,0.002427774,0.0,0.0,0.0,0.0,0.0,0.0,0.0,0.0,0.0,0.0,0.0,0.0,0.0,0.0,0.0,0.0,0.0,0.0,0.0,0.0,0.0,0.0,0.0,0.0,0.0,0.0,0.0,0.0,0.0,0.007040544,0.0,0.000121389,0.0,0.0,0.0,0.0,0.0,0.0,0.0,0.0,0.0,0.0,0.0,0.0,0.0,0.0,0.0,0.0,0.0,0.0,0.0,0.0,0.0,0.0,0.00182083,0.0,0.0,0.0,0.045642146,0.0,0.0,0.0,0.0,0.0,0.0,0.0,0.0,0.0,0.0,0.0,0.008982763,0.0,0.0,0.0,0.0,0.0,0.0,0.0,0.0,0.0,0.003641661,0.023306628,0.074047099,0.0,0.0,0.0,0.0,0.0,0.003034717,0.0,0.0,0.0,0.0,0.0,0.002427774,0.0,0.188638019,0.0,0.0,0.0,0.0,0.0,0.0,0.0,0.0,0.0,0.0,0.0,0.0,0.005219714,0.0,0.0,0.0,0.0,0.0,0.0,0.0,0.0,0.0,0.0,0.0,0.0,0.0,0.0,0.0,0.0,0.0,0.0,0.0,0.0,0.0,0.0,0.0,0.0,0.0,0.0,0.0,0.0,0.0,0.0,0.0,0.0,0.0,0.0,0.0,0.0,0.0,0.0,0.0,0.0,0.0,0.0,0.0,0.0,0.0,0.0,0.0,0.0,0.0,0.0,0.0,0.0,0.0,0.0,0.0,0.0,0.0,0.0,0.0,0.0,0.0,0.0,0.0,0.0,0.003156106,0.0,0.0,0.0,0.0,0.0,0.0,0.0,0.0,0.0,0.0,0.0,0.000485555,0.0,0.0,0.0,0.0,0.0,0.0,0.0,0.0,0.0,0.0,0.0,0.0,0.0,0.0,0.0,0.0,0.0,0.0,0.0,0.0,0.0,0.0,0.0,0.0,0.0,0.0,0.0,0.0,0.0,0.0,0.0,0.0,0.000971109,0.0,0.000606943,0.0,0.0,0.0,0.0,0.0,0.0,0.0,0.0,0.0,0.0,0.000728332,0.0,0.0,0.000242777,0.0,0.0,0.0,0.018329692,0.0,0.00922554,0.0,0.0,0.0,0.121752853,0.0,0.000849721,0.0,0.0,0.0,0.0,0.0,0.004127215,0.0,0.0,0.0,0.0,0.0,0.0,0.0,0.004369993,0.001213887,0.0,0.0,0.0,0.0,0.0,0.0,0.0,0.0,0.001335276,0.0,0.0,0.0,0.0,0.0,0.0,0.0,0.0,0.0,0.0,0.0,0.0,0.0,0.0,0.0,0.0,0.0,0.0,0.0,0.0,0.0,0.0,0.000485555,0.0,0.0,0.0,0.000849721,0.0,0.004734159,0.0,0.0,0.0,0.0,0.0,0.0,0.0,0.0,0.0,0.0,0.001335276,0.0,0.03423161,0.000971109,0.0,0.0,0.0,0.0,0.0,0.030347172,0.000242777,0.0,0.0,0.0,0.0,0.0,0.0,0.0,0.0,0.0,0.0,0.000242777,0.0,0.0,0.0,0.0,0.0,0.0,0.0,0.0,0.0,0.0,0.0,0.0,0.0,0.0,0.0,0.0,0.0,0.0,0.0,0.0,0.081815975,0.0,0.0,0.0,0.0,0.0,0.0,0.0,0.0,0.0,0.0,0.0,0.0,0.0,0.0,0.0,0.0,0.0,0.0,0.0,0.0,0.0,0.0,0.0,0.0,0.0,0.0,0.0,0.0,0.0,0.0,0.0,0.0,0.0,0.0,0.0,0.0,0.0,0.0,0.0,0.0,0.0,0.0,0.0,0.0,0.0,0.0,0.0,0.0,0.0,0.0,0.0,0.0,0.0,0.0,0.0,0.0,0.0,0.000121389,0.0,0.0,0.0,0.0,0.0,0.0,0.0,0.0,0.000242777,0.0,0.0,0.0,0.0,0.0,0.0,0.0,0.0,0.000121389,0.0,0.0,0.0,0.0,0.0,0.0,0.0,0.0,0.0,0.0,0.0,0.0,0.0,0.0,0.0,0.0,0.0,0.0,0.0,0.0,0.0,0.0,0.0,0.0,0.0,0.0,0.0,0.0,0.0,0.0,0.0,0.000242777,0.0,0.0,0.0,0.0,0.0,0.0,0.0,0.0,0.0,0.0,0.0,0.0,0.0,0.0,0.0,0.0,0.0,0.0,0.0,0.0,0.0,0.0,0.0,0.0,0.0,0.000364166,0.0,0.0,0.01019665,0.0,0.0,0.0,0.0,0.0,0.0,0.0,0.0,0.0,0.0,0.0,0.0,0.0,0.0,0.0,0.0,0.0,0.0,0.0,0.0,0.0,0.0,0.0,0.0,0.0,0.0,0.0,0.0,0.0,0.0,0.0,0.0,0.0,0.0,0.0,0.0,0.0,0.0,0.0,0.0,0.0,0.0,0.0,0.0,0.0,0.0,0.0,0.0,0.0,0.0,0.0,0.0,0.0,0.0,0.0,0.0,0.0,0.0,0.0,0.0,0.0,0.0,0.0,0.0,0.0,0.0,0.0,0.0,0.0,0.0,0.0,0.0,0.0,0.0,0.0,0.0,0.0,0.0,0.0,0.0,0.0,0.0,0.0,0.0,0.0,0.0,0.0,0.0,0.0,0.0,0.0,0.0,0.0,0.0,0.0,0.0,0.0,0.0,0.001578053,0.0,0.000606943,0.0,0.0,0.0,0.0,0.0,0.0,0.0,0.0,0.0,0.0,0.0,0.0,0.0,0.0,0.0,0.0,0.0,0.0,0.0,0.0,0.0,0.0,0.0,0.0,0.0,0.0,0.0,0.0,0.0,0.0,0.0,0.0,0.0,0.0,0.0,0.0,0.0,0.0,0.0,0.0,0.0,0.089827628,0.0,0.0,0.0,0.000242777,0.0,0.0,0.0,0.0,0.0,0.0,0.0,0.0,0.000485555,0.0,0.0,0.0,0.0,0.0,0.0,0.0,0.0,0.000364166,0.0,0.0,0.0,0.0,0.0,0.0,0.0,0.0,0.029376062,0.0,0.0,0.0,0.0,0.0,0.0,0.0,0.0,0.0,0.0,0.0,0.0,0.0
30,0.0,0.0,0.0,0.0,0.0,0.0,0.001335276,0.0,0.0,0.0,0.001092498,0.005341102,0.0,0.001578053,0.0,0.000121389,0.001335276,0.0,0.0,0.0,0.0,0.0,0.010924982,0.001213887,0.0,0.005219714,0.002306385,0.001578053,0.0,0.0,0.0,0.001092498,0.0,0.0,0.0,0.0,0.036295217,0.0,0.0,0.0,0.0,0.0,0.0,0.0,0.0,0.0,0.0,0.0,0.0,0.0,0.0,0.0,0.0,0.0,0.0,0.0,0.0,0.0,0.0,0.022335518,0.009589706,0.0,0.0,0.0,0.0,0.0,0.0,0.004976936,0.000728332,0.0,0.0,0.021364409,0.0,0.0,0.0,0.000485555,0.00182083,0.000485555,0.000121389,0.0,0.000971109,0.000849721,0.0,0.0,0.0,0.0,0.0,0.044064093,0.0,0.0,0.0,0.0,0.0,0.0,0.0,0.0,0.0,0.001092498,0.004248604,0.0,0.0,0.0,0.0,0.0,0.0,0.0,0.0,0.0,0.0,0.0,0.0,0.0,0.00461277,0.0,0.000606943,0.000364166,0.00182083,0.0,0.0,0.0,0.0,0.0,0.002063608,0.020757465,0.0,0.0,0.0,0.0,0.000242777,0.000849721,0.0,0.0,0.00922554,0.0,0.000242777,0.0,0.0,0.0,0.000121389,0.0,0.0,0.0,0.000242777,0.00279194,0.067734887,0.001092498,0.0,0.008618597,0.000485555,0.013352756,0.009953872,0.0,0.0,0.0,0.0,0.0,0.0,0.0,0.0,0.0,0.0,0.0,0.000728332,0.0,0.001213887,0.0,0.002063608,0.001578053,0.0,0.0,0.0,0.000121389,0.0,0.000364166,0.0,0.000728332,0.0,0.000121389,0.0,0.000728332,0.0,0.000242777,0.001213887,0.0,0.0,0.000242777,0.0,0.0,0.0,0.0,0.0,0.000121389,0.000242777,0.0,0.0,0.0,0.0,0.0,0.056202962,0.0,0.0,0.0,0.000485555,0.000121389,0.0,0.0,0.0,0.0,0.0,0.0,0.0,0.000121389,0.0,0.0,0.000242777,0.0,0.0,0.0,0.0,0.024156349,0.008133042,0.004369993,0.0,0.0,0.0,0.000242777,0.0,0.0,0.0,0.0,0.0,0.0,0.0,0.0,0.0,0.0,0.0,0.0,0.0,0.0,0.0,0.0,0.0,0.0,0.0,0.0,0.0,0.0,0.000606943,0.0,0.0,0.0,0.0,0.0,0.0,0.0,0.0,0.0,0.032532168,0.000364166,0.000606943,0.001578053,0.0,0.0,0.0,0.0,0.0,0.0,0.0,0.000364166,0.0,0.0,0.0,0.0,0.0,0.0,0.0,0.0,0.0,0.0,0.0,0.0,0.0,0.0,0.0,0.0,0.007768876,0.002549162,0.0,0.0,0.0,0.0,0.0,0.0,0.0,0.0,0.0,0.0,0.000728332,0.0,0.000242777,0.0,0.0,0.0,0.0,0.0,0.0,0.0,0.0,0.0,0.0,0.0,0.000971109,0.002306385,0.0,0.0,0.030832726,0.002427774,0.0,0.0,0.0,0.0,0.0,0.0,0.0,0.0,0.0,0.0,0.0,0.0,0.0,0.0,0.0,0.0,0.0,0.0,0.0,0.0,0.0,0.000606943,0.0,0.0,0.0,0.0,0.0,0.0,0.0,0.0,0.0,0.0,0.0,0.0,0.0,0.0,0.0,0.0,0.0,0.0,0.0,0.000728332,0.000849721,0.0,0.0,0.0,0.000242777,0.0,0.0,0.0,0.0,0.0,0.0,0.0,0.0,0.0,0.0,0.0,0.0,0.0,0.0,0.003034717,0.0,0.000485555,0.0,0.0,0.0,0.000242777,0.0,0.0,0.0,0.002913328,0.0,0.0,0.0,0.0,0.0,0.0,0.0,0.0,0.0,0.0,0.0,0.0,0.011896091,0.0,0.004127215,0.0,0.001456664,0.0,0.0,0.0,0.0,0.0,0.000485555,0.0,0.0,0.0,0.0,0.0,0.001456664,0.0,0.0,0.047584365,0.0,0.0,0.0,0.0,0.000364166,0.0,0.0,0.0,0.0,0.0,0.0,0.0,0.0,0.0,0.0,0.0,0.0,0.0,0.0,0.0,0.0,0.0,0.000485555,0.0,0.0,0.0,0.0,0.0,0.0,0.0,0.0,0.0,0.0,0.0,0.0,0.0,0.0,0.0,0.0,0.0,0.0,0.0,0.0,0.0,0.0,0.0,0.0,0.0,0.0,0.0,0.0,0.0,0.0,0.0,0.01019665,0.0,0.0,0.00461277,0.000121389,0.001578053,0.0,0.000364166,0.0,0.010682204,0.0,0.0,0.000364166,0.0,0.0,0.005705268,0.0,0.0,0.0,0.0,0.0,0.000485555,0.0,0.001335276,0.0,0.0,0.0,0.0,0.0,0.0,0.000728332,0.0,0.000242777,0.009468318,0.0,0.0,0.0,0.024641903,0.003884438,0.0,0.0,0.0,0.003034717,0.001456664,0.0,0.0,0.0,0.000242777,0.002427774,0.000242777,0.0,0.000242777,0.001578053,0.0,0.0,0.0,0.0,0.0,0.0,0.000606943,0.0,0.0,0.000606943,0.0,0.0,0.0,0.0,0.0,0.0,0.000121389,0.0,0.0,0.000121389,0.0,0.0,0.0,0.0,0.0,0.0,0.0,0.0,0.0,0.007526099,0.0,0.0,0.0,0.0,0.015294975,0.0,0.0,0.000485555,0.0,0.0,0.0,0.0,0.0,0.0,0.0,0.0,0.0,0.0,0.000242777,0.0,0.0,0.0,0.0,0.0,0.018693858,0.025370235,0.0,0.0,0.0,0.0,0.0,0.0,0.0,0.0,0.0,0.016144695,0.0,0.0,0.0,0.0,0.008011653,0.0,0.0,0.0,0.0,0.0,0.17188638,0.0,0.000485555,0.000849721,0.0,0.0,0.0,0.0,0.0,0.0,0.0,0.0,0.0,0.0,0.0,0.0,0.0,0.0,0.0,0.0,0.0,0.0,0.013109978,0.0,0.0,0.0,0.0,0.0,0.0,0.002549162,0.0,0.0,0.0,0.0,0.0,0.0,0.0,0.0,0.011531925,0.000606943,0.002306385,0.0,0.0,0.0,0.0,0.000121389,0.0,0.0,0.0,0.000971109,0.0,0.0,0.0,0.000364166,0.0,0.000606943,0.000121389,0.001578053,0.0,0.0,0.008011653,0.0,0.0,0.0,0.0,0.0,0.0,0.0,0.000364166,0.004734159,0.0,0.0,0.0,0.0,0.0,0.0,0.0,0.0,0.0,0.0,0.0,0.0,0.0,0.0,0.0,0.000121389,0.0,0.0,0.0,0.0,0.0,0.0,0.0,0.0,0.0,0.0,0.0,0.0,0.0,0.0,0.0,0.0,0.0,0.00740471,0.0,0.0,0.0,0.0,0.0,0.0,0.0,0.0,0.0,0.0,0.0,0.0,0.0,0.0,0.000242777,0.0,0.0,0.0,0.0,0.0,0.0,0.0,0.0,0.0,0.0,0.001092498,0.0,0.0,0.0,0.0,0.0,0.0,0.0,0.001699442,0.0,0.0,0.0
31,0.0,0.0,0.0,0.0,0.0,0.0,0.0,0.0,0.0,0.0,0.0,0.0,0.0,0.0,0.0,0.0,0.0,0.0,0.0,0.000121389,0.0,0.0,0.0,0.0,0.0,0.0,0.000121389,0.0,0.0,0.0,0.0,0.0,0.0,0.0,0.0,0.030589949,0.0,0.0,0.0,0.0,0.0,0.0,0.0,0.0,0.0,0.0,0.0,0.0,0.0,0.0,0.0,0.0,0.0,0.0,0.0,0.0,0.0,0.0,0.0,0.0,0.0,0.0,0.0,0.0,0.0,0.0,0.0,0.0,0.0,0.0,0.0,0.0,0.0,0.0,0.0,0.0,0.0,0.0,0.0,0.0,0.0,0.0,0.0,0.0,0.0,0.0,0.0,0.0,0.0,0.0,0.0,0.0,0.0,0.0,0.0,0.0,0.0,0.001699442,0.0,0.0,0.0,0.0,0.0,0.0,0.0,0.0,0.0,0.0,0.0,0.0,0.0,0.0,0.0,0.0,0.0,0.0,0.0,0.0,0.0,0.0,0.0,0.0,0.001942219,0.0,0.0,0.0,0.0,0.0,0.0,0.0,0.0,0.000364166,0.0,0.0,0.0,0.0,0.0,0.0,0.0,0.0,0.0,0.0,0.0,0.0,0.836610828,0.0,0.0,0.000121389,0.000364166,0.005098325,0.016023307,0.0,0.0,0.0,0.0,0.0,0.002549162,0.0,0.0,0.0,0.0,0.000364166,0.0,0.0,0.003398883,0.0,0.0,0.0,0.0,0.0,0.0,0.0,0.0,0.0,0.0,0.0,0.0,0.0,0.0,0.0,0.0,0.0,0.0,0.0,0.0,0.0,0.0,0.0,0.0,0.0,0.0,0.0,0.0,0.0,0.0,0.0,0.0,0.0,0.0,0.0,0.0,0.0,0.0,0.0,0.0,0.0,0.0,0.0,0.0,0.0,0.0,0.0,0.0,0.0,0.0,0.0,0.0,0.0,0.0,0.0,0.0,0.0,0.0,0.0,0.0,0.0,0.0,0.0,0.0,0.0,0.0,0.0,0.0,0.0,0.0,0.0,0.0,0.0,0.0,0.0,0.0,0.0,0.0,0.0,0.0,0.0,0.0,0.0,0.000728332,0.0,0.0,0.0,0.0,0.0,0.0,0.0,0.0,0.0,0.0,0.0,0.0,0.0,0.0,0.0,0.0,0.0,0.0,0.0,0.0,0.0,0.0,0.0,0.0,0.0,0.0,0.0,0.0,0.0,0.0,0.0,0.0,0.0,0.0,0.0,0.0,0.0,0.0,0.0,0.0,0.0,0.0,0.0,0.0,0.0,0.0,0.0,0.0,0.0,0.0,0.0,0.0,0.0,0.0,0.0,0.0,0.0,0.0,0.0,0.0,0.0,0.0,0.0,0.0,0.001942219,0.0,0.0,0.0,0.0,0.0,0.0,0.0,0.0,0.0,0.0,0.0,0.0,0.0,0.0,0.0,0.0,0.0,0.0,0.0,0.0,0.0,0.0,0.0,0.0,0.0,0.0,0.0,0.0,0.0,0.0,0.0,0.00279194,0.0,0.0,0.0,0.0,0.0,0.0,0.0,0.0,0.0,0.0,0.0,0.0,0.0,0.0,0.0,0.0,0.0,0.0,0.0,0.0,0.0,0.0,0.000242777,0.0,0.0,0.0,0.0,0.0,0.0,0.0,0.0,0.0,0.0,0.0,0.0,0.00182083,0.0,0.0,0.0,0.0,0.0,0.001578053,0.0,0.00279194,0.0,0.0,0.0,0.0,0.0,0.0,0.0,0.0,0.0,0.0,0.000242777,0.0,0.0,0.0,0.0,0.0,0.0,0.0,0.0,0.0,0.0,0.0,0.0,0.0,0.0,0.0,0.0,0.0,0.0,0.0,0.0,0.006069434,0.0,0.0,0.0,0.0,0.0,0.0,0.0,0.0,0.0,0.0,0.0,0.0,0.0,0.0,0.0,0.0,0.0,0.0,0.0,0.0,0.0,0.0,0.0,0.0,0.0,0.0,0.0,0.0,0.0,0.0,0.0,0.0,0.0,0.0,0.0,0.0,0.0,0.0,0.0,0.0,0.015659141,0.0,0.0,0.034474387,0.009104151,0.0,0.0,0.0,0.0,0.0,0.0,0.0,0.0,0.0,0.0,0.0,0.0,0.0,0.0,0.0,0.0,0.0,0.0,0.0,0.0,0.0,0.0,0.0,0.0,0.0,0.0,0.0,0.0,0.0,0.0,0.0,0.0,0.0,0.0,0.0,0.0,0.0,0.0,0.0,0.0,0.0,0.0,0.0,0.0,0.0,0.0,0.0,0.0,0.0,0.0,0.0,0.0,0.0,0.0,0.0,0.0,0.0,0.0,0.0,0.0,0.0,0.0,0.0,0.0,0.0,0.0,0.0,0.0,0.0,0.0,0.0,0.0,0.0,0.0,0.0,0.0,0.0,0.0,0.0,0.0,0.0,0.0,0.0,0.0,0.0,0.0,0.0,0.0,0.0,0.0,0.0,0.000971109,0.0,0.0,0.0,0.0,0.0,0.012624423,0.0,0.003641661,0.0,0.0,0.0,0.0,0.0,0.0,0.0,0.0,0.0,0.0,0.0,0.0,0.0,0.0,0.0,0.0,0.0,0.0,0.0,0.0,0.0,0.0,0.0,0.0,0.0,0.0,0.0,0.0,0.0,0.0,0.0,0.0,0.0,0.0,0.0,0.0,0.0,0.0,0.000485555,0.0,0.0,0.0,0.0,0.0,0.0,0.0,0.0,0.0,0.0,0.0,0.0,0.0,0.0,0.0,0.0,0.0,0.0,0.0,0.0,0.0,0.0,0.0,0.0,0.0,0.0,0.0,0.0,0.0,0.0,0.0,0.0,0.0,0.0,0.0,0.0,0.0,0.0,0.0,0.0,0.0,0.0,0.0,0.0,0.0,0.0,0.0,0.0,0.0,0.0,0.0,0.000364166,0.0,0.0,0.0,0.0,0.0,0.0,0.0,0.0,0.0,0.0,0.0,0.0,0.0,0.0,0.0,0.0,0.0,0.0,0.0,0.0,0.0,0.0,0.0,0.0,0.0,0.0,0.0,0.0,0.0,0.0,0.0,0.0,0.0,0.0,0.0,0.0,0.0,0.0,0.0,0.0,0.0,0.0,0.0,0.001942219,0.0,0.0,0.0,0.0,0.0,0.0,0.0,0.0,0.0,0.0,0.0,0.0,0.0,0.0,0.0,0.0,0.0,0.0,0.0,0.0,0.0,0.0,0.0,0.0,0.0,0.0,0.0,0.0,0.0,0.0,0.000971109,0.00182083,0.000121389,0.0,0.000242777,0.0,0.0,0.0,0.0,0.0,0.0,0.0,0.0,0.0
32,0.0,0.0,0.0,0.0,0.0,0.0,0.0,0.0,0.0,0.0,0.006312212,0.0,0.0,0.0,0.0,0.0,0.01019665,0.0,0.0,0.000121389,0.0,0.0,0.016144695,0.0,0.003641661,0.0,0.002427774,0.000364166,0.0,0.0,0.0,0.0,0.0,0.0,0.0,0.0,0.012381646,0.0,0.0,0.0,0.0,0.0,0.0,0.0,0.0,0.0,0.0,0.0,0.0,0.0,0.0,0.0,0.0,0.0,0.0,0.0,0.0,0.0,0.0,0.04624909,0.0,0.0,0.0,0.0,0.0,0.0,0.0,0.0,0.0,0.0,0.0,0.008982763,0.0,0.0,0.0,0.000121389,0.0,0.0,0.002184996,0.0,0.001456664,0.00279194,0.0,0.0,0.0,0.0,0.0,0.0,0.0,0.0,0.0,0.0,0.0,0.0,0.0,0.0,0.0,0.000121389,0.0,0.0,0.0,0.0,0.0,0.0,0.0,0.0,0.0,0.0,0.0,0.0,0.0,0.0,0.0,0.0,0.000485555,0.0,0.0,0.0,0.0,0.0,0.0,0.0,0.006190823,0.032046613,0.0,0.0,0.0,0.0,0.0,0.0,0.0,0.002427774,0.036173829,0.0,0.000121389,0.001213887,0.000485555,0.0,0.0,0.0,0.0,0.0,0.0,0.003884438,0.063486283,0.0,0.0,0.003156106,0.001456664,0.005341102,0.018208303,0.000364166,0.000485555,0.0,0.0,0.0,0.0,0.0,0.0,0.0,0.0,0.000121389,0.001578053,0.0,0.024520515,0.0,0.006190823,0.000849721,0.0,0.0,0.0,0.0,0.0,0.0,0.000242777,0.000242777,0.0,0.001578053,0.0,0.000242777,0.0,0.001578053,0.000121389,0.0,0.0,0.0,0.0,0.0,0.0,0.0,0.0,0.0,0.0,0.0,0.0,0.0,0.0,0.000121389,0.002670551,0.0,0.0,0.0,0.000485555,0.0,0.0,0.0,0.0,0.0,0.0,0.0,0.0,0.000242777,0.0,0.0,0.0,0.0,0.0,0.0,0.0,0.008497208,0.0,0.0,0.0,0.0,0.0,0.0,0.0,0.0,0.0,0.0,0.0,0.0,0.0,0.0,0.0,0.0,0.0,0.0,0.001335276,0.0,0.0,0.0,0.000242777,0.0,0.0,0.0,0.0,0.0,0.000364166,0.0,0.0,0.0,0.0,0.0,0.0,0.0,0.0,0.0,0.02124302,0.0,0.001335276,0.0,0.0,0.0,0.0,0.0,0.0,0.0,0.0,0.000121389,0.0,0.0,0.0,0.0,0.0,0.0,0.0,0.0,0.009832484,0.0,0.047948531,0.0,0.0,0.0,0.0,0.0,0.000606943,0.000606943,0.0,0.0,0.0,0.0,0.0,0.0,0.0,0.0,0.0,0.0,0.000728332,0.0,0.002063608,0.0,0.0,0.0,0.0,0.0,0.0,0.0,0.0,0.0,0.0,0.0,0.0,0.002184996,0.0,0.0,0.165088614,0.0,0.0,0.0,0.0,0.0,0.0,0.0,0.0,0.0,0.0,0.0,0.0,0.000728332,0.000242777,0.0,0.0,0.0,0.0,0.0,0.0,0.0,0.0,0.0,0.0,0.0,0.0,0.0,0.000121389,0.0,0.0,0.0,0.0,0.0,0.0,0.0,0.0,0.0,0.000121389,0.023792183,0.0,0.0,0.0,0.001335276,0.0,0.0,0.0,0.0,0.000121389,0.0,0.0,0.0,0.0,0.0,0.0,0.0,0.0,0.0,0.0,0.0,0.0,0.0,0.0,0.024156349,0.0,0.000971109,0.0,0.0,0.0,0.000971109,0.0,0.000606943,0.0,0.02306385,0.0,0.0,0.0,0.0,0.0,0.000364166,0.0,0.000121389,0.0,0.0,0.003641661,0.000121389,0.033503277,0.0,0.000364166,0.0,0.000121389,0.000121389,0.0,0.000606943,0.0,0.0,0.0,0.000849721,0.0,0.0,0.000242777,0.000606943,0.000242777,0.0,0.0,0.020150522,0.0,0.000364166,0.0,0.000121389,0.0,0.0,0.0,0.0,0.0,0.0,0.0,0.0,0.0,0.0,0.0,0.0,0.0,0.0,0.0,0.0,0.0,0.0,0.0,0.0,0.0,0.0,0.0,0.0,0.0,0.0,0.0,0.0,0.0,0.0,0.0,0.0,0.0,0.0,0.0,0.000606943,0.0,0.0,0.0,0.001092498,0.0,0.0,0.0,0.0,0.0,0.0,0.0,0.0,0.0,0.0,0.0,0.0,0.0,0.0,0.0,0.0,0.0,0.000364166,0.0,0.006312212,0.0,0.0,0.0,0.0,0.0,0.001578053,0.0,0.0,0.0,0.0,0.0,0.000849721,0.0,0.0,0.0,0.0,0.0,0.0,0.003156106,0.0,0.0,0.0,0.0,0.003520272,0.0,0.000121389,0.0,0.010439427,0.004491381,0.002913328,0.0,0.000485555,0.003641661,0.000242777,0.0,0.000121389,0.0,0.0,0.001335276,0.0,0.0,0.0,0.0,0.000121389,0.000121389,0.0,0.0,0.000364166,0.0,0.0,0.0,0.0,0.0,0.0,0.0,0.0,0.0,0.000121389,0.0,0.0,0.0,0.0,0.0,0.0,0.0,0.0,0.0,0.0,0.0,0.0,0.0,0.0,0.007526099,0.0,0.000121389,0.001578053,0.0,0.0,0.0,0.0,0.000121389,0.0,0.0,0.0,0.0,0.0,0.0,0.0,0.0,0.0,0.0,0.0,0.0,0.0,0.0,0.0,0.0,0.057902403,0.017844137,0.0,0.000606943,0.0,0.0,0.0,0.0,0.0,0.0,0.0,0.003641661,0.022335518,0.0,0.0,0.0,0.0,0.0,0.0,0.0,0.0,0.0,0.043699927,0.0,0.0,0.0,0.0,0.0,0.000121389,0.0,0.0,0.0,0.0,0.0,0.0,0.0,0.0,0.0,0.0,0.000728332,0.00922554,0.0,0.0,0.0,0.0,0.0,0.0,0.0,0.0,0.0,0.0,0.000121389,0.0,0.0,0.0,0.0,0.0,0.00558388,0.001456664,0.0,0.013474144,0.000242777,0.003641661,0.0,0.000121389,0.0,0.0,0.011167759,0.0,0.0,0.0,0.000364166,0.000121389,0.0,0.0,0.0,0.0,0.0,0.0,0.0,0.0,0.0,0.000364166,0.0,0.0,0.0,0.013231367,0.0,0.0,0.0,0.001456664,0.000849721,0.0,0.0,0.0,0.0,0.0,0.0,0.0,0.0,0.0,0.0,0.0,0.0,0.0,0.0,0.0,0.000242777,0.0,0.0,0.0,0.0,0.0,0.000485555,0.0,0.0,0.0,0.0,0.000971109,0.0,0.0,0.0,0.000849721,0.0,0.0,0.003520272,0.0,0.0,0.0,0.0,0.0,0.0,0.0,0.0,0.0,0.0,0.0,0.0,0.0,0.0,0.0,0.0,0.000121389,0.000728332,0.0,0.0,0.0,0.0,0.0,0.0,0.0,0.003641661,0.0,0.0,0.0,0.0,0.0,0.0,0.0,0.0,0.0,0.0,0.0
33,0.0,0.0,0.0,0.0,0.0,0.0,0.000121389,0.0,0.0,0.0,0.00558388,0.001213887,0.000242777,0.0,0.0,0.0,0.023306628,0.0,0.0,0.0,0.0,0.0,0.010682204,0.000121389,0.0,0.0,0.0,0.0,0.0,0.0,0.000121389,0.0,0.0,0.0,0.0,0.0,0.001335276,0.0,0.0,0.0,0.0,0.0,0.000121389,0.0,0.0,0.0,0.0,0.0,0.0,0.0,0.0,0.0,0.0,0.0,0.0,0.0,0.0,0.0,0.0,0.002184996,0.0,0.0,0.0,0.0,0.0,0.0,0.0,0.000728332,0.0,0.0,0.0,0.0,0.0,0.0,0.0,0.0,0.0,0.0,0.0,0.0,0.000242777,0.0,0.0,0.0,0.0,0.0,0.0,0.0,0.0,0.0,0.0,0.0,0.0,0.0,0.0,0.0,0.0,0.0,0.0,0.0,0.0,0.0,0.0,0.0,0.0,0.0,0.000121389,0.0,0.0,0.0,0.0,0.0,0.0,0.0,0.0,0.0,0.0,0.0,0.0,0.0,0.0,0.0,0.005219714,0.0,0.0,0.0,0.0,0.0,0.005948046,0.0,0.000606943,0.0,0.0,0.0,0.0,0.0,0.0,0.0,0.0,0.000242777,0.0,0.0,0.0,0.000364166,0.042607429,0.0,0.0,0.01383831,0.003034717,0.002549162,0.039815489,0.0,0.0,0.0,0.0,0.0,0.0,0.000121389,0.0,0.0,0.0,0.0,0.000849721,0.0,0.000121389,0.0,0.0,0.0,0.0,0.0,0.0,0.0,0.0,0.0,0.000242777,0.000121389,0.0,0.004491381,0.0,0.0,0.0,0.0,0.0,0.0,0.0,0.0,0.0,0.0,0.0,0.0,0.000121389,0.0,0.0,0.0,0.0,0.0,0.0,0.0,0.000364166,0.0,0.0,0.0,0.0,0.0,0.0,0.0,0.0,0.0,0.0,0.0,0.0,0.0,0.0,0.0,0.0,0.0,0.0,0.001092498,0.0,0.0,0.0,0.0,0.0,0.0,0.0,0.0,0.0,0.0,0.0,0.0,0.0,0.0,0.0,0.0,0.0,0.0,0.0,0.0,0.011774703,0.0,0.006312212,0.0,0.000849721,0.0,0.0,0.0,0.0,0.0,0.0,0.0,0.0,0.0,0.0,0.0,0.0,0.0,0.0,0.0,0.000242777,0.0,0.0,0.0,0.0,0.0,0.0,0.0,0.0,0.0,0.0,0.0,0.0,0.0,0.0,0.0,0.0,0.003884438,0.0,0.0,0.0,0.0,0.0,0.0,0.0,0.0,0.0,0.0,0.000121389,0.000485555,0.0,0.0,0.0,0.0,0.0,0.0,0.0,0.0,0.0,0.0,0.0,0.0,0.000606943,0.0,0.0,0.0,0.0,0.0,0.0,0.0,0.0,0.0,0.0,0.0,0.000121389,0.001456664,0.0,0.0,0.03508133,0.001942219,0.0,0.0,0.0,0.0,0.0,0.0,0.0,0.0,0.0,0.0,0.0,0.000364166,0.0,0.0,0.0,0.000121389,0.0,0.0,0.0,0.0,0.0,0.0,0.0,0.0,0.0,0.000121389,0.0,0.0,0.0,0.0,0.0,0.0,0.0,0.0,0.0,0.0,0.0,0.007040544,0.0,0.000121389,0.0,0.000121389,0.0,0.000121389,0.0,0.0,0.0,0.0,0.0,0.0,0.000242777,0.0,0.0,0.0,0.0,0.000242777,0.0,0.0,0.0,0.0,0.0,0.0,0.0,0.000364166,0.0,0.0,0.0,0.0,0.0,0.0,0.0,0.022456907,0.0,0.002549162,0.0,0.0,0.0,0.0,0.0,0.000849721,0.0,0.0,0.0,0.0,0.015294975,0.0,0.0,0.0,0.000606943,0.0,0.0,0.0,0.0,0.0,0.0,0.000485555,0.0,0.0,0.0,0.000242777,0.0,0.0,0.0,0.007283321,0.0,0.0,0.0,0.000121389,0.0,0.000121389,0.0,0.0,0.0,0.0,0.0,0.0,0.0,0.0,0.0,0.0,0.0,0.0,0.0,0.0,0.0,0.0,0.0,0.000121389,0.0,0.0,0.0,0.0,0.0,0.0,0.0,0.0,0.0,0.0,0.0,0.0,0.0,0.0,0.0,0.0,0.0,0.0,0.0,0.0,0.0,0.0,0.0,0.0,0.0,0.0,0.0,0.0,0.0,0.0,0.0,0.0,0.0,0.001092498,0.0,0.0,0.0,0.0,0.0,0.005462491,0.0,0.0,0.0,0.0,0.0,0.000606943,0.0,0.0,0.0,0.0,0.0,0.000121389,0.0,0.0,0.0,0.0,0.0,0.0,0.000606943,0.0,0.0,0.0,0.0,0.00279194,0.0,0.0,0.0,0.005705268,0.000728332,0.00182083,0.0,0.0,0.001213887,0.003763049,0.0,0.0,0.0,0.0,0.000728332,0.0,0.000242777,0.0,0.000728332,0.000121389,0.000971109,0.0,0.0,0.000728332,0.0,0.0,0.0,0.0,0.0,0.0,0.0,0.0,0.0,0.0,0.0,0.0,0.0,0.0,0.0,0.0,0.0,0.000121389,0.0,0.0,0.0,0.0,0.0,0.0,0.009468318,0.0,0.013474144,0.002913328,0.0,0.0,0.000971109,0.0,0.002913328,0.0,0.0,0.0,0.0,0.0,0.0,0.0,0.0,0.0,0.0,0.0,0.0,0.0,0.0,0.0,0.0,0.045642146,0.009832484,0.0,0.0,0.0,0.0,0.0,0.0,0.0,0.0,0.0,0.079145424,0.0,0.026219956,0.0,0.0,0.070405438,0.0,0.0,0.0,0.0,0.0,0.325928623,0.0,0.039087157,0.0,0.0,0.0,0.0,0.0,0.0,0.0,0.0,0.0,0.0,0.0,0.0,0.0,0.0,0.0,0.0,0.0,0.0,0.0,0.0,0.0,0.0,0.0,0.0,0.0,0.0,0.0,0.0,0.0,0.0,0.004491381,0.0,0.000242777,0.000364166,0.0,0.029376062,0.0,0.000849721,0.0,0.0,0.0,0.0,0.0,0.0,0.0,0.0,0.0,0.0,0.0,0.0,0.0,0.000121389,0.002184996,0.000242777,0.0,0.000242777,0.0,0.000121389,0.0,0.0,0.0,0.0,0.0,0.0,0.0,0.0064336,0.000849721,0.0,0.0,0.0,0.0,0.0,0.0,0.0,0.0,0.0,0.0,0.0,0.0,0.0,0.0,0.0,0.0,0.0,0.0,0.0,0.0,0.0,0.0,0.0,0.0,0.0,0.0,0.0,0.0,0.0,0.0,0.0,0.0,0.0,0.00182083,0.0,0.0,0.0,0.0,0.0,0.001578053,0.0,0.0,0.0,0.0,0.0,0.0,0.0,0.0,0.000364166,0.0,0.000121389,0.000121389,0.0,0.0,0.0,0.0,0.0,0.0,0.000242777,0.006312212,0.0,0.000242777,0.0,0.0,0.0,0.0,0.0,0.000364166,0.0,0.0,0.0
34,0.0,0.0,0.0,0.0,0.0,0.0,0.0,0.0,0.0,0.0,0.00814986,0.011677412,0.000608199,0.000729838,0.0,0.000243279,0.002676073,0.0,0.0,0.000851478,0.0,0.0,0.0,0.0,0.00012164,0.0,0.0,0.0,0.0,0.0,0.000364919,0.002554434,0.0,0.0,0.0,0.0,0.0,0.0,0.0,0.0,0.0,0.0,0.0,0.0,0.0,0.0,0.0,0.0,0.0,0.0,0.0,0.0,0.0,0.0,0.0,0.0,0.0,0.0,0.0,0.00413575,0.0,0.0,0.0,0.0,0.0,0.0,0.0,0.014110206,0.001824596,0.0,0.000243279,0.008758059,0.0,0.0,0.0,0.0,0.001946235,0.001459676,0.005108868,0.0,0.001338037,0.000243279,0.0,0.0,0.0,0.0,0.0,0.0,0.0,0.0,0.0,0.0,0.0,0.0,0.0,0.0,0.0,0.001702956,0.0,0.0,0.0,0.0,0.000364919,0.0,0.000243279,0.0,0.0,0.0,0.0,0.0,0.0,0.0,0.0,0.0,0.0,0.0,0.0,0.0,0.0,0.0,0.011434132,0.0,0.013988566,0.0,0.0,0.0,0.0,0.0,0.0,0.0,0.001459676,0.0,0.013137088,0.0,0.000364919,0.0,0.0,0.0,0.0,0.000851478,0.0,0.003405912,0.00012164,0.009122978,0.10242063,0.0,0.0,0.009852816,0.002189515,0.146819122,0.076997932,0.0,0.001216397,0.0,0.0,0.0,0.009001338,0.0,0.0,0.0,0.0,0.000973118,0.0,0.0,0.000973118,0.0,0.000608199,0.0,0.0,0.0,0.0,0.0,0.0,0.0,0.0,0.0,0.0,0.000243279,0.0,0.0,0.0,0.0,0.0,0.00413575,0.0,0.0,0.0,0.0,0.0,0.0,0.0,0.0,0.0,0.0,0.0,0.0,0.0,0.0,0.0,0.0,0.0,0.0,0.001338037,0.001216397,0.000243279,0.001824596,0.0,0.00012164,0.0,0.000851478,0.0,0.001459676,0.0,0.000486559,0.00012164,0.0,0.0,0.0,0.0,0.0,0.001702956,0.0,0.0,0.0,0.0,0.0,0.0,0.0,0.0,0.0,0.0,0.0,0.0,0.0,0.0,0.0,0.0,0.0,0.0,0.0,0.0,0.0,0.00012164,0.0,0.0,0.0,0.0,0.0,0.000364919,0.0,0.0,0.0,0.0,0.0,0.0,0.000851478,0.001094757,0.0,0.0,0.000608199,0.0,0.0,0.0,0.0,0.0,0.0,0.0,0.0,0.0,0.00012164,0.0,0.0,0.0,0.0,0.0,0.000973118,0.0,0.0,0.0,0.0,0.0,0.0,0.0,0.0,0.0,0.0,0.000364919,0.0,0.0,0.0,0.0,0.0,0.0,0.0,0.0,0.0,0.0,0.0,0.000243279,0.0,0.001338037,0.0,0.0,0.0,0.0,0.0,0.000364919,0.0,0.0,0.0,0.0,0.0,0.000486559,0.002067875,0.0,0.0,0.013258728,0.000729838,0.0,0.0,0.0,0.0,0.0,0.0,0.0,0.0,0.0,0.0,0.0,0.0,0.0,0.0,0.0,0.0,0.0,0.0,0.0,0.0,0.0,0.001824596,0.0,0.0,0.0,0.0,0.0,0.0,0.0,0.0,0.0,0.0,0.0,0.0,0.0,0.0,0.0,0.001702956,0.0,0.0,0.0,0.0,0.0,0.0,0.0,0.0,0.0,0.0,0.0,0.000486559,0.0,0.0,0.0,0.000364919,0.0,0.0,0.0,0.0,0.0,0.0,0.0,0.0,0.0,0.00012164,0.0,0.0,0.0,0.0,0.0,0.0,0.0,0.015448242,0.0,0.000243279,0.0,0.0,0.0,0.0,0.0,0.0,0.0,0.0,0.000364919,0.0,0.003040993,0.0,0.0,0.0,0.0,0.0,0.0,0.0,0.0,0.0,0.0,0.000243279,0.0,0.0,0.0,0.0,0.0,0.0,0.0,0.004622309,0.000243279,0.0,0.0,0.0,0.0,0.0,0.0,0.0,0.0,0.0,0.0,0.0,0.0,0.0,0.0,0.0,0.0,0.0,0.0,0.0,0.0,0.0,0.009852816,0.0,0.0,0.0,0.0,0.0,0.0,0.0,0.0,0.0,0.0,0.0,0.0,0.0,0.0,0.0,0.0,0.0,0.0,0.0,0.0,0.0,0.0,0.0,0.0,0.0,0.0,0.0,0.0,0.0,0.0,0.0,0.001459676,0.0,0.0,0.000364919,0.0,0.0,0.0,0.0,0.0,0.0,0.0,0.0,0.0,0.0,0.0,0.002797713,0.0,0.0,0.0,0.0,0.0,0.006081985,0.0,0.0,0.00012164,0.0,0.000486559,0.0,0.002067875,0.000243279,0.0,0.0,0.0,0.019097433,0.0,0.0,0.0,0.001216397,0.008879698,0.00012164,0.0,0.0,0.001338037,0.00839314,0.0,0.0,0.0,0.0,0.005838706,0.000243279,0.0,0.0,0.000486559,0.0,0.0,0.0,0.0,0.0,0.0,0.0,0.0,0.0,0.000243279,0.0,0.0,0.000486559,0.00012164,0.0,0.0,0.0,0.0,0.0,0.0,0.0,0.0,0.000364919,0.0,0.000486559,0.000729838,0.00012164,0.0,0.0,0.022624985,0.0,0.0,0.0,0.0,0.0,0.00012164,0.0,0.0,0.0,0.002311154,0.0,0.0,0.0,0.0,0.0,0.0,0.0,0.000243279,0.0,0.0,0.0,0.0,0.0,0.0,0.027125654,0.009244617,0.0,0.0,0.0,0.0,0.0,0.0,0.0,0.0,0.0,0.026395816,0.0,0.0,0.0,0.0,0.0,0.0,0.0,0.0,0.0,0.0,0.162267364,0.0,0.0,0.0,0.0,0.0,0.00012164,0.0,0.0,0.0,0.0,0.0,0.065807079,0.0,0.0,0.0,0.0,0.0,0.0,0.0,0.0,0.0,0.0,0.0,0.0,0.0,0.0,0.0,0.0,0.0,0.0,0.0,0.0,0.0,0.0,0.0,0.0,0.0,0.001459676,0.000364919,0.001094757,0.0,0.0,0.0,0.0,0.003527551,0.0,0.0,0.0,0.000729838,0.000243279,0.0,0.00012164,0.0,0.00012164,0.001581316,0.000364919,0.007055103,0.000486559,0.0,0.001824596,0.0,0.0,0.0,0.000851478,0.0,0.0,0.0,0.029315168,0.0,0.0,0.0,0.0,0.0,0.0,0.0,0.0,0.0,0.0,0.0,0.0,0.0,0.0,0.0,0.0,0.0,0.0,0.0,0.0,0.0,0.0,0.0,0.0,0.0,0.0,0.0,0.000243279,0.0,0.0,0.0,0.001824596,0.0,0.0,0.00802822,0.0,0.0,0.0,0.0,0.001216397,0.001702956,0.0,0.0,0.0,0.0,0.0,0.003040993,0.0,0.0,0.0,0.0,0.000364919,0.0,0.0,0.0,0.0,0.0,0.0,0.0,0.0,0.005595426,0.0,0.000851478,0.0,0.0,0.0,0.000243279,0.0,0.0,0.0,0.0,0.0
35,0.0,0.000121389,0.0,0.0,0.0,0.0,0.0,0.0,0.0,0.0,0.0,0.0,0.0,0.0,0.0,0.0,0.001213887,0.0,0.0,0.0,0.0,0.0,0.0,0.0,0.0,0.0,0.006069434,0.0,0.0,0.001092498,0.0,0.0,0.0,0.0,0.0,0.000485555,0.004248604,0.0,0.0,0.0,0.0,0.0,0.0,0.0,0.0,0.0,0.0,0.0,0.0,0.0,0.0,0.0,0.0,0.0,0.0,0.0,0.0,0.0,0.0,0.003156106,0.0,0.0,0.0,0.0,0.0,0.0,0.0,0.010439427,0.0,0.0,0.0,0.0,0.0,0.0,0.0,0.0,0.0,0.0,0.0,0.0,0.0,0.0,0.0,0.0,0.0,0.0,0.0,0.0,0.0,0.0,0.0,0.0,0.0,0.0,0.0,0.0,0.0,0.005948046,0.0,0.0,0.0,0.0,0.0,0.0,0.0,0.0,0.000242777,0.0,0.0,0.0,0.0,0.0,0.0,0.0,0.0,0.0,0.0,0.0,0.0,0.0,0.0,0.0,0.031925225,0.0,0.016023307,0.0,0.0,0.014323865,0.0,0.000242777,0.0,0.0,0.0,0.0,0.0,0.0,0.0,0.0,0.008011653,0.000242777,0.0,0.0,0.001699442,0.027919398,0.0,0.003398883,0.0,0.33272639,0.005705268,0.076110706,0.111677592,0.0,0.0,0.0,0.0,0.0,0.001699442,0.0,0.0,0.0,0.0,0.000606943,0.001335276,0.0,0.002549162,0.0,0.000242777,0.0,0.0,0.0,0.0,0.0,0.0,0.0,0.0,0.008982763,0.0,0.0,0.0,0.0,0.0,0.0,0.0,0.0,0.0,0.0,0.0,0.0,0.0,0.0,0.0,0.0,0.0,0.0,0.0,0.0,0.0,0.0,0.0,0.0,0.0,0.0,0.0,0.0,0.0,0.0,0.0,0.0,0.0,0.0,0.0,0.0,0.0,0.0,0.0,0.0,0.0,0.0,0.0,0.0,0.0,0.0,0.0,0.0,0.0,0.0,0.0,0.0,0.0,0.0,0.0,0.0,0.0,0.0,0.0,0.0,0.0,0.0,0.0,0.0,0.0,0.0,0.000242777,0.0,0.0,0.0,0.0,0.0,0.0,0.0,0.0,0.0,0.0,0.0,0.0,0.0,0.0,0.0,0.002184996,0.000485555,0.0,0.0,0.0,0.0,0.0,0.0,0.0,0.0,0.0,0.0,0.0,0.0,0.0,0.0,0.0,0.0,0.0,0.0,0.0,0.0,0.0,0.0,0.0,0.0,0.0,0.0,0.000242777,0.000242777,0.0,0.0,0.0,0.0,0.0,0.0,0.0,0.0,0.0,0.0,0.0,0.0,0.000728332,0.0,0.0,0.0,0.0,0.0,0.0,0.0,0.0,0.0,0.0,0.0,0.002063608,0.002427774,0.0,0.0,0.128672008,0.0,0.0,0.0,0.0,0.0,0.0,0.0,0.0,0.0,0.0,0.0,0.0,0.003884438,0.0,0.0,0.0,0.0,0.0,0.0,0.0,0.0,0.0,0.000364166,0.0,0.0,0.0,0.0,0.0,0.0,0.000121389,0.0,0.0,0.0,0.0,0.0,0.0,0.0,0.0,0.001092498,0.0,0.0,0.0,0.0,0.0,0.0,0.000728332,0.0,0.0,0.000364166,0.001456664,0.0,0.0,0.0,0.0,0.0,0.0,0.0,0.0,0.0,0.0,0.0,0.0,0.0,0.0,0.013959699,0.0,0.0,0.0,0.005826657,0.0,0.014202476,0.0,0.003277495,0.0,0.001213887,0.0,0.000606943,0.0,0.0,0.0,0.0,0.0,0.0,0.0,0.0,0.002306385,0.0,0.0,0.0,0.0,0.0,0.0,0.0,0.0,0.0,0.0,0.001335276,0.0,0.0,0.0,0.001456664,0.00558388,0.0,0.0,0.013231367,0.0,0.0,0.0,0.0,0.0,0.0,0.0,0.0,0.0,0.0,0.0,0.0,0.0,0.0,0.0,0.0,0.0,0.0,0.0,0.0,0.0,0.0,0.0,0.000121389,0.0,0.0,0.0,0.0,0.0,0.0,0.0,0.0,0.0,0.0,0.0,0.0,0.0,0.0,0.0,0.0,0.0,0.0,0.0,0.0,0.0,0.0,0.0,0.0,0.000121389,0.0,0.0,0.0,0.0,0.0,0.0,0.0,0.0,0.001335276,0.0,0.0,0.0,0.0,0.0,0.0,0.0,0.0,0.0,0.0,0.0,0.0,0.0,0.0,0.0,0.0,0.0,0.000971109,0.0,0.0,0.0,0.0,0.0,0.0,0.0,0.0,0.0,0.0,0.0,0.005826657,0.0,0.0,0.0,0.0,0.0,0.0,0.0,0.0,0.0,0.0,0.001213887,0.0,0.0,0.0,0.0,0.0,0.0,0.0,0.0,0.0,0.0,0.0,0.0,0.0,0.0,0.0,0.0,0.0,0.0,0.0,0.0,0.0,0.0,0.0,0.0,0.0,0.0,0.0,0.0,0.0,0.0,0.0,0.0,0.0,0.0,0.0,0.0,0.0,0.007283321,0.0,0.008739985,0.005219714,0.0,0.0,0.0,0.0,0.0,0.0,0.0,0.0,0.0,0.0,0.0,0.0,0.0,0.0,0.0,0.0,0.0,0.0,0.0,0.0,0.0,0.0,0.0,0.0,0.056202962,0.0,0.0,0.0,0.0,0.0,0.0,0.0,0.0,0.0,0.0,0.0,0.0,0.0,0.0,0.0,0.0,0.0,0.0,0.000242777,0.0,0.0,0.0,0.0,0.0,0.0,0.0,0.0,0.0,0.0,0.0,0.0,0.0,0.0,0.0,0.0,0.0,0.0,0.0,0.0,0.0,0.0,0.0,0.0,0.0,0.0,0.0,0.0,0.0,0.0,0.0,0.0,0.0,0.0,0.0,0.0,0.0,0.007526099,0.0,0.0,0.0,0.0,0.0,0.0,0.0,0.0,0.0,0.0,0.000606943,0.0,0.0,0.000364166,0.0,0.0,0.0,0.0,0.0,0.0,0.0,0.0,0.0,0.0,0.0,0.0,0.0,0.0,0.0,0.0,0.0,0.0,0.0,0.0,0.0,0.0,0.0,0.0,0.0,0.0,0.0,0.0,0.0,0.0,0.0,0.0,0.0,0.0,0.0,0.0,0.0,0.0,0.0,0.0,0.0,0.0,0.0,0.000849721,0.0,0.0,0.0,0.000485555,0.0,0.0,0.012988589,0.0,0.0,0.0,0.0,0.0,0.0,0.0,0.001092498,0.0,0.0,0.0,0.0,0.0,0.0,0.000606943,0.0,0.0,0.0,0.0,0.0,0.0,0.0,0.0,0.0,0.0,0.000971109,0.0,0.000485555,0.0,0.0,0.0,0.0,0.0,0.0,0.0,0.0,0.0
36,0.0,0.0,0.0,0.0,0.0,0.0,0.0,0.0,0.0,0.0,0.000849721,0.0,0.0,0.0,0.0,0.0,0.0,0.0,0.0,0.0,0.0,0.0,0.0,0.0,0.0,0.0,0.0,0.0,0.0,0.0,0.0,0.0,0.0,0.0,0.0,0.0,0.007040544,0.0,0.0,0.0,0.0,0.0,0.0,0.0,0.0,0.0,0.0,0.0,0.0,0.0,0.0,0.0,0.0,0.0,0.0,0.0,0.0,0.0,0.0,0.000971109,0.0,0.0,0.0,0.0,0.0,0.0,0.0,0.007768876,0.001699442,0.0,0.0,0.017844137,0.0,0.0,0.0,0.0,0.0,0.0,0.0,0.0,0.000364166,0.0,0.0,0.0,0.0,0.0,0.0,0.0,0.0,0.0,0.0,0.0,0.0,0.0,0.0,0.0,0.0,0.000364166,0.0,0.0,0.0,0.0,0.0,0.0,0.0,0.0,0.0,0.0,0.0,0.0,0.0,0.0,0.0,0.0,0.0,0.0,0.0,0.0,0.0,0.0,0.0,0.0,0.019664967,0.0,0.0,0.0,0.0,0.0,0.0,0.0,0.0,0.0,0.0,0.0,0.0,0.0,0.0,0.0,0.003763049,0.0,0.0,0.0,0.000242777,0.0,0.2467832,0.0,0.0,0.125758679,0.005826657,0.041879097,0.278344258,0.000364166,0.0,0.005826657,0.0,0.0,0.000364166,0.0,0.0,0.0,0.0,0.0,0.003884438,0.0,0.000606943,0.0,0.0,0.0,0.0,0.0,0.0,0.0,0.0,0.0,0.0,0.000485555,0.0,0.0,0.0,0.000121389,0.0,0.0,0.0,0.0,0.0,0.0,0.0,0.0,0.0,0.0,0.0,0.0,0.0,0.0,0.0,0.0,0.0,0.0,0.0,0.0,0.0,0.0,0.0,0.0,0.0,0.0,0.0,0.0,0.0,0.0,0.0,0.0,0.0,0.0,0.0,0.0,0.0,0.0,0.0,0.0,0.0,0.0,0.0,0.0,0.0,0.0,0.0,0.0,0.0,0.0,0.0,0.0,0.0,0.0,0.0,0.0,0.0,0.0,0.0,0.0,0.0,0.0,0.000971109,0.0,0.0,0.0,0.0,0.0,0.0,0.0,0.0,0.0,0.0,0.0,0.0,0.0,0.0,0.0,0.000606943,0.0,0.0,0.0,0.0,0.0,0.0,0.0,0.0,0.0,0.0,0.0,0.0,0.0,0.0,0.0,0.0,0.0,0.0,0.0,0.0,0.0,0.0,0.0,0.0,0.0,0.0,0.0,0.000121389,0.0,0.0,0.0,0.0,0.0,0.0,0.0,0.0,0.0,0.0,0.0,0.0,0.0,0.0,0.0,0.0,0.0,0.0,0.0,0.0,0.0,0.0,0.0,0.0,0.0,0.000242777,0.005826657,0.0,0.0,0.029254673,0.000849721,0.0,0.0,0.0,0.0,0.0,0.0,0.0,0.0,0.0,0.0,0.0,0.001456664,0.0,0.0,0.0,0.0,0.0,0.0,0.0,0.0,0.0,0.0,0.0,0.0,0.004248604,0.0,0.0,0.0,0.0,0.0,0.0,0.0,0.0,0.0,0.0,0.0,0.0,0.000121389,0.0,0.0,0.0,0.0,0.0,0.0,0.0,0.0,0.0,0.0,0.0,0.0,0.0,0.0,0.0,0.0,0.0,0.0,0.0,0.0,0.0,0.0,0.0,0.0,0.0,0.000242777,0.0,0.0,0.0,0.000728332,0.0,0.000485555,0.0,0.005462491,0.0,0.0,0.0,0.000121389,0.0,0.0,0.0,0.0,0.0,0.0,0.0,0.0,0.007647487,0.0,0.0,0.0,0.0,0.001092498,0.0,0.0,0.0,0.0,0.0,0.000849721,0.0,0.0,0.0,0.000242777,0.000121389,0.0,0.0,0.000485555,0.0,0.000364166,0.0,0.0,0.0,0.0,0.0,0.0,0.0,0.0,0.0,0.0,0.0,0.0,0.0,0.0,0.0,0.0,0.0,0.0,0.0,0.0,0.0,0.0,0.0,0.0,0.0,0.0,0.0,0.0,0.0,0.0,0.0,0.0,0.0,0.0,0.0,0.0,0.0,0.0,0.010803593,0.0,0.0,0.033381889,0.011167759,0.0,0.0,0.0,0.0,0.0,0.0,0.0,0.0,0.0,0.0,0.0,0.0,0.0,0.0,0.0,0.0,0.000121389,0.0,0.0,0.0,0.0,0.0,0.0,0.0,0.004734159,0.0,0.0,0.0,0.0,0.0,0.000242777,0.0,0.0,0.0,0.0,0.0,0.0,0.0,0.0,0.0,0.0,0.0,0.000606943,0.0,0.0,0.0,0.0,0.0,0.000606943,0.0,0.0,0.0,0.0,0.0,0.0,0.0,0.0,0.000242777,0.0,0.0,0.0,0.0,0.0,0.000121389,0.0,0.0,0.000728332,0.0,0.0,0.0,0.0,0.0,0.0,0.0,0.0,0.0,0.0,0.0,0.0,0.0,0.0,0.0,0.0,0.0,0.0,0.0,0.0,0.0,0.0,0.0,0.0,0.027798009,0.0,0.0,0.010075261,0.0,0.0,0.0,0.0,0.0,0.0,0.0,0.0,0.0,0.0,0.0,0.0,0.0,0.0,0.0,0.0,0.0,0.0,0.0,0.0,0.0,0.0,0.0,0.0,0.0,0.0,0.0,0.0,0.0,0.0,0.0,0.0,0.0,0.0,0.0,0.0,0.0,0.0,0.0,0.0,0.0,0.0,0.0,0.0,0.0,0.0,0.0,0.0,0.0,0.0,0.0,0.0,0.0,0.0,0.0,0.0,0.0,0.0,0.0,0.0,0.0,0.033139111,0.0,0.0,0.0,0.0,0.0,0.0,0.0,0.0,0.0,0.0,0.0,0.0,0.0,0.0,0.026098568,0.0,0.000364166,0.0,0.0,0.003884438,0.0,0.0,0.0,0.0,0.0,0.0,0.0,0.0,0.0,0.0,0.0,0.0,0.0,0.0,0.0,0.0,0.0,0.0,0.0,0.000121389,0.0,0.0,0.0,0.0,0.0,0.0,0.0,0.000485555,0.0,0.0,0.0,0.0,0.0,0.0,0.0,0.0,0.0,0.0,0.0,0.0,0.0,0.0,0.0,0.0,0.0,0.0,0.0,0.0,0.0,0.0,0.0,0.0,0.0,0.0,0.0,0.0,0.0,0.000728332,0.0,0.0,0.0,0.0,0.0,0.0,0.0,0.0,0.0,0.0,0.0,0.000485555,0.0,0.0,0.0,0.0,0.0,0.0,0.0,0.0,0.0,0.0,0.0,0.0,0.0,0.0,0.0,0.0,0.0,0.0,0.0,0.0,0.001699442,0.0,0.0,0.0,0.0,0.0,0.0,0.0,0.0,0.0,0.0,0.0
37,0.0,0.0,0.000121389,0.0,0.0,0.0,0.001213887,0.0,0.0,0.0,0.002063608,0.000242777,0.0,0.0,0.0,0.0,0.017358582,0.0,0.0,0.0,0.0,0.0,0.0064336,0.0,0.006676378,0.0,0.001942219,0.0,0.0,0.0,0.0,0.000242777,0.0,0.0,0.0,0.0,0.001456664,0.0,0.0,0.0,0.0,0.0,0.0,0.0,0.0,0.0,0.0,0.0,0.0,0.0,0.0,0.0,0.0,0.0,0.0,0.0,0.0,0.0,0.0,0.017479971,0.0,0.0,0.0,0.0,0.001213887,0.0,0.0,0.0,0.0,0.0,0.0,0.002549162,0.0,0.0,0.0,0.0,0.0,0.0,0.0,0.0,0.0,0.0,0.0,0.0,0.0,0.0,0.0,0.0,0.0,0.0,0.0,0.0,0.0,0.0,0.0,0.0,0.0,0.000849721,0.0,0.0,0.0,0.0,0.0,0.0,0.000121389,0.0,0.000121389,0.0,0.0,0.0,0.0,0.0,0.0,0.000971109,0.000485555,0.0,0.0,0.0,0.0,0.0,0.0,0.0,0.002670551,0.0,0.0,0.0,0.0,0.0,0.0,0.0,0.0,0.016751639,0.008011653,0.0,0.0,0.0,0.000364166,0.0,0.0,0.0,0.0,0.000971109,0.0,0.0,0.046127701,0.0,0.0,0.0,0.000606943,0.003763049,0.010439427,0.0,0.0,0.0,0.0,0.0,0.000242777,0.0,0.0,0.0,0.0,0.000121389,0.000121389,0.0,0.003398883,0.0,0.000121389,0.000242777,0.0,0.0,0.0,0.0,0.0,0.0,0.0,0.0,0.0,0.003034717,0.0,0.000485555,0.0,0.0,0.0,0.0,0.0,0.0,0.0,0.0,0.0,0.0,0.0,0.0,0.0,0.0,0.0,0.0,0.0,0.0,0.000242777,0.0,0.0,0.0,0.005341102,0.000121389,0.0,0.0,0.0,0.000121389,0.0,0.0,0.0,0.000242777,0.0,0.0,0.0,0.0,0.0,0.0,0.0,0.002184996,0.000849721,0.0,0.0,0.0,0.0,0.0,0.0,0.0,0.0,0.0,0.0,0.0,0.0,0.0,0.0,0.0,0.0,0.0,0.000364166,0.0,0.001335276,0.0,0.000971109,0.0,0.0,0.0,0.0,0.0,0.0,0.0,0.0,0.0,0.0,0.0,0.0,0.0,0.0,0.0,0.005705268,0.0,0.011653314,0.0,0.0,0.0,0.0,0.0,0.0,0.0,0.0,0.0,0.0,0.0,0.0,0.0,0.002427774,0.0,0.0,0.0,0.056567128,0.0,0.0,0.0,0.0,0.0,0.0,0.0,0.000485555,0.000242777,0.0,0.0,0.0,0.0,0.0,0.0,0.0,0.0,0.0,0.0,0.0,0.0,0.000849721,0.0,0.0,0.0,0.0,0.0,0.0,0.0,0.0,0.0,0.0,0.0,0.000121389,0.000971109,0.0,0.0,0.078902646,0.004491381,0.0,0.0,0.0,0.0,0.0,0.0,0.0,0.0,0.0,0.0,0.0,0.0,0.0,0.0,0.0,0.0,0.0,0.0,0.0,0.0,0.0,0.000242777,0.0,0.0,0.0,0.0,0.0,0.0,0.0,0.0,0.0,0.0,0.0,0.0,0.0,0.0,0.0,0.002427774,0.0,0.0,0.0,0.0,0.008618597,0.0,0.0,0.0,0.0,0.0,0.0,0.0,0.0,0.0,0.0,0.0,0.0,0.0,0.0,0.0,0.0,0.0,0.0,0.0,0.0,0.002306385,0.0,0.0,0.0,0.000971109,0.0,0.000485555,0.0,0.002063608,0.0,0.0,0.0,0.0,0.0,0.0,0.0,0.000364166,0.0,0.0,0.0,0.0,0.006190823,0.0,0.0,0.0,0.0,0.0,0.0,0.0,0.0,0.0,0.0,0.0,0.0,0.0,0.0,0.000121389,0.00182083,0.0,0.0,0.014202476,0.0,0.0,0.0,0.0,0.0,0.0,0.0,0.0,0.0,0.0,0.0,0.0,0.0,0.0,0.0,0.0,0.0,0.0,0.0,0.0,0.0,0.0,0.0,0.0,0.0,0.0,0.0,0.0,0.0,0.0,0.0,0.0,0.0,0.0,0.0,0.0,0.0,0.0,0.0,0.000242777,0.0,0.0,0.0,0.0,0.0,0.0,0.0,0.000606943,0.0,0.0,0.0,0.0,0.0,0.0,0.000121389,0.0,0.0,0.001092498,0.0,0.0,0.0,0.0,0.0,0.005462491,0.0,0.0,0.0,0.0,0.0,0.000606943,0.0,0.0,0.0,0.0,0.0,0.0,0.0,0.0,0.0,0.0,0.0,0.0,0.0,0.001578053,0.002063608,0.0,0.000121389,0.003156106,0.0,0.0,0.0,0.002913328,0.000606943,0.000121389,0.0,0.0,0.001578053,0.0,0.0,0.0,0.0,0.0,0.000364166,0.0,0.0,0.0,0.000485555,0.0,0.0,0.0,0.0,0.0,0.0,0.000485555,0.0,0.000485555,0.0,0.0,0.0,0.0,0.0,0.0,0.0,0.0,0.0,0.0,0.0,0.0,0.0,0.0,0.0,0.0,0.0,0.0,0.0,0.0,0.000364166,0.0,0.002913328,0.000485555,0.0,0.0,0.000242777,0.0,0.0,0.0,0.0,0.0,0.0,0.0,0.0,0.0,0.0,0.0,0.0,0.0,0.0,0.0,0.0,0.0,0.0,0.0,0.0,0.0,0.0,0.0,0.0,0.0,0.0,0.0,0.0,0.0,0.032653557,0.0,0.0,0.0,0.0,0.0,0.0,0.0,0.0,0.0,0.0,0.511653314,0.0,0.0,0.0,0.0,0.0,0.0,0.0,0.0,0.0,0.0,0.0,0.027555232,0.0,0.0,0.0,0.0,0.0,0.0,0.0,0.008497208,0.0,0.0,0.0,0.0,0.0,0.0,0.0,0.0,0.0,0.0,0.0,0.0,0.001092498,0.0,0.0,0.000242777,0.000242777,0.004005827,0.000606943,0.004976936,0.0,0.0,0.0,0.0,0.0,0.0,0.0,0.0,0.0,0.0,0.0,0.0,0.0,0.0,0.000121389,0.000849721,0.000485555,0.0,0.0,0.0,0.0,0.0,0.0,0.000728332,0.0,0.0,0.0,0.0,0.001456664,0.0,0.0,0.0,0.0,0.0,0.0,0.0,0.0,0.0,0.0,0.0,0.0,0.0,0.0,0.0,0.0,0.0,0.0,0.0,0.0,0.0,0.0,0.0,0.0,0.0,0.0,0.0,0.0,0.0,0.0,0.0,0.0,0.0,0.001335276,0.0,0.0,0.0,0.0,0.0,0.0,0.0,0.002913328,0.0,0.0,0.0,0.0,0.0,0.0,0.0,0.0,0.0,0.0,0.0,0.0,0.0,0.0,0.0,0.0,0.0,0.000364166,0.0,0.0,0.0,0.0,0.0,0.0,0.0,0.001092498,0.0,0.0,0.0
38,0.0,0.000121389,0.0,0.0,0.0,0.0,0.0,0.0,0.0,0.0,0.005098325,0.0,0.0,0.0,0.0,0.0,0.037144938,0.0,0.0,0.000121389,0.0,0.0,0.018208303,0.0,0.0,0.0,0.00279194,0.0,0.0,0.0,0.0,0.0,0.0,0.0,0.0,0.0,0.0,0.0,0.0,0.0,0.0,0.0,0.0,0.0,0.0,0.0,0.0,0.0,0.0,0.0,0.0,0.0,0.0,0.0,0.0,0.0,0.0,0.0,0.0,0.027919398,0.000485555,0.0,0.0,0.0,0.0,0.0,0.0,0.004369993,0.000728332,0.0,0.0,0.0,0.0,0.0,0.0,0.0,0.0,0.0,0.006676378,0.0,0.0,0.0,0.0,0.0,0.0,0.000121389,0.0,0.071740714,0.0,0.0,0.0,0.0,0.0,0.0,0.0,0.0,0.0,0.004491381,0.0,0.0,0.0,0.0,0.0,0.0,0.0,0.0,0.0,0.0,0.0,0.0,0.0,0.0,0.0,0.000849721,0.0,0.0,0.0,0.0,0.0,0.0,0.0,0.0,0.011289148,0.0,0.0,0.0,0.0,0.0,0.0,0.00558388,0.0,0.0,0.0,0.0,0.0,0.0,0.0,0.0,0.0,0.0,0.000121389,0.0,0.0,0.0,0.038237436,0.0,0.0,0.0,0.005098325,0.023185239,0.03508133,0.0,0.0,0.0,0.0,0.0,0.0,0.0,0.0,0.0,0.0,0.0,0.003763049,0.0,0.002913328,0.0,0.000364166,0.0,0.0,0.0,0.0,0.0,0.0,0.0,0.000485555,0.000121389,0.0,0.0,0.000728332,0.0,0.0,0.0,0.0,0.0,0.0,0.0,0.0,0.0,0.0,0.0,0.0,0.0,0.0,0.0,0.0,0.0,0.0,0.0,0.0,0.0,0.0,0.0,0.0,0.0,0.0,0.0,0.0,0.0,0.0,0.0,0.0,0.0,0.0,0.0,0.000485555,0.0,0.0,0.000121389,0.0,0.010075261,0.0,0.001456664,0.0,0.0,0.0,0.000121389,0.0,0.0,0.0,0.0,0.0,0.0,0.0,0.0,0.0,0.0,0.0,0.0,0.0,0.0,0.0,0.0,0.003277495,0.0,0.0,0.0,0.0,0.0,0.000121389,0.0,0.0,0.0,0.0,0.0,0.0,0.0,0.0,0.0,0.000849721,0.0,0.001092498,0.0,0.0,0.0,0.0,0.0,0.0,0.0,0.0,0.000121389,0.0,0.0,0.0,0.0,0.0,0.0,0.0,0.0,0.000485555,0.002184996,0.0,0.000849721,0.0,0.0,0.0,0.0,0.000485555,0.000606943,0.0,0.000121389,0.0,0.0,0.0,0.0,0.0,0.0,0.0,0.0,0.0,0.0,0.0,0.0,0.0,0.0,0.0,0.0,0.0,0.0,0.0,0.0,0.0,0.0,0.001092498,0.0064336,0.0,0.0,0.021000243,0.0,0.0,0.0,0.0,0.0,0.0,0.0,0.0,0.0,0.0,0.001092498,0.0,0.000606943,0.001942219,0.0,0.0,0.0,0.0,0.0,0.0,0.0,0.0,0.000242777,0.0,0.0,0.0,0.0,0.0,0.0,0.0,0.0,0.0,0.0,0.0,0.0,0.0,0.0,0.0,0.0,0.0,0.0,0.0,0.0,0.0,0.000485555,0.0,0.0,0.0,0.000485555,0.0,0.0,0.0,0.0,0.0,0.0,0.0,0.0,0.002306385,0.0,0.0,0.0,0.0,0.0,0.0,0.005705268,0.000849721,0.0,0.0,0.001092498,0.0,0.002184996,0.0,0.004369993,0.000121389,0.0,0.0,0.0,0.0,0.0,0.0,0.0,0.0,0.0,0.000364166,0.0,0.01201748,0.0,0.0,0.0,0.0,0.0,0.0,0.001213887,0.0,0.0,0.0,0.003277495,0.0,0.0,0.0,0.000242777,0.0,0.0,0.0,0.004369993,0.0,0.0,0.0,0.0,0.0,0.0,0.0,0.0,0.0,0.0,0.0,0.0,0.0,0.0,0.0,0.0,0.0,0.0,0.0,0.0,0.0,0.0,0.0,0.0,0.0,0.0,0.0,0.0,0.0,0.0,0.0,0.0,0.0,0.0,0.0,0.0,0.0,0.0,0.0,0.0,0.0,0.0,0.0,0.0,0.0,0.0,0.0,0.0,0.0,0.0,0.0,0.0,0.0,0.0,0.0,0.0,0.0,0.002184996,0.0,0.0,0.0,0.0,0.0,0.0,0.0,0.0,0.0,0.0,0.0,0.0,0.0,0.0,0.0,0.0,0.0,0.0,0.000242777,0.005219714,0.004734159,0.0,0.0,0.0,0.0,0.0,0.002670551,0.0,0.0,0.01104637,0.0,0.0,0.0,0.000485555,0.0,0.000728332,0.0,0.000121389,0.0,0.0,0.000121389,0.0,0.0,0.0,0.002184996,0.0,0.0,0.0,0.000606943,0.000364166,0.000606943,0.000242777,0.0,0.000242777,0.0,0.0,0.0,0.0,0.0,0.0,0.0,0.0,0.0,0.0,0.0,0.0,0.0,0.0,0.0,0.0,0.0,0.000242777,0.0,0.0,0.0,0.0,0.0,0.0,0.010803593,0.0,0.0,0.0,0.0,0.0,0.003156106,0.0,0.019300801,0.000364166,0.0,0.0,0.0,0.0,0.0,0.0,0.0,0.0,0.0,0.0,0.0,0.0,0.0,0.0,0.0,0.0,0.0,0.0,0.118475358,0.0,0.0,0.0,0.0,0.0,0.0,0.0,0.032896334,0.064214615,0.0,0.0,0.0,0.0,0.0,0.0,0.0,0.0,0.0,0.271060937,0.0,0.017844137,0.0,0.0,0.0,0.0,0.0,0.0,0.0,0.0,0.0,0.0,0.0,0.0,0.0,0.0,0.0,0.0,0.0,0.0,0.0,0.0,0.0,0.0,0.000121389,0.0,0.0,0.0,0.0,0.0,0.0,0.0,0.0,0.0,0.0,0.0,0.0,0.002184996,0.000485555,0.002063608,0.0,0.000485555,0.0,0.0,0.0,0.0,0.000121389,0.0,0.0,0.0,0.0,0.001456664,0.0,0.000485555,0.001699442,0.000121389,0.0,0.0,0.0,0.0,0.0,0.0,0.0,0.0,0.0,0.000485555,0.0,0.011531925,0.0,0.0,0.0,0.0,0.0,0.0,0.0,0.0,0.0,0.0,0.0,0.0,0.0,0.0,0.0,0.0,0.0,0.0,0.0,0.0,0.0,0.0,0.0,0.0,0.0,0.0,0.0,0.0,0.0,0.0,0.0,0.000242777,0.0,0.0,0.0,0.0,0.0,0.0,0.0,0.0,0.0,0.0,0.0,0.0,0.0,0.0,0.0,0.0,0.0,0.0,0.0,0.0,0.0,0.0,0.0,0.0,0.0,0.004491381,0.0,0.000364166,0.001699442,0.0,0.0,0.0,0.0,0.0,0.0,0.0,0.0,0.0,0.0,0.0
39,0.0,0.0,0.0,0.0,0.0,0.0,0.0,0.0,0.0,0.0,0.004127215,0.000121389,0.0,0.0,0.0,0.0,0.076960427,0.0,0.0,0.000121389,0.0,0.0,0.0064336,0.0,0.0,0.0,0.016266084,0.0,0.001213887,0.0,0.0,0.0,0.0,0.000121389,0.0,0.000485555,0.01019665,0.0,0.0,0.0,0.0,0.0,0.0,0.0,0.0,0.0,0.0,0.0,0.0,0.0,0.0,0.0,0.0,0.0,0.0,0.0,0.0,0.0,0.0,0.0,0.000364166,0.0,0.0,0.0,0.0,0.0,0.0,0.0,0.0,0.000606943,0.0,0.0,0.0,0.0,0.0,0.0,0.0,0.0,0.0,0.0,0.0,0.000971109,0.0,0.0,0.0,0.0,0.0,0.0,0.0,0.0,0.0,0.0,0.0,0.0,0.0,0.0,0.0,0.022942462,0.0,0.0,0.0,0.0,0.0,0.0,0.0,0.0,0.0,0.000121389,0.0,0.0,0.0,0.0,0.0,0.0,0.0,0.0,0.0,0.0,0.0,0.0,0.0,0.0,0.077567371,0.0,0.0,0.0,0.0,0.0,0.0,0.0,0.0,0.0,0.0,0.0,0.0,0.003641661,0.0,0.0,0.001335276,0.007283321,0.0,0.0,0.0,0.001456664,0.0,0.0,0.0,0.033139111,0.001578053,0.019058024,0.198470503,0.004127215,0.007526099,0.0,0.0,0.0,0.0,0.0,0.0,0.0,0.0,0.0,0.000364166,0.0,0.000849721,0.0,0.000121389,0.0,0.0,0.0,0.0,0.0,0.0,0.0,0.000242777,0.0,0.0,0.006312212,0.000242777,0.0,0.0,0.0,0.0,0.0,0.0,0.0,0.0,0.0,0.0,0.0,0.0,0.0,0.0,0.0,0.0,0.0,0.0,0.0,0.0,0.0,0.0,0.0,0.0,0.0,0.0,0.0,0.0,0.0,0.0,0.0,0.0,0.000121389,0.0,0.0,0.0,0.0,0.0,0.0,0.0,0.01104637,0.0,0.0,0.0,0.0,0.0,0.0,0.0,0.0,0.0,0.0,0.0,0.0,0.0,0.0,0.0,0.0,0.0,0.0,0.004248604,0.0,0.000485555,0.0,0.0,0.0,0.000849721,0.0,0.0,0.0,0.0,0.0,0.0,0.0,0.0,0.0,0.0,0.0,0.0,0.0,0.0,0.000728332,0.002427774,0.0,0.0,0.0,0.0,0.0,0.0,0.0,0.0,0.0,0.0,0.0,0.0,0.0,0.0,0.0,0.0,0.0,0.000121389,0.0,0.0,0.0,0.0,0.0,0.0,0.0,0.000728332,0.0,0.001092498,0.0,0.0,0.0,0.0,0.0,0.0,0.0,0.0,0.0,0.000364166,0.0,0.000485555,0.0,0.0,0.0,0.0,0.0,0.0,0.0,0.0,0.0,0.0,0.0,0.003156106,0.000485555,0.0,0.0,0.128914785,0.0,0.0,0.0,0.0,0.0,0.0,0.0,0.0,0.0,0.0,0.0,0.0,0.000485555,0.0,0.0,0.0,0.0,0.0,0.0,0.0,0.0,0.0,0.000606943,0.0,0.000849721,0.0,0.0,0.0,0.0,0.0,0.0,0.0,0.0,0.0,0.0,0.0,0.0,0.0,0.033503277,0.000485555,0.0,0.0,0.0,0.0,0.0,0.0,0.0,0.0,0.000242777,0.0,0.0,0.0,0.0,0.0,0.0,0.0,0.0,0.0,0.0,0.0,0.0,0.0,0.000242777,0.0,0.000606943,0.000242777,0.0,0.0,0.0,0.0,0.005826657,0.0,0.039815489,0.0,0.00740471,0.0,0.0,0.0,0.0,0.0,0.0,0.0,0.0,0.000121389,0.0,0.01383831,0.0,0.0,0.0,0.0,0.002549162,0.0,0.002670551,0.0,0.010318038,0.0,0.008011653,0.0,0.0,0.0,0.0,0.0,0.0,0.0,0.039572712,0.001456664,0.0,0.000242777,0.0,0.0,0.0,0.0,0.0,0.0,0.0,0.0,0.0,0.0,0.0,0.0,0.0,0.0,0.0,0.0,0.0,0.0,0.0,0.0,0.0,0.0,0.0,0.0,0.000242777,0.000121389,0.0,0.0,0.0,0.0,0.0,0.0,0.0,0.0,0.0,0.0,0.0,0.0,0.0,0.0,0.0,0.0,0.0,0.0,0.0,0.0,0.0,0.000121389,0.001213887,0.000728332,0.000606943,0.0,0.0,0.0,0.000849721,0.0,0.0,0.0,0.0,0.0,0.0,0.0,0.0,0.0,0.0,0.0,0.0,0.0,0.0,0.0,0.0,0.0,0.000121389,0.0,0.0,0.0,0.0,0.0,0.0,0.0,0.0,0.0,0.0,0.0,0.0,0.0,0.0,0.0,0.0,0.0,0.000485555,0.0,0.00182083,0.0,0.0,0.0,0.0,0.0,0.0,0.0,0.0,0.0,0.0,0.0,0.0,0.000606943,0.0,0.0,0.000364166,0.0,0.0,0.0,0.0,0.0,0.0,0.0,0.0,0.0,0.0,0.0,0.0,0.0,0.0,0.0,0.0,0.0,0.000242777,0.0,0.0,0.0,0.0,0.0,0.0,0.0,0.0,0.0,0.0,0.0,0.0,0.0,0.0,0.024399126,0.0,0.0,0.0,0.000121389,0.0,0.0,0.0,0.0,0.0,0.0,0.0,0.0,0.0,0.0,0.0,0.0,0.0,0.0,0.0,0.019058024,0.0,0.0,0.000364166,0.0,0.0,0.0,0.0,0.0,0.0,0.0,0.0,0.0,0.0,0.0,0.0,0.0,0.0,0.0,0.000485555,0.0,0.0,0.0,0.0,0.0,0.0,0.0,0.0,0.0,0.0,0.0,0.0,0.0,0.0,0.0,0.0,0.0,0.0,0.0,0.0,0.0,0.0,0.0,0.0,0.0,0.0,0.0,0.0,0.0,0.0,0.0,0.0,0.0,0.0,0.000971109,0.002306385,0.0,0.085579024,0.0,0.001092498,0.0,0.0,0.0,0.0,0.001335276,0.0,0.0,0.0,0.0,0.0,0.0,0.000728332,0.0,0.000242777,0.0,0.0,0.0,0.0,0.0,0.0,0.0,0.0,0.0,0.0,0.0,0.0,0.0,0.004855547,0.004005827,0.0,0.0,0.0,0.0,0.0,0.0,0.0,0.0,0.0,0.0,0.0,0.0,0.0,0.0,0.0,0.0,0.0,0.0,0.0,0.0,0.0,0.0,0.0,0.0,0.0,0.0,0.000242777,0.0,0.0,0.0,0.001699442,0.0,0.0,0.006312212,0.0,0.0,0.0,0.0,0.0,0.0,0.0,0.0,0.0,0.0,0.0,0.0,0.0,0.0,0.0,0.0,0.0,0.000364166,0.0,0.0,0.000121389,0.0,0.0,0.0,0.0,0.002913328,0.0,0.006554989,0.0,0.0,0.0,0.0,0.0,0.0,0.0,0.0,0.0
40,0.0,0.000121389,0.0,0.0,0.0,0.0,0.0,0.0,0.0,0.0,0.0,0.0,0.0,0.0,0.0,0.0,0.023792183,0.0,0.0,0.001699442,0.0,0.0,0.0,0.0,0.0,0.0,0.000485555,0.003763049,0.0,0.0,0.0,0.0,0.0,0.0,0.0,0.003884438,0.009346929,0.001213887,0.0,0.0,0.0,0.0,0.0,0.0,0.0,0.0,0.0,0.0,0.0,0.0,0.0,0.0,0.0,0.0,0.0,0.0,0.0,0.0,0.0,0.04989075,0.0,0.0,0.0,0.0,0.0,0.0,0.0,0.000121389,0.0,0.0,0.0,0.000849721,0.0,0.0,0.0,0.0,0.0,0.0,0.0,0.0,0.0,0.0,0.0,0.0,0.0,0.0,0.0,0.0,0.0,0.0,0.0,0.0,0.0,0.0,0.0,0.0,0.0,0.107307599,0.0,0.0,0.0,0.0,0.0,0.0,0.0,0.0,0.0,0.0,0.0,0.0,0.0,0.0,0.0,0.0,0.0,0.0,0.0,0.0,0.0,0.0,0.0,0.0,0.004734159,0.0,0.0,0.0,0.0,0.0,0.0,0.0,0.0,0.04989075,0.0,0.0,0.0,0.0,0.0,0.0,0.0,0.0,0.0,0.0,0.0,0.000485555,0.0,0.0,0.0,0.002063608,0.0,0.000606943,0.019058024,0.0,0.0,0.0,0.0,0.0,0.001456664,0.0,0.000364166,0.0,0.0,0.001213887,0.000242777,0.0,0.002549162,0.0,0.000606943,0.0,0.0,0.0,0.0,0.0,0.0,0.0,0.000242777,0.000728332,0.0,0.001335276,0.0,0.0,0.0,0.0,0.0,0.0,0.0,0.0,0.0,0.0,0.0,0.0,0.0,0.0,0.0,0.0,0.0,0.0,0.0,0.0,0.0,0.0,0.0,0.0,0.000242777,0.0,0.0,0.0,0.0,0.0,0.0,0.0,0.0,0.000606943,0.0,0.0,0.0,0.0,0.0,0.0,0.0,0.0,0.0,0.0,0.0,0.0,0.0,0.0,0.0,0.0,0.0,0.0,0.0,0.0,0.0,0.0,0.0,0.0,0.0,0.0,0.018572469,0.0,0.010924982,0.0,0.000242777,0.0,0.0,0.0,0.0,0.0,0.003520272,0.0,0.0,0.0,0.0,0.0,0.0,0.000121389,0.0,0.0,0.0,0.007890265,0.0,0.0,0.0,0.0,0.0,0.0,0.0,0.0,0.0,0.0,0.0,0.0,0.0,0.0,0.0,0.0,0.0,0.0,0.0,0.0,0.0,0.0,0.0,0.0,0.0,0.0,0.000849721,0.008133042,0.0,0.0,0.0,0.0,0.0,0.0,0.0,0.0,0.0,0.000728332,0.0,0.0,0.000242777,0.0,0.0,0.0,0.0,0.0,0.0,0.000242777,0.0,0.0,0.0,0.0,0.0,0.000242777,0.0,0.0,0.290968682,0.0,0.0,0.0,0.000364166,0.0,0.0,0.0,0.0,0.0,0.0,0.0,0.0,0.000364166,0.0,0.0,0.0,0.0,0.0,0.0,0.0,0.0,0.0,0.003763049,0.0,0.0,0.0,0.0,0.0,0.0,0.0,0.0,0.0,0.0,0.0,0.0,0.0,0.0,0.0,0.000242777,0.0,0.0,0.0,0.0,0.0,0.000606943,0.0,0.0,0.0,0.0,0.0,0.0,0.0,0.0,0.0,0.0,0.0,0.0,0.0,0.0,0.0,0.0,0.0,0.0,0.0,0.020393299,0.000849721,0.0,0.000242777,0.0,0.0,0.0,0.0,0.007647487,0.0,0.0,0.0,0.0,0.0,0.0,0.0,0.000121389,0.0,0.0,0.000242777,0.0,0.0,0.0,0.0,0.0,0.0,0.0,0.0,0.0,0.0,0.0,0.0,0.002427774,0.0,0.0,0.0,0.0,0.000242777,0.0,0.000364166,0.010803593,0.0,0.0,0.0,0.0,0.0,0.0,0.0,0.000485555,0.0,0.0,0.000849721,0.0,0.0,0.0,0.0,0.0,0.0,0.0,0.0,0.0,0.0,0.0,0.0,0.0,0.0,0.0,0.0,0.0,0.0,0.0,0.0,0.0,0.0,0.0,0.0,0.0,0.0,0.0,0.0,0.0,0.0,0.0,0.0,0.0,0.0,0.0,0.0,0.0,0.0,0.0,0.0,0.0,0.0,0.0,0.0,0.0,0.0,0.020150522,0.0,0.0,0.0,0.0,0.0,0.0,0.0,0.0,0.0,0.0,0.0,0.0,0.0,0.0,0.0,0.0,0.0,0.0,0.0,0.0,0.0,0.0,0.0,0.0,0.0,0.0,0.0,0.0,0.0,0.002184996,0.0,0.0,0.0,0.00279194,0.0,0.0,0.0,0.0,0.0,0.000242777,0.0,0.0,0.0,0.0,0.0,0.0,0.0,0.0,0.0,0.0,0.0,0.0,0.0,0.0,0.0,0.0,0.0,0.0,0.0,0.0,0.0,0.0,0.0,0.0,0.0,0.0,0.0,0.0,0.0,0.0,0.0,0.0,0.0,0.0,0.0,0.0,0.0,0.0,0.003884438,0.0,0.002184996,0.001092498,0.0,0.0,0.0,0.0,0.000971109,0.0,0.0,0.0,0.0,0.0,0.0,0.0,0.0,0.0,0.0,0.0,0.0,0.0,0.0,0.0,0.0,0.0,0.0,0.005098325,0.002549162,0.0,0.0,0.0,0.0,0.0,0.0,0.0,0.0,0.0,0.0,0.0,0.0,0.0,0.0,0.0,0.0,0.0,0.0,0.000121389,0.0,0.0,0.0,0.0,0.0,0.0,0.0,0.0,0.0,0.0,0.0,0.0,0.0,0.0,0.0,0.0,0.0,0.0,0.0,0.0,0.0,0.0,0.0,0.0,0.001092498,0.0,0.0,0.0,0.0,0.0,0.0,0.0,0.0,0.0,0.000242777,0.0,0.0,0.069919883,0.0,0.014202476,0.0,0.000364166,0.0,0.0,0.152828356,0.0,0.0,0.0,0.000121389,0.0,0.0,0.003641661,0.0,0.000242777,0.0,0.0,0.0,0.0,0.0,0.0,0.0,0.0,0.0,0.0,0.0,0.0,0.0,0.0,0.0,0.0,0.0,0.0,0.0,0.0,0.0,0.0,0.0,0.0,0.0,0.0,0.0,0.0,0.0,0.0,0.0,0.0,0.000364166,0.0,0.0,0.0,0.0,0.0,0.0,0.0,0.0,0.000849721,0.0,0.0,0.0,0.001213887,0.0,0.0,0.012503035,0.0,0.0,0.0,0.0,0.0,0.0,0.0,0.0,0.0,0.0,0.0,0.000121389,0.0,0.0,0.0,0.0,0.0,0.0,0.0,0.0,0.0,0.0,0.0,0.0,0.0,0.01760136,0.0,0.00182083,0.0,0.0,0.0,0.0,0.0,0.0,0.0,0.0,0.0
41,0.0,0.0,0.0,0.0,0.0,0.0,0.0,0.0,0.0,0.0,0.0,0.0,0.0,0.0,0.0,0.0,0.001942219,0.0,0.0,0.001578053,0.0,0.0,0.0,0.0,0.0,0.0,0.002306385,0.0,0.0,0.0,0.0,0.0,0.0,0.0,0.0,0.000485555,0.011289148,0.0,0.0,0.0,0.0,0.0,0.000242777,0.0,0.0,0.0,0.0,0.0,0.0,0.0,0.0,0.0,0.0,0.0,0.0,0.0,0.0,0.0,0.0,0.018086914,0.00182083,0.0,0.0,0.0,0.0,0.0,0.0,0.005219714,0.0,0.008739985,0.0,0.0,0.0,0.0,0.0,0.032168002,0.0,0.0,0.0,0.0,0.012381646,0.003034717,0.0,0.0,0.0,0.0,0.0,0.0,0.0,0.0,0.0,0.0,0.0,0.0,0.004734159,0.0,0.000485555,0.010075261,0.0,0.0,0.0,0.0,0.0,0.0,0.0,0.0,0.0,0.0,0.0,0.0,0.0,0.0,0.0,0.0,0.0,0.0,0.0,0.0,0.0,0.0,0.0,0.0,0.20332605,0.0,0.0,0.0,0.0,0.0,0.0,0.0,0.0,0.0,0.0,0.0,0.0,0.0,0.0,0.0,0.0,0.0,0.0,0.0,0.0,0.011289148,0.0,0.0,0.0,0.0,0.010924982,0.197013838,0.076474873,0.003884438,0.0,0.0,0.0,0.0,0.002306385,0.0,0.0,0.0,0.0,0.000242777,0.0,0.0,0.003398883,0.0,0.001213887,0.0,0.0,0.0,0.0,0.0,0.0,0.0,0.0,0.009104151,0.0,0.001699442,0.0,0.0,0.0,0.0,0.0,0.0,0.0,0.0,0.000121389,0.0,0.0,0.0,0.000121389,0.0,0.0,0.0,0.0,0.0,0.0,0.0,0.0,0.0,0.0,0.0,0.0,0.0,0.0,0.0,0.0,0.0,0.0,0.0,0.0,0.0,0.0,0.0,0.0,0.0,0.0,0.0,0.0,0.0,0.0,0.0,0.0,0.0,0.0,0.0,0.0,0.0,0.0,0.0,0.0,0.0,0.0,0.0,0.0,0.0,0.0,0.0,0.0,0.0,0.0,0.0,0.0,0.0,0.0,0.0,0.0,0.0,0.003034717,0.0,0.0,0.0,0.0,0.0,0.000364166,0.0,0.0,0.0,0.006676378,0.016023307,0.0,0.0,0.0,0.0,0.0,0.0,0.0,0.0,0.0,0.0,0.0,0.0,0.0,0.0,0.0,0.0,0.0,0.0,0.037994659,0.0,0.0,0.0,0.0,0.0,0.0,0.0,0.0,0.0,0.0,0.0,0.0,0.0,0.0,0.0,0.0,0.0,0.0,0.0,0.0,0.0,0.000971109,0.0,0.000485555,0.0,0.0,0.0,0.0,0.000242777,0.0,0.0,0.0,0.0,0.0,0.069677106,0.0,0.0,0.101602331,0.001942219,0.0,0.0,0.0,0.0,0.0,0.0,0.0,0.0,0.0,0.0,0.0,0.002063608,0.004248604,0.0,0.0,0.0,0.0,0.0,0.0,0.0,0.0,0.00279194,0.0,0.0,0.0,0.000121389,0.0,0.0,0.0,0.0,0.0,0.0,0.0,0.0,0.0,0.0,0.0,0.000121389,0.0,0.0,0.0,0.0,0.0,0.0,0.0,0.0,0.0,0.00182083,0.000485555,0.0,0.0,0.0,0.0,0.0,0.0,0.0,0.0,0.0,0.0,0.0,0.0,0.0,0.0,0.006069434,0.0,0.0,0.0,0.001578053,0.0,0.0,0.0,0.0,0.0,0.0,0.0,0.006190823,0.0,0.0,0.0,0.0,0.0,0.0,0.001578053,0.0,0.001335276,0.0,0.0,0.0,0.0,0.0,0.0,0.0,0.0,0.0,0.0,0.022092741,0.0,0.0,0.0,0.0,0.0,0.0,0.0,0.002913328,0.0,0.0,0.0,0.0,0.0,0.0,0.0,0.0,0.0,0.0,0.0,0.0,0.0,0.0,0.0,0.0,0.0,0.0,0.000242777,0.0,0.0,0.0,0.0,0.0,0.0,0.0,0.0,0.0,0.000121389,0.0,0.0,0.0,0.0,0.0,0.0,0.0,0.0,0.0,0.0,0.0,0.0,0.0,0.0,0.0,0.0,0.0,0.0,0.0,0.00279194,0.0,0.0,0.0,0.0,0.0,0.0,0.0,0.0,0.0,0.0,0.0,0.0,0.0,0.0,0.0,0.0,0.0,0.0,0.0,0.0,0.0,0.0,0.0,0.0,0.0,0.0,0.0,0.0,0.0,0.0,0.0,0.0,0.0,0.0,0.0,0.0,0.0,0.0,0.0,0.0,0.0,0.0,0.0,0.0,0.0,0.0,0.0,0.0,0.0,0.0,0.0,0.0,0.0,0.0,0.0,0.0,0.0,0.0,0.0,0.000242777,0.0,0.0,0.0,0.0,0.0,0.0,0.0,0.0,0.0,0.0,0.0,0.0,0.0,0.0,0.0,0.0,0.0,0.0,0.0,0.0,0.0,0.0,0.0,0.0,0.000485555,0.0,0.0,0.024641903,0.0,0.0,0.0,0.0,0.0,0.0,0.0,0.0,0.0,0.0,0.0,0.0,0.0,0.0,0.0,0.0,0.0,0.0,0.0,0.0,0.0,0.0,0.011531925,0.0,0.0,0.0,0.0,0.0,0.0,0.0,0.0,0.0,0.0,0.0,0.0,0.0,0.0,0.0,0.0,0.0,0.0,0.0,0.0,0.0,0.0,0.0,0.000121389,0.0,0.0,0.0,0.0,0.0,0.0,0.0,0.0,0.0,0.0,0.0,0.0,0.0,0.0,0.0,0.0,0.0,0.0,0.0,0.0,0.0,0.0,0.0,0.0,0.0,0.0,0.0,0.0,0.0,0.0,0.0,0.0,0.0,0.0,0.0,0.0,0.0,0.004369993,0.000121389,0.0,0.0,0.000242777,0.000242777,0.0,0.0,0.0,0.0,0.0,0.0,0.0,0.0,0.003884438,0.0,0.004855547,0.000121389,0.0,0.0,0.0,0.0,0.0,0.0,0.0,0.0,0.0,0.0,0.0,0.0,0.0,0.0,0.0,0.0,0.0,0.0,0.0,0.0,0.0,0.0,0.0,0.0,0.0,0.0,0.0,0.0,0.0,0.0,0.0,0.0,0.0,0.0,0.0,0.0,0.0,0.0,0.0,0.0,0.002184996,0.0,0.0,0.0,0.00182083,0.0,0.0,0.001335276,0.0,0.0,0.0,0.0,0.0,0.0,0.0,0.0,0.0,0.0,0.0,0.0,0.0,0.0,0.0,0.0,0.0,0.000121389,0.0,0.0,0.0,0.0,0.0,0.0,0.010682204,0.001699442,0.0,0.0,0.0,0.0,0.0,0.0,0.0,0.0,0.0,0.0,0.0
42,0.0,0.0,0.0,0.0,0.0,0.0,0.0,0.0,0.0,0.0,0.003034717,0.006554989,0.003277495,0.0,0.0,0.0,0.002184996,0.0,0.0,0.0,0.0,0.0,0.001699442,0.0,0.0,0.0,0.0,0.0,0.0,0.0,0.0,0.000242777,0.0,0.0,0.0,0.000242777,0.002306385,0.0,0.0,0.0,0.0,0.0,0.0,0.0,0.0,0.0,0.0,0.0,0.0,0.0,0.0,0.0,0.0,0.0,0.0,0.0,0.0,0.0,0.0,0.000606943,0.000364166,0.0,0.0,0.0,0.0,0.0,0.0,0.0,0.0,0.0,0.0,0.002306385,0.0,0.0,0.0,0.001335276,0.0,0.0,0.0,0.0,0.0,0.0,0.0,0.0,0.0,0.0,0.0,0.0,0.0,0.0,0.0,0.0,0.0,0.0,0.0,0.0,0.0,0.0,0.0,0.0,0.0,0.0,0.0,0.0,0.0,0.0,0.0,0.0,0.0,0.0,0.0,0.0,0.0,0.0,0.0,0.0,0.0,0.0,0.0,0.0,0.0,0.0,0.020878854,0.0,0.0,0.0,0.0,0.0,0.0,0.0,0.0,0.0,0.0,0.0,0.0,0.0,0.0,0.0,0.042607429,0.0,0.0,0.0,0.0,0.0,0.0,0.0,0.0,0.0,0.005219714,0.041879097,0.044913814,0.0,0.003156106,0.0,0.0,0.0,0.001335276,0.0,0.0,0.0,0.0,0.000364166,0.0,0.0,0.001456664,0.0,0.000242777,0.0,0.0,0.0,0.0,0.0,0.0,0.0,0.0,0.000728332,0.0,0.000121389,0.0,0.0,0.0,0.0,0.0,0.0,0.0,0.0,0.0,0.0,0.0,0.0,0.0,0.0,0.0,0.0,0.0,0.0,0.0,0.0,0.0,0.0,0.0,0.0,0.003277495,0.0,0.0,0.000121389,0.0,0.0,0.0,0.0,0.0,0.000849721,0.0,0.0,0.0,0.0,0.0,0.0,0.0,0.005705268,0.0,0.0,0.0,0.0,0.0,0.0,0.0,0.0,0.0,0.0,0.0,0.0,0.0,0.0,0.0,0.0,0.0,0.0,0.000121389,0.0,0.0,0.0,0.0,0.0,0.0,0.0,0.0,0.0,0.003641661,0.0,0.0,0.0,0.0,0.0,0.0,0.000364166,0.0,0.0,0.010560816,0.0,0.000121389,0.002184996,0.0,0.0,0.0,0.0,0.0,0.0,0.0,0.0,0.0,0.0,0.0,0.0,0.0,0.0,0.0,0.0,0.372784656,0.0,0.0,0.0,0.0,0.0,0.0,0.0,0.0,0.000121389,0.0,0.000121389,0.0,0.0,0.0,0.0,0.0,0.0,0.0,0.0,0.0,0.0,0.0,0.0,0.0,0.0,0.0,0.0,0.0,0.0,0.0,0.0,0.0,0.0,0.000242777,0.009711095,0.0,0.0,0.033624666,0.0,0.0,0.0,0.0,0.0,0.0,0.0,0.0,0.0,0.0,0.0,0.0,0.000485555,0.0,0.0,0.0,0.0,0.0,0.0,0.0,0.0,0.0,0.000364166,0.0,0.0,0.0,0.0,0.0,0.0,0.0,0.0,0.0,0.0,0.0,0.0,0.0,0.0,0.0,0.001092498,0.0,0.0,0.0,0.0,0.0,0.000242777,0.0,0.0,0.0,0.0,0.0,0.0,0.0,0.0,0.0,0.0,0.0,0.0,0.0,0.0,0.0,0.0,0.0,0.0,0.0,0.000121389,0.0,0.0,0.0,0.0,0.0,0.000728332,0.0,0.000606943,0.0,0.0,0.0,0.0,0.0,0.0,0.0,0.0,0.0,0.0,0.000121389,0.0,0.006554989,0.0,0.0,0.0,0.000485555,0.0,0.0,0.0,0.0,0.0,0.0,0.000121389,0.0,0.0,0.0,0.0,0.000971109,0.0,0.0,0.006554989,0.0,0.0,0.0,0.0,0.0,0.0,0.0,0.0,0.0,0.0,0.0,0.0,0.0,0.0,0.0,0.0,0.0,0.0,0.0,0.0,0.0,0.0,0.0,0.0,0.0,0.0,0.0,0.0,0.0,0.0,0.0,0.0,0.0,0.0,0.0,0.0,0.0,0.0,0.0,0.0,0.0,0.0,0.0,0.0,0.0,0.0,0.0,0.0,0.0,0.0,0.0,0.0,0.0,0.0,0.0,0.0,0.0,0.000971109,0.0,0.0,0.0,0.0,0.0,0.0,0.0,0.0,0.0,0.0,0.0,0.001699442,0.0,0.0,0.0,0.0,0.0,0.001213887,0.0,0.0,0.0,0.0,0.000121389,0.0,0.0,0.0,0.015416363,0.0,0.0,0.000485555,0.002306385,0.0,0.0,0.003641661,0.0,0.0,0.0,0.0,0.000606943,0.000242777,0.0,0.0,0.0,0.0,0.0,0.0,0.0,0.0,0.000606943,0.0,0.000485555,0.0,0.0,0.000121389,0.0,0.000121389,0.0,0.0,0.0,0.0,0.0,0.0,0.0,0.0,0.0,0.0,0.0,0.0,0.0,0.0,0.0,0.0,0.0,0.0,0.0,0.0,0.0,0.0,0.0,0.0,0.0,0.0,0.0,0.0,0.0,0.0,0.0,0.0,0.0,0.0,0.0,0.0,0.0,0.0,0.0,0.0,0.0,0.0,0.0,0.0,0.0,0.0,0.0,0.0,0.0,0.0,0.0,0.0,0.0,0.0,0.0,0.0,0.0,0.0,0.036780772,0.0,0.0,0.0,0.0,0.0,0.0,0.0,0.0,0.0,0.0,0.242777373,0.0,0.0,0.000121389,0.0,0.0,0.0,0.0,0.0,0.0,0.0,0.0,0.017237193,0.0,0.0,0.0,0.0,0.0,0.0,0.0,0.0,0.0,0.0,0.0,0.0,0.0,0.0,0.0,0.0,0.0,0.0,0.0,0.0,0.0,0.0,0.000364166,0.000121389,0.000242777,0.003641661,0.000606943,0.000121389,0.0,0.0,0.0,0.0,0.001456664,0.0,0.0,0.0,0.0,0.0,0.0,0.0,0.0,0.000121389,0.003520272,0.0,0.0,0.0,0.0,0.0,0.0,0.0,0.0,0.0,0.0,0.000364166,0.0,0.002670551,0.000242777,0.0,0.0,0.0,0.0,0.0,0.0,0.0,0.0,0.0,0.0,0.0,0.0,0.0,0.0,0.0,0.0,0.0,0.0,0.0,0.0,0.0,0.0,0.0,0.0,0.0,0.0,0.000121389,0.0,0.0,0.0,0.000242777,0.0,0.0,0.00558388,0.0,0.0,0.0,0.0,0.0,0.0,0.0,0.0,0.0,0.0,0.0,0.0,0.0,0.0,0.0,0.0,0.0,0.000121389,0.0,0.0,0.0,0.0,0.0,0.0,0.000121389,0.003398883,0.0,0.002913328,0.0,0.0,0.0,0.0,0.0,0.0,0.0,0.0,0.0
43,0.0,0.0,0.0,0.0,0.0,0.0,0.0,0.0,0.0,0.0,0.0,0.0,0.0,0.0,0.0,0.0,0.051832969,0.0,0.0,0.0,0.0,0.0,0.0,0.0,0.0,0.0,0.000364166,0.0,0.0,0.0,0.0,0.0,0.0,0.0,0.0,0.004734159,0.011774703,0.0,0.0,0.0,0.0,0.0,0.0,0.0,0.0,0.0,0.0,0.0,0.0,0.0,0.0,0.0,0.0,0.0,0.0,0.0,0.0,0.0,0.0,0.0,0.000242777,0.0,0.0,0.0,0.0,0.0,0.0,0.0,0.0,0.0,0.0,0.0,0.0,0.0,0.0,0.0,0.0,0.0,0.0,0.0,0.0,0.0,0.0,0.0,0.0,0.0,0.0,0.0,0.0,0.0,0.0,0.0,0.0,0.0,0.0,0.0,0.0,0.0,0.0,0.0,0.0,0.0,0.0,0.0,0.0,0.0,0.0,0.0,0.0,0.0,0.0,0.0,0.0,0.0,0.0,0.0,0.0,0.0,0.0,0.0,0.0,0.0,0.012138869,0.0,0.0,0.0,0.0,0.0,0.0,0.0,0.0,0.035445496,0.0,0.0,0.0,0.0,0.021000243,0.0,0.001092498,0.0,0.0,0.0,0.0,0.002184996,0.134862831,0.0,0.0,0.0,0.010075261,0.008497208,0.025248847,0.0,0.0,0.0,0.0,0.0,0.000242777,0.0,0.0,0.0,0.0,0.0,0.003398883,0.0,0.002184996,0.0,0.002549162,0.0,0.0,0.0,0.0,0.0,0.000364166,0.0,0.0,0.001213887,0.0,0.0,0.0,0.0,0.0,0.0,0.0,0.0,0.0,0.0,0.0,0.0,0.0,0.0,0.0,0.0,0.0,0.0,0.0,0.0,0.0,0.0,0.0,0.0,0.0,0.0,0.0,0.0,0.0,0.0,0.0,0.0,0.0,0.0,0.0,0.0,0.0,0.0,0.0,0.0,0.0,0.0,0.0,0.0,0.0,0.0,0.0,0.0,0.0,0.0,0.0,0.0,0.0,0.0,0.0,0.0,0.0,0.0,0.0,0.0,0.0,0.0,0.000485555,0.0,0.0,0.0,0.0,0.0,0.0,0.000485555,0.0,0.0,0.0,0.0,0.0,0.0,0.0,0.0,0.0,0.0,0.0,0.0,0.0,0.0,0.0,0.0,0.0,0.0,0.0,0.0,0.0,0.0,0.0,0.0,0.0,0.0,0.000121389,0.0,0.0,0.0,0.0,0.0,0.000242777,0.0,0.0,0.0,0.0,0.0,0.0,0.0,0.000121389,0.0,0.0,0.000121389,0.0,0.0,0.0,0.0,0.0,0.0,0.0,0.0,0.0,0.0,0.0,0.0,0.000121389,0.0,0.0,0.0,0.0,0.0,0.0,0.0,0.0,0.0,0.000971109,0.0,0.0,0.0,0.10439427,0.0,0.0,0.0,0.0,0.0,0.0,0.0,0.0,0.0,0.0,0.0,0.0,0.001578053,0.0,0.0,0.0,0.0,0.000485555,0.0,0.0,0.0,0.0,0.000728332,0.0,0.0,0.0,0.0,0.0,0.0,0.0,0.0,0.0,0.0,0.0,0.0,0.0,0.0,0.0,0.00740471,0.0,0.0,0.0,0.0,0.0,0.000364166,0.000485555,0.0,0.0,0.000242777,0.0,0.0,0.0,0.0,0.0,0.0,0.0,0.0,0.0,0.0,0.0,0.0,0.0,0.000121389,0.0,0.007890265,0.000606943,0.0,0.0,0.0,0.0,0.005341102,0.0,0.027919398,0.0,0.0,0.0,0.0,0.0,0.0,0.0,0.0,0.0,0.0,0.0,0.0,0.069677106,0.0,0.0,0.0,0.0,0.0,0.0,0.0,0.0,0.0,0.0,0.001456664,0.0,0.0,0.0,0.0,0.0,0.0,0.0,0.015780529,0.0,0.0,0.0,0.0,0.0,0.0,0.0,0.0,0.0,0.0,0.0,0.0,0.0,0.0,0.0,0.0,0.0,0.0,0.0,0.0,0.0,0.0,0.0,0.0,0.0,0.0,0.0,0.0,0.0,0.0,0.0,0.0,0.0,0.0,0.0,0.0,0.0,0.0,0.0,0.0,0.0,0.000121389,0.0,0.230638504,0.0,0.0,0.0,0.0,0.0,0.0,0.0,0.0,0.0,0.0,0.0,0.0,0.0,0.000364166,0.0,0.0,0.0,0.0,0.0,0.0,0.0,0.0,0.0,0.0,0.0,0.0,0.0,0.0,0.0,0.0,0.0,0.003398883,0.0,0.0,0.0,0.0,0.0,0.0,0.0,0.0,0.0,0.0,0.0,0.000485555,0.0,0.0,0.0,0.0,0.0,0.0,0.0,0.0,0.0,0.001092498,0.0,0.0,0.0,0.0,0.0,0.0,0.0,0.0,0.002063608,0.0,0.0,0.0,0.0,0.000485555,0.0,0.0,0.0,0.0,0.0,0.0,0.0,0.0,0.0,0.0,0.0,0.0,0.0,0.0,0.0,0.0,0.0,0.0,0.0,0.0,0.0,0.0,0.0,0.0,0.0,0.0,0.0,0.0,0.0,0.0,0.0,0.0,0.0,0.0,0.0,0.0,0.0,0.0,0.0,0.0,0.0,0.0,0.0,0.0,0.0,0.0,0.0,0.0,0.000121389,0.000121389,0.0,0.0,0.060208789,0.0,0.0,0.0,0.0,0.0,0.0,0.0,0.0,0.0,0.0,0.0,0.0,0.0,0.0,0.0,0.0,0.0,0.0,0.0,0.0,0.0,0.0,0.0,0.0,0.0,0.0,0.0,0.0,0.0,0.0,0.0,0.0,0.0,0.0,0.0,0.0,0.0,0.0,0.0,0.0,0.0,0.0,0.0,0.0,0.0,0.0,0.0,0.0,0.0,0.0,0.0,0.0,0.0,0.005098325,0.0,0.0,0.069677106,0.005462491,0.001335276,0.0,0.0,0.0,0.0,0.0,0.0,0.0,0.0,0.0,0.0,0.0,0.0,0.0,0.000242777,0.0,0.0,0.0,0.0,0.0,0.0,0.0,0.0,0.0,0.005705268,0.0,0.0,0.0,0.031561059,0.002549162,0.0,0.0,0.0,0.0,0.0,0.0,0.0,0.0,0.0,0.0,0.0,0.0,0.0,0.0,0.0,0.0,0.0,0.0,0.0,0.0,0.0,0.0,0.0,0.0,0.0,0.0,0.0,0.0,0.0,0.0,0.000121389,0.0,0.0,0.0,0.0,0.0,0.0,0.0,0.0,0.000728332,0.0,0.0,0.0,0.0,0.0,0.0,0.0,0.0,0.0,0.0,0.0,0.000728332,0.0,0.0,0.000364166,0.0,0.000242777,0.0,0.0,0.000121389,0.0,0.000364166,0.0,0.0,0.0,0.0,0.0,0.0,0.0,0.0,0.0
44,0.0,0.0,0.0,0.0,0.0,0.0,0.0,0.0,0.0,0.0,0.0,0.0,0.0,0.0,0.0,0.0,0.0,0.0,0.0,0.000242777,0.0,0.0,0.0,0.0,0.0,0.0,0.0,0.0,0.0,0.0,0.0,0.0,0.0,0.0,0.0,0.048919641,0.005341102,0.0,0.0,0.0,0.0,0.0,0.0,0.0,0.0,0.0,0.0,0.0,0.0,0.0,0.0,0.0,0.0,0.0,0.0,0.0,0.0,0.0,0.0,0.064457393,0.0,0.0,0.0,0.0,0.0,0.0,0.0,0.0,0.0,0.0,0.0,0.0,0.0,0.0,0.0,0.0,0.0,0.0,0.0,0.0,0.000364166,0.0,0.0,0.0,0.0,0.0,0.0,0.0,0.0,0.0,0.0,0.0,0.0,0.0,0.0,0.0,0.0,0.005948046,0.0,0.0,0.0,0.0,0.0,0.0,0.0,0.0,0.0,0.0,0.0,0.0,0.0,0.0,0.0,0.0,0.0,0.0,0.0,0.0,0.0,0.0,0.0,0.0,0.005341102,0.0,0.0,0.0,0.0,0.0,0.0,0.0,0.0,0.0,0.0,0.0,0.0,0.0,0.0,0.0,0.0,0.0,0.0,0.0,0.0,0.0,0.0,0.0,0.0,0.000121389,0.000971109,0.002063608,0.09055596,0.0,0.0,0.0,0.0,0.0,0.0,0.0,0.0,0.0,0.0,0.01383831,0.0,0.0,0.014323865,0.0,0.000849721,0.0,0.0,0.0,0.0,0.0,0.0,0.0,0.0,0.000485555,0.0,0.003763049,0.0,0.0,0.0,0.0,0.0,0.0,0.0,0.0,0.0,0.0,0.0,0.0,0.0,0.000242777,0.0,0.0,0.0,0.0,0.0,0.0,0.195435785,0.0,0.0,0.0,0.0,0.0,0.0,0.0,0.0,0.0,0.0,0.0,0.0,0.0,0.0,0.0,0.0,0.0,0.0,0.0,0.0,0.0,0.0,0.0,0.0,0.0,0.0,0.0,0.0,0.0,0.0,0.0,0.0,0.0,0.0,0.0,0.0,0.0,0.0,0.0,0.0,0.0,0.0,0.0,0.000849721,0.0,0.0,0.0,0.0,0.0,0.00279194,0.0,0.0,0.0,0.0,0.0,0.0,0.0,0.0,0.0,0.0268269,0.0,0.0,0.0,0.0,0.0,0.0,0.0,0.0,0.0,0.0,0.0,0.0,0.0,0.0,0.0,0.0,0.0,0.0,0.0,0.0,0.0,0.0,0.000121389,0.0,0.0,0.0,0.0,0.032653557,0.000728332,0.0,0.0,0.0,0.0,0.0,0.0,0.0,0.000242777,0.0,0.000121389,0.0,0.0,0.0,0.0,0.0,0.0,0.0,0.0,0.0,0.0,0.0,0.0,0.0,0.0,0.0,0.017722748,0.0,0.0,0.192036902,0.0,0.0,0.0,0.0,0.000364166,0.0,0.0,0.0,0.0,0.0,0.0,0.0,0.000485555,0.0,0.0,0.0,0.0,0.0,0.0,0.0,0.0,0.0,0.0,0.006312212,0.0,0.0,0.0,0.0,0.000364166,0.0,0.0,0.0,0.0,0.0,0.001213887,0.0,0.0,0.001092498,0.000242777,0.0,0.0,0.0,0.0,0.0,0.000364166,0.0,0.0,0.0,0.0,0.0,0.0,0.000971109,0.0,0.0,0.0,0.0,0.0,0.0,0.0,0.0,0.0,0.0,0.0,0.0,0.018329692,0.0,0.0,0.000121389,0.004005827,0.0,0.036780772,0.0,0.0,0.0,0.0,0.0,0.0,0.0,0.0,0.0,0.0,0.0,0.0,0.001578053,0.0,0.004127215,0.0,0.0,0.0,0.0,0.0,0.0,0.0,0.0,0.0,0.0,0.001335276,0.0,0.0,0.0,0.0,0.000728332,0.0,0.0,0.025248847,0.000364166,0.0,0.0,0.0,0.0,0.0,0.0,0.0,0.0,0.0,0.0,0.0,0.0,0.0,0.0,0.0,0.0,0.0,0.0,0.0,0.0,0.0,0.0,0.0,0.0,0.0,0.0,0.0,0.0,0.0,0.0,0.0,0.0,0.0,0.0,0.0,0.0,0.0,0.0,0.0,0.0,0.0,0.0,0.0,0.0,0.0,0.0,0.0,0.0,0.0,0.0,0.0,0.0,0.0,0.0,0.0,0.0,0.011167759,0.0,0.0,0.0,0.0,0.0,0.0,0.0,0.0,0.0,0.0,0.0,0.0,0.0,0.0,0.0,0.0,0.0,0.0,0.0,0.0,0.0,0.0,0.0,0.0,0.0,0.0,0.0,0.0,0.0,0.003156106,0.0,0.0,0.0,0.0,0.0,0.0,0.0,0.0,0.000242777,0.0,0.0,0.0,0.0,0.0,0.0,0.0,0.0,0.0,0.0,0.0,0.0,0.0,0.0,0.0,0.0,0.0,0.0,0.0,0.0,0.0,0.0,0.0,0.0,0.0,0.0,0.0,0.0,0.0,0.0,0.0,0.0,0.0,0.0,0.0,0.0,0.0,0.0,0.0,0.000971109,0.0,0.0,0.0,0.0,0.0,0.000121389,0.0,0.0,0.0,0.0,0.003641661,0.0,0.0,0.0,0.0,0.002184996,0.0,0.0,0.0,0.0,0.0,0.0,0.0,0.000364166,0.0,0.0,0.0,0.0,0.0,0.0,0.0,0.0,0.0,0.0,0.0,0.0,0.0,0.0,0.0,0.0,0.0,0.0,0.0,0.0,0.0,0.0,0.000606943,0.0,0.0,0.0,0.0,0.0,0.0,0.0,0.0,0.0,0.0,0.0,0.0,0.0,0.0,0.0,0.0,0.0,0.0,0.0,0.0,0.0,0.0,0.0,0.0,0.000121389,0.0,0.0,0.0,0.0,0.0,0.0,0.0,0.0,0.0,0.015659141,0.0,0.0,0.001578053,0.0,0.0,0.0,0.0,0.0,0.0,0.0,0.0,0.0,0.0,0.0,0.0,0.0,0.004976936,0.0,0.0,0.0,0.0,0.0,0.0,0.0,0.0,0.0,0.0,0.0,0.0,0.0,0.0,0.0,0.0,0.0,0.0,0.0,0.0,0.0,0.0,0.0,0.0,0.0,0.0,0.0,0.0,0.000485555,0.0,0.0,0.0,0.0,0.000121389,0.0,0.0,0.0,0.0,0.0,0.0,0.0,0.0,0.0,0.000849721,0.0,0.0,0.0,0.0,0.0,0.0,0.00279194,0.0,0.0,0.0,0.0,0.0,0.0,0.0,0.0,0.0,0.0,0.0,0.0,0.0,0.0,0.0,0.0,0.0,0.000121389,0.0,0.0,0.0,0.0,0.0,0.0,0.086185967,0.024277737,0.0,0.0,0.008982763,0.0,0.0,0.0,0.0,0.0,0.0,0.0,0.0
45,0.0,0.0,0.0,0.0,0.0,0.0,0.0,0.0,0.0,0.0,0.0,0.0,0.0,0.0,0.0,0.0,0.000849721,0.0,0.0,0.001942219,0.0,0.0,0.0,0.0,0.0,0.0,0.003277495,0.0,0.0,0.0,0.0,0.0,0.0,0.004976936,0.0,0.000606943,0.084850692,0.0,0.0,0.0,0.0,0.000242777,0.0,0.0,0.0,0.0,0.0,0.0,0.0,0.0,0.0,0.0,0.0,0.0,0.0,0.0,0.0,0.0,0.0,0.105243991,0.001942219,0.0,0.000364166,0.0,0.0,0.0,0.0,0.0,0.0,0.0,0.0,0.0,0.0,0.0,0.0,0.0,0.0,0.0,0.0,0.0,0.000485555,0.0,0.0,0.0,0.0,0.0,0.0,0.0,0.0,0.0,0.0,0.0,0.0,0.0,0.0,0.0,0.000485555,0.013231367,0.0,0.0,0.0,0.0,0.0,0.0,0.0,0.0,0.0,0.0,0.0,0.0,0.0,0.0,0.0,0.0,0.0,0.0,0.0,0.0,0.0,0.0,0.0,0.0,0.004734159,0.0,0.0,0.0,0.0,0.0,0.0,0.0,0.0,0.005705268,0.0,0.0,0.0,0.0,0.0,0.0,0.0,0.0,0.0,0.0,0.0,0.0,0.003398883,0.0,0.0,0.0,0.0,0.0,0.019179412,0.0,0.000485555,0.0,0.0,0.0,0.003156106,0.0,0.0,0.0,0.0,0.002184996,0.0,0.000364166,0.015294975,0.0,0.001456664,0.000364166,0.0,0.0,0.0,0.0,0.0,0.0,0.0,0.01019665,0.0,0.001942219,0.0,0.0,0.0,0.0,0.0,0.0,0.0,0.0,0.0,0.0,0.0,0.0,0.0,0.0,0.0,0.000242777,0.000121389,0.0,0.0,0.0,0.0,0.0,0.0,0.0,0.0,0.0,0.0,0.0,0.0,0.0,0.0,0.0,0.0,0.0,0.0,0.0,0.0,0.0,0.0,0.0,0.0,0.0,0.0,0.0,0.0,0.0,0.0,0.0,0.0,0.0,0.0,0.0,0.0,0.0,0.0,0.0,0.0,0.0,0.0,0.011289148,0.000121389,0.0,0.0,0.0,0.000606943,0.0,0.0,0.0,0.0,0.0,0.022942462,0.0,0.0,0.000242777,0.0,0.0,0.0,0.0,0.0,0.0,0.005705268,0.000971109,0.0,0.0,0.0,0.0,0.0,0.0,0.0,0.0,0.0,0.0,0.0,0.0,0.0,0.0,0.0,0.0,0.0,0.0,0.0,0.0,0.0,0.0,0.0,0.0,0.0,0.0,0.041757708,0.010560816,0.0,0.000728332,0.0,0.0,0.0,0.0,0.0,0.0,0.0,0.0,0.003520272,0.0,0.002063608,0.0,0.0,0.0,0.0,0.0,0.0,0.0,0.0,0.0,0.0,0.0,0.045035203,0.052197135,0.0,0.0,0.015780529,0.0,0.0,0.0,0.0,0.0,0.0,0.0,0.0,0.0,0.0,0.0,0.0,0.0,0.0,0.0,0.0,0.0,0.0,0.000242777,0.0,0.0,0.0,0.003763049,0.0,0.0,0.0,0.000485555,0.0,0.0,0.0,0.0,0.0,0.0,0.000364166,0.000485555,0.0,0.0,0.000971109,0.000485555,0.0,0.0,0.0,0.012867201,0.0,0.0,0.0,0.0,0.0,0.0,0.0,0.0,0.0,0.0,0.0,0.0,0.0,0.0,0.0,0.0,0.0,0.000121389,0.0,0.0,0.0,0.095897062,0.0,0.0,0.0,0.003641661,0.0,0.017358582,0.0,0.0,0.0,0.0,0.0,0.007040544,0.0,0.000121389,0.0,0.000485555,0.0,0.0,0.001699442,0.0,0.000849721,0.0,0.0,0.0,0.0,0.0,0.0,0.0,0.0,0.0,0.0,0.001213887,0.0,0.0,0.0,0.001092498,0.001213887,0.0,0.0,0.030347172,0.0,0.0,0.0,0.000364166,0.004248604,0.0,0.001213887,0.0,0.0,0.0,0.0,0.0,0.0,0.0,0.0,0.0,0.0,0.000121389,0.0,0.0,0.0,0.0,0.0,0.0,0.0,0.0,0.0,0.0,0.000242777,0.0,0.0,0.0,0.0,0.000121389,0.0,0.0,0.0,0.0,0.0,0.0,0.0,0.0,0.0,0.0,0.0,0.0,0.0,0.0,0.0,0.0,0.0,0.0,0.0,0.0,0.0,0.0,0.0,0.000971109,0.0,0.0,0.0,0.0,0.0,0.0,0.0,0.0,0.0,0.0,0.0,0.0,0.0,0.0,0.0,0.000242777,0.0,0.0,0.0,0.0,0.0,0.0,0.0,0.0,0.0,0.0,0.0,0.0,0.0,0.0,0.0,0.0,0.0,0.0,0.0,0.0,0.0,0.0,0.000606943,0.0,0.0,0.0,0.0,0.0,0.0,0.0,0.0,0.0,0.0,0.0,0.0,0.0,0.0,0.000485555,0.0,0.0,0.0,0.0,0.0,0.0,0.0,0.0,0.0,0.0,0.0,0.0,0.0,0.0,0.0,0.0,0.0,0.0,0.0,0.0,0.0,0.0,0.0,0.0,0.000121389,0.0,0.0,0.0,0.0,0.0,0.0,0.0,0.0,0.0,0.0,0.0,0.0,0.0,0.0,0.0,0.0,0.0,0.0,0.0,0.0,0.0,0.0,0.0,0.0,0.097353727,0.093712066,0.0,0.002184996,0.0,0.000121389,0.0,0.0,0.0,0.0,0.0,0.0,0.0,0.0,0.0,0.0,0.0,0.0,0.0,0.0,0.0,0.0,0.018693858,0.0,0.0,0.000849721,0.0,0.0,0.0,0.0,0.0,0.0,0.0,0.0,0.0,0.0,0.0,0.0,0.0,0.0,0.0,0.0,0.0,0.0,0.0,0.0,0.0,0.0,0.0,0.0,0.0,0.0,0.0,0.0,0.0,0.0,0.0,0.0,0.0,0.0,0.000485555,0.0,0.0,0.0,0.0,0.000121389,0.0,0.0,0.0,0.0,0.0,0.0,0.0,0.0,0.006797766,0.0,0.0,0.0,0.0,0.0,0.0,0.0,0.0,0.0,0.0,0.0,0.0,0.0,0.0,0.0,0.0,0.0,0.0,0.0,0.0,0.0,0.0,0.0,0.0,0.0,0.0,0.0,0.0,0.0,0.0,0.0,0.0,0.0,0.0,0.0,0.0,0.0,0.0,0.0,0.0,0.000121389,0.0,0.000242777,0.027312454,0.0,0.001213887,0.0,0.045884924,0.0,0.0,0.008982763,0.0,0.0,0.0,0.0,0.0,0.000242777,0.0,0.0,0.0,0.001578053,0.0,0.0,0.0,0.0,0.0,0.0,0.0,0.0,0.0,0.0,0.0,0.0,0.0,0.0,0.000606943,0.001456664,0.0,0.0,0.000606943,0.0,0.0,0.0,0.0,0.001092498,0.0,0.0,0.0
46,0.0,0.0,0.0,0.0,0.0,0.0,0.0,0.0,0.0,0.0,0.0,0.000121389,0.003034717,0.0,0.0,0.0,0.001456664,0.0,0.0,0.000485555,0.0,0.0,0.0,0.0,0.0,0.0,0.0,0.0,0.0,0.0,0.0,0.0,0.0,0.000364166,0.0,0.000121389,0.019300801,0.000728332,0.0,0.0,0.0,0.0,0.0,0.0,0.0,0.0,0.066035445,0.0,0.0,0.0,0.0,0.0,0.0,0.0,0.0,0.0,0.0,0.0,0.0,0.0,0.000242777,0.0,0.0,0.0,0.0,0.0,0.0,0.00182083,0.002063608,0.0,0.0,0.0064336,0.0,0.0,0.0,0.002063608,0.00461277,0.0,0.0,0.0,0.000728332,0.00279194,0.0,0.0,0.0,0.0,0.0,0.0,0.0,0.0,0.0,0.0,0.0,0.0,0.0,0.0,0.0,0.0,0.0,0.0,0.0,0.0,0.0,0.0,0.0,0.0,0.000121389,0.000121389,0.0,0.0,0.0,0.0,0.0,0.0,0.0,0.0,0.0,0.0,0.0,0.0,0.0,0.0,0.103665938,0.0,0.0,0.0,0.0,0.0,0.0,0.000849721,0.002063608,0.000121389,0.0,0.0,0.023792183,0.0,0.001578053,0.0,0.108642874,0.0,0.0,0.0,0.000971109,0.000971109,0.046856033,0.0,0.0,0.0,0.008982763,0.030225783,0.026948288,0.000728332,0.0,0.0,0.0,0.0,0.0,0.0,0.0,0.0,0.0,0.0,0.007526099,0.0,0.001456664,0.0,0.000606943,0.0,0.0,0.0,0.0,0.0,0.0,0.0,0.000364166,0.000728332,0.000121389,0.0,0.0,0.000485555,0.0,0.0,0.0,0.0,0.0,0.0,0.0,0.0,0.0,0.0,0.000242777,0.0,0.0,0.0,0.0,0.0,0.0,0.0,0.0,0.0,0.0,0.0,0.0,0.0,0.0,0.0,0.0,0.0,0.0,0.0,0.0,0.0,0.0,0.0,0.0,0.0,0.0,0.0,0.0,0.0,0.0,0.0,0.0,0.0,0.0,0.0,0.0,0.0,0.0,0.0,0.0,0.0,0.0,0.0,0.0,0.0,0.0,0.0,0.0,0.0,0.0,0.0,0.005826657,0.0,0.0,0.0,0.0,0.0,0.000971109,0.0,0.0,0.0,0.0,0.0,0.0,0.0,0.0,0.0,0.005948046,0.001335276,0.0,0.0,0.0,0.0,0.0,0.0,0.0,0.0,0.0,0.0,0.0,0.0,0.0,0.0,0.0,0.0,0.0,0.0,0.0,0.0,0.0,0.0,0.0,0.0,0.0,0.0,0.003398883,0.000485555,0.0,0.0,0.0,0.0,0.0,0.0,0.0,0.0,0.0,0.0,0.0,0.0,0.0,0.0,0.0,0.0,0.0,0.0,0.0,0.0,0.0,0.0,0.0,0.0,0.0,0.113012867,0.0,0.0,0.044792425,0.0,0.0,0.0,0.0,0.0,0.0,0.0,0.0,0.0,0.0,0.0,0.0,0.003277495,0.0,0.0,0.0,0.0,0.0,0.0,0.0,0.0,0.0,0.000121389,0.0,0.0,0.002063608,0.0,0.0,0.0,0.0,0.0,0.0,0.0,0.0,0.0,0.0,0.0,0.0,0.0,0.0,0.0,0.0,0.0,0.0,0.0,0.00182083,0.0,0.0,0.0,0.0,0.0,0.0,0.0,0.0,0.0,0.0,0.0,0.0,0.0,0.0,0.0,0.0,0.0,0.0,0.004005827,0.000728332,0.0,0.0,0.0,0.0,0.0064336,0.0,0.001456664,0.0,0.0,0.0,0.000364166,0.0,0.0,0.0,0.000242777,0.0,0.0,0.0,0.0,0.000364166,0.0,0.0,0.0,0.0,0.0,0.0,0.0,0.0,0.0,0.0,0.001699442,0.0,0.0,0.0,0.0,0.003641661,0.0,0.0,0.004734159,0.0,0.000121389,0.0,0.0,0.000242777,0.000364166,0.0,0.0,0.0,0.0,0.0,0.0,0.0,0.0,0.0,0.0,0.0,0.0,0.0,0.0,0.0,0.0,0.0,0.0,0.0,0.0,0.0,0.0,0.0,0.0,0.0,0.0,0.0,0.0,0.0,0.0,0.0,0.0,0.0,0.0,0.004855547,0.0,0.0,0.012867201,0.002063608,0.0,0.0,0.0,0.0,0.0,0.0,0.0,0.0,0.0,0.0,0.0,0.0,0.0,0.0,0.0,0.0,0.00182083,0.0,0.001092498,0.0,0.0,0.0,0.0,0.0,0.00279194,0.0,0.0,0.0,0.0,0.0,0.001942219,0.0,0.0,0.0,0.0,0.0,0.0,0.0,0.0,0.003034717,0.0,0.0,0.001456664,0.0,0.0,0.0,0.000242777,0.0,0.000242777,0.0,0.000606943,0.0,0.0,0.0,0.0,0.0,0.0,0.0,0.0,0.0,0.0,0.000728332,0.000121389,0.000485555,0.0,0.0,0.000485555,0.0,0.0,0.0,0.0,0.0,0.0,0.0,0.0,0.0,0.0,0.0,0.000485555,0.0,0.0,0.0,0.0,0.0,0.000364166,0.0,0.0,0.0,0.0,0.0,0.0,0.014323865,0.0,0.0,0.0,0.0,0.00461277,0.000242777,0.0,0.0,0.0,0.0,0.0,0.0,0.0,0.0,0.0,0.0,0.0,0.0,0.0,0.0,0.0,0.0,0.0,0.0,0.075867929,0.108764263,0.0,0.0,0.0,0.0,0.0,0.0,0.000121389,0.0,0.0,0.047705754,0.005948046,0.0,0.0,0.0,0.0,0.0,0.0,0.0,0.0,0.0,0.000364166,0.0,0.0,0.0,0.0,0.0,0.0,0.0,0.0,0.0,0.0,0.0,0.0,0.0,0.0,0.0,0.0,0.0,0.0,0.0,0.0,0.0,0.0,0.0,0.0,0.0,0.0,0.0,0.0,0.0,0.0,0.0,0.0,0.0,0.0,0.0,0.0,0.0,0.002670551,0.000971109,0.0,0.0,0.0,0.0,0.0,0.002063608,0.0,0.0,0.0,0.0,0.0,0.0,0.000728332,0.0,0.001213887,0.0,0.0,0.0,0.000121389,0.0,0.0,0.0,0.0,0.0,0.0,0.0,0.0,0.0,0.0,0.0,0.0,0.0,0.0,0.0,0.0,0.0,0.0,0.0,0.0,0.0,0.0,0.0,0.0,0.0,0.0,0.0,0.0,0.0,0.0,0.0,0.0,0.0,0.0,0.0,0.0,0.0,0.0,0.0,0.0,0.0,0.0,0.0,0.0,0.002549162,0.0,0.0,0.0,0.0,0.0,0.007040544,0.0,0.0,0.0,0.0,0.0,0.0,0.0,0.0,0.000485555,0.0,0.0,0.0,0.0,0.0,0.000485555,0.0,0.0,0.0,0.0,0.0,0.0,0.0,0.0,0.0,0.0,0.0,0.0,0.0,0.0,0.0,0.0
47,0.0,0.0,0.0,0.0,0.0,0.000121389,0.0,0.0,0.0,0.0,0.0,0.0,0.0,0.0,0.0,0.0,0.0,0.0,0.0,0.000485555,0.0,0.0,0.0,0.0,0.0,0.0,0.016508861,0.0,0.0,0.0,0.0,0.0,0.0,0.001213887,0.0,0.000728332,0.002184996,0.001213887,0.0,0.0,0.0,0.0,0.0,0.0,0.0,0.0,0.0,0.0,0.0,0.0,0.0,0.0,0.0,0.0,0.0,0.0,0.0,0.0,0.0,0.011531925,0.000485555,0.0,0.0,0.0,0.0,0.0,0.0,0.0,0.0,0.002063608,0.0,0.0,0.0,0.0,0.0,0.0,0.0,0.0,0.0,0.0,0.000485555,0.018815246,0.0,0.0,0.0,0.0,0.0,0.0,0.0,0.0,0.0,0.0,0.0,0.0,0.0,0.0,0.0,0.00182083,0.0,0.0,0.0,0.0,0.0,0.0,0.000971109,0.0,0.0,0.0,0.0,0.0,0.0,0.0,0.0,0.0,0.0,0.0,0.0,0.0,0.0,0.0,0.0,0.0,0.006069434,0.0,0.0,0.0,0.0,0.0,0.0,0.0,0.0,0.0,0.0,0.0,0.0,0.0,0.0,0.0,0.0,0.0,0.0,0.0,0.0,0.012503035,0.229667395,0.0,0.0,0.011774703,0.002063608,0.011167759,0.107793154,0.0,0.0,0.0,0.0,0.0,0.021607186,0.0,0.0,0.000121389,0.0,0.005219714,0.001456664,0.0,0.003763049,0.0,0.000971109,0.0,0.0,0.0,0.0,0.0,0.0,0.0,0.0,0.013959699,0.0,0.002670551,0.0,0.0,0.0,0.0,0.0,0.0,0.0,0.0,0.0,0.0,0.0,0.0,0.0,0.0,0.0,0.0,0.0,0.0,0.0,0.0,0.0,0.0,0.0,0.0,0.0,0.0,0.0,0.0,0.0,0.0,0.0,0.0,0.0,0.0,0.0,0.0,0.0,0.0,0.0,0.0,0.0,0.0,0.0,0.0,0.0,0.0,0.0,0.0,0.0,0.0,0.0,0.0,0.0,0.0,0.0,0.0,0.0,0.0,0.000121389,0.0,0.00279194,0.0,0.009711095,0.0,0.0,0.000849721,0.0,0.0,0.0,0.0,0.012381646,0.0,0.0,0.0,0.0,0.0,0.0,0.0,0.0,0.000364166,0.000606943,0.000971109,0.0,0.0,0.0,0.0,0.0,0.0,0.0,0.0,0.0,0.0,0.0,0.0,0.0,0.0,0.0,0.0,0.0,0.0,0.0,0.0,0.0,0.0,0.0,0.0,0.0,0.001456664,0.007890265,0.000728332,0.0,0.000971109,0.0,0.0,0.0,0.0,0.0,0.0,0.0,0.0,0.001335276,0.0,0.000121389,0.0,0.0,0.0,0.0,0.0,0.0,0.0,0.0,0.0,0.0,0.0,0.001942219,0.006554989,0.0,0.0,0.021364409,0.0,0.0,0.0,0.0,0.0,0.0,0.0,0.0,0.0,0.0,0.0,0.0,0.000242777,0.0,0.0,0.0,0.000364166,0.0,0.0,0.0,0.0,0.0,0.003156106,0.0,0.0,0.0,0.0,0.0,0.0,0.0,0.0,0.0,0.0,0.0,0.0,0.000121389,0.0,0.0,0.000364166,0.0,0.0,0.0,0.0,0.0,0.0,0.0,0.0,0.0,0.0,0.0,0.0,0.000485555,0.0,0.0,0.0,0.0,0.0,0.0,0.0,0.0,0.0,0.0,0.000364166,0.0,0.003398883,0.0,0.0,0.0,0.001699442,0.0,0.000728332,0.0,0.009711095,0.0,0.0,0.0,0.001213887,0.0,0.0,0.0,0.0,0.0,0.0,0.000606943,0.0,0.000242777,0.0,0.0,0.0,0.0,0.0,0.0,0.0,0.0,0.0,0.0,0.0,0.0,0.0,0.0,0.0,0.001699442,0.0,0.0,0.004248604,0.0,0.0,0.0,0.0,0.000728332,0.000121389,0.000364166,0.0,0.0,0.0,0.0,0.0,0.0,0.000242777,0.0,0.0,0.0,0.0,0.0,0.0,0.0,0.0,0.0,0.0,0.0,0.0,0.0,0.0,0.0,0.0,0.0,0.0,0.0,0.0,0.0,0.0,0.0,0.0,0.0,0.0,0.0,0.0,0.0,0.038601602,0.010318038,0.0,0.0,0.0,0.0,0.0,0.0,0.0,0.0,0.0,0.0,0.0,0.0,0.003034717,0.0,0.0,0.0,0.0,0.0,0.0,0.0,0.0,0.0,0.0,0.0,0.0,0.0,0.0,0.0,0.0,0.0,0.001213887,0.0,0.0,0.0,0.0,0.0,0.0,0.0,0.0,0.0,0.0,0.0,0.0,0.0,0.0,0.0,0.0,0.0,0.0,0.0,0.0,0.0,0.0,0.0,0.0,0.0,0.0,0.0,0.0,0.0,0.0,0.0,0.0,0.0,0.0,0.0,0.001335276,0.0,0.0,0.0,0.0,0.0,0.0,0.0,0.0,0.0,0.000121389,0.0,0.0,0.0,0.0,0.0,0.0,0.0,0.0,0.0,0.0,0.0,0.0,0.0,0.0,0.054867686,0.0,0.0,0.0,0.0,0.0,0.0,0.0,0.0,0.0,0.0,0.0,0.0,0.0,0.0,0.0,0.0,0.0,0.0,0.0,0.0,0.0,0.0,0.0,0.0,0.0,0.0,0.0,0.262806506,0.0,0.0,0.0,0.0,0.0,0.0,0.0,0.0,0.0,0.0,0.0,0.0,0.0,0.0,0.0,0.0,0.0,0.0,0.000242777,0.0,0.0,0.0,0.0,0.0,0.0,0.0,0.0,0.0,0.0,0.0,0.0,0.0,0.0,0.0,0.0,0.0,0.0,0.0,0.0,0.0,0.0,0.0,0.0,0.0,0.0,0.0,0.0,0.0,0.0,0.0,0.0,0.0,0.0,0.005948046,0.0,0.0,0.004976936,0.0,0.000485555,0.0,0.0,0.0,0.0,0.0,0.0,0.0,0.0,0.0,0.000242777,0.0,0.00461277,0.0,0.000485555,0.0,0.0,0.0,0.0,0.0,0.0,0.0,0.0,0.0,0.0,0.0,0.0,0.0,0.0,0.0,0.0,0.0,0.0,0.0,0.0,0.0,0.0,0.0,0.0,0.0,0.0,0.0,0.0,0.0,0.0,0.0,0.0,0.0,0.0,0.0,0.0,0.0,0.0,0.0,0.0,0.0,0.0,0.0,0.0,0.0,0.0,0.0,0.0,0.003156106,0.0,0.0,0.0,0.0,0.0,0.0,0.0,0.0,0.0,0.0,0.0,0.0,0.0,0.0,0.0,0.0,0.0,0.0,0.0,0.0,0.0,0.0,0.0,0.0,0.000364166,0.013352756,0.0,0.0,0.004127215,0.0,0.0,0.0,0.0,0.0,0.0,0.0,0.0
48,0.0,0.000606943,0.0,0.0,0.0,0.0,0.0,0.0,0.0,0.0,0.0,0.0,0.0,0.0,0.0,0.0,0.0,0.0,0.0,0.0,0.0,0.0,0.0,0.0,0.0,0.0,0.0,0.0,0.0,0.0,0.0,0.0,0.0,0.0,0.0,0.00182083,0.0,0.0,0.000242777,0.0,0.0,0.0,0.0,0.0,0.0,0.0,0.0,0.0,0.0,0.0,0.0,0.0,0.0,0.0,0.0,0.0,0.0,0.0,0.0,0.0,0.0,0.0,0.0,0.0,0.0,0.043578538,0.0,0.000242777,0.0,0.0,0.0,0.0,0.0,0.0,0.0,0.0,0.0,0.0,0.0,0.0,0.003763049,0.0,0.0,0.0,0.0,0.0,0.0,0.0,0.0,0.0,0.0,0.0,0.0,0.0,0.0,0.0,0.0,0.0,0.0,0.0,0.0,0.0,0.0,0.0,0.0,0.0,0.0,0.0,0.0,0.0,0.0,0.0,0.0,0.0,0.0,0.0,0.0,0.0,0.0,0.0,0.0,0.0,0.206360767,0.0,0.0,0.001213887,0.0,0.0,0.0,0.0,0.0,0.000364166,0.0,0.0,0.0,0.0,0.0,0.0,0.0,0.0,0.0,0.0,0.085336247,0.000121389,0.000606943,0.0,0.0,0.431536781,0.0,0.014930808,0.0,0.011289148,0.0,0.0,0.0,0.0,0.0,0.0,0.0,0.0,0.0,0.0,0.0064336,0.0,0.0,0.0,0.0,0.0,0.0,0.0,0.0,0.0,0.0,0.0,0.0,0.0,0.0,0.000121389,0.0,0.0,0.0,0.0,0.0,0.0,0.0,0.0,0.0,0.0,0.0,0.0,0.0,0.0,0.0,0.0,0.0,0.0,0.0,0.0,0.0,0.0,0.0,0.0,0.0,0.0,0.0,0.0,0.0,0.0,0.0,0.0,0.0,0.0,0.0,0.0,0.0,0.0,0.0,0.0,0.0,0.0,0.0,0.0,0.0,0.0,0.0,0.0,0.0,0.0,0.0,0.0,0.0,0.0,0.0,0.0,0.0,0.0,0.0,0.0,0.0,0.0,0.0,0.0,0.0,0.0,0.0,0.0,0.0,0.0,0.0,0.0,0.0,0.0,0.0,0.0,0.0,0.0,0.0,0.0,0.0,0.0,0.0,0.0,0.0,0.0,0.0,0.0,0.0,0.0,0.0,0.0,0.0,0.0,0.0,0.0,0.0,0.0,0.0,0.0,0.0,0.0,0.0,0.0,0.0,0.0,0.0,0.0,0.0,0.0,0.0,0.0,0.0,0.0,0.0,0.0,0.0,0.0,0.0,0.0,0.003156106,0.0,0.008497208,0.0,0.000606943,0.0,0.0,0.0,0.0,0.000242777,0.0,0.000121389,0.0,0.0,0.0,0.0,0.0,0.0,0.001456664,0.0,0.0,0.0,0.0,0.0,0.0,0.0,0.0,0.0,0.0,0.0,0.0,0.003763049,0.0,0.0,0.0,0.0,0.0,0.0,0.0,0.0,0.0,0.0,0.0,0.0,0.0,0.0,0.0,0.0,0.0,0.0,0.0,0.0,0.0,0.0,0.0,0.0,0.0,0.0,0.0,0.0,0.0,0.0,0.0,0.0,0.0,0.0,0.0,0.009589706,0.0,0.0,0.0,0.0,0.0,0.0,0.0,0.0,0.0,0.0,0.0,0.0,0.0,0.0,0.0,0.057538237,0.000364166,0.0,0.0,0.0,0.0,0.0,0.0,0.0,0.0,0.0,0.0,0.0,0.0,0.0,0.0,0.0,0.0,0.0,0.0,0.0,0.0,0.0,0.0,0.0,0.0,0.0,0.0,0.0,0.0,0.0,0.0,0.0,0.0,0.0,0.000121389,0.0,0.0,0.0,0.0,0.0,0.0,0.0,0.0,0.0,0.0,0.0,0.0,0.0,0.0,0.0,0.0,0.0,0.0,0.0,0.0,0.0,0.0,0.0,0.0,0.0,0.0,0.0,0.0,0.0,0.0,0.0,0.0,0.0,0.0,0.0,0.0,0.0,0.0,0.0,0.0,0.0,0.0,0.0,0.0,0.0,0.0,0.0,0.0,0.0,0.0,0.0,0.0,0.0,0.0,0.0,0.0,0.0,0.0,0.0,0.0,0.0,0.0,0.0,0.0,0.0,0.0,0.0,0.0,0.0,0.0,0.0,0.0,0.0,0.0,0.0,0.0,0.0,0.0,0.0,0.0,0.001335276,0.0,0.0,0.0,0.0,0.0,0.0,0.0,0.0,0.0,0.0,0.0,0.0,0.0,0.0,0.0,0.0,0.0,0.0,0.0,0.0,0.0,0.0,0.0,0.0,0.0,0.0,0.0,0.0,0.0,0.0,0.0,0.0,0.001335276,0.0,0.0,0.0,0.0,0.0,0.0,0.0,0.0,0.0,0.0,0.0,0.0,0.0,0.0,0.0,0.0,0.0,0.0,0.0,0.0,0.0,0.0,0.0,0.0,0.000849721,0.0,0.0,0.006797766,0.0,0.0,0.0,0.0,0.0,0.0,0.0,0.0,0.0,0.0,0.0,0.0,0.0,0.0,0.0,0.0,0.0,0.0,0.0,0.0,0.0,0.0,0.0,0.0,0.0,0.0,0.0,0.051954358,0.0,0.0,0.0,0.0,0.0,0.0,0.0,0.0,0.0,0.0,0.0,0.0,0.0,0.0,0.0,0.0,0.0,0.0,0.0,0.0,0.0,0.0,0.0,0.0,0.0,0.0,0.0,0.0,0.0,0.0,0.0,0.0,0.0,0.0,0.0,0.0,0.0,0.0,0.0,0.0,0.0,0.0,0.0,0.0,0.0,0.0,0.0,0.0,0.0,0.0,0.0,0.0,0.0,0.0,0.0,0.0,0.0,0.0,0.0,0.0,0.000242777,0.0,0.0,0.0,0.0,0.0,0.0,0.0,0.0,0.0,0.0,0.0,0.0,0.0,0.0,0.0,0.0,0.0,0.0,0.0,0.0,0.0,0.0,0.0,0.0,0.0,0.0,0.0,0.0,0.0,0.0,0.0,0.0,0.0,0.0,0.0,0.0,0.0,0.0,0.0,0.0,0.000485555,0.0,0.0,0.0,0.0,0.0,0.0,0.0,0.0,0.0,0.0,0.0,0.0,0.0,0.0,0.0,0.0,0.0,0.0,0.0,0.0,0.0,0.0,0.0,0.0,0.0,0.0,0.0,0.0,0.0,0.0,0.0,0.0,0.0,0.0,0.038358825,0.0,0.0,0.0,0.0,0.0,0.0,0.0,0.0,0.00461277,0.0,0.0,0.0,0.0,0.0,0.0,0.0,0.0,0.0,0.0,0.0,0.0,0.0
49,0.0,0.0,0.0,0.0,0.0,0.0,0.0,0.0,0.0,0.0,0.0,0.0,0.0,0.0,0.0,0.0,0.03423161,0.0,0.0,0.0,0.0,0.0,0.0,0.0,0.0,0.0,0.0,0.0,0.0,0.0,0.0,0.0,0.0,0.0,0.0,0.036173829,0.0,0.0,0.0,0.0,0.0,0.0,0.0,0.0,0.0,0.0,0.0,0.0,0.0,0.0,0.0,0.0,0.0,0.0,0.0,0.0,0.0,0.0,0.0,0.0,0.0,0.0,0.0,0.0,0.0,0.0,0.0,0.0,0.0,0.010439427,0.0,0.000242777,0.0,0.0,0.0,0.0,0.0,0.0,0.0,0.0,0.0,0.0,0.0,0.0,0.0,0.0,0.0,0.0,0.0,0.0,0.0,0.0,0.0,0.0,0.0,0.0,0.0,0.0,0.0,0.0,0.0,0.0,0.0,0.0,0.0,0.0,0.0,0.0,0.0,0.0,0.0,0.0,0.0,0.0,0.0,0.0,0.0,0.0,0.0,0.0,0.0,0.0,0.0,0.0,0.0,0.0,0.0,0.0,0.0,0.0,0.0,0.000121389,0.0,0.0,0.0,0.0,0.0,0.0,0.028526341,0.0,0.0,0.000121389,0.0,0.0,0.001092498,0.0,0.0,0.000121389,0.0,0.000606943,0.0,0.0,0.0,0.0,0.0,0.0,0.0,0.0,0.0,0.0997815,0.0,0.105729546,0.0,0.0,0.0,0.0,0.0,0.0,0.0,0.0,0.0,0.0,0.0,0.0,0.0,0.0,0.0,0.0,0.0,0.0,0.0,0.0,0.0,0.0,0.0,0.0,0.0,0.0,0.0,0.0,0.0,0.0,0.0,0.0,0.0,0.0,0.0,0.0,0.0,0.0,0.0,0.0,0.0,0.0,0.0,0.0,0.0,0.0,0.0,0.0,0.0,0.004248604,0.0,0.0,0.0,0.0,0.0,0.003641661,0.0,0.0,0.0,0.0,0.0,0.0,0.0,0.0,0.0,0.0,0.0,0.0,0.0,0.0,0.0,0.0,0.0,0.001213887,0.000242777,0.0,0.040907987,0.000242777,0.0,0.0,0.0,0.0,0.0,0.0,0.0,0.0,0.0,0.0,0.0,0.0,0.0,0.0,0.0,0.0,0.0,0.0,0.0,0.0,0.0,0.0,0.0,0.0,0.0,0.0,0.0,0.0,0.0,0.0,0.0,0.0,0.0,0.0,0.0,0.0,0.0,0.0,0.0,0.0,0.0,0.0,0.0,0.0,0.0,0.0,0.0,0.0,0.0,0.0,0.0,0.0,0.0,0.0,0.0,0.0,0.0,0.0,0.000121389,0.0,0.0064336,0.0,0.01480942,0.0,0.0,0.000242777,0.0,0.001699442,0.0,0.001456664,0.0,0.0,0.0,0.227725176,0.0,0.0,0.0,0.0,0.0,0.0,0.0,0.0,0.0,0.0,0.0,0.0,0.0,0.0,0.0,0.0,0.0,0.0,0.000364166,0.0,0.0,0.0,0.0,0.0,0.0,0.0,0.0,0.0,0.0,0.0,0.0,0.0,0.0,0.0,0.0,0.0,0.000242777,0.0,0.0,0.0,0.000849721,0.017237193,0.0,0.0,0.0,0.029983006,0.032653557,0.0,0.0,0.0,0.0,0.0,0.0,0.0,0.005826657,0.0,0.0,0.0,0.0,0.0,0.0,0.0,0.0,0.0,0.0,0.026948288,0.0,0.0,0.0,0.0,0.0,0.0,0.0,0.0,0.0,0.0,0.0,0.0,0.0,0.0,0.0,0.0,0.0,0.0,0.0,0.0,0.0,0.0,0.0,0.0,0.0,0.0,0.0,0.0,0.0,0.0,0.0,0.0,0.0,0.0,0.0,0.0,0.0,0.0,0.0,0.0,0.0,0.0,0.0,0.0,0.0,0.0,0.0,0.0,0.005705268,0.000242777,0.0,0.0,0.0,0.000121389,0.0,0.0,0.0,0.0,0.0,0.001578053,0.0,0.0,0.0,0.0,0.0,0.0,0.0,0.0,0.0,0.0,0.0,0.0,0.0,0.0,0.0,0.0,0.000121389,0.0,0.0,0.0,0.0,0.0,0.0,0.0,0.0,0.0,0.0,0.0,0.0,0.0,0.000485555,0.0,0.0,0.0,0.0,0.0,0.0,0.0,0.0,0.0,0.0,0.0,0.0,0.0,0.0,0.0,0.0,0.0,0.0,0.0,0.0,0.0,0.0,0.0,0.0,0.0,0.0,0.0,0.0,0.0,0.0,0.0,0.0,0.0,0.0,0.0,0.0,0.0,0.0,0.0,0.0,0.0,0.0,0.0,0.0,0.0,0.0,0.0,0.0,0.0,0.0,0.0,0.0,0.0,0.0,0.0,0.0,0.0,0.0,0.0,0.0,0.0,0.0,0.0,0.0,0.0,0.0,0.0,0.0,0.0,0.0,0.0,0.0,0.0,0.0,0.0,0.0,0.0,0.0,0.0,0.0,0.0,0.0,0.0,0.0,0.0,0.0,0.0,0.0,0.0,0.0,0.0,0.0,0.0,0.0,0.0,0.0,0.0,0.0,0.0,0.0,0.000849721,0.001578053,0.0,0.0,0.0,0.0,0.0,0.0,0.0,0.0,0.0,0.0,0.000242777,0.0,0.0,0.0,0.0,0.0,0.0,0.0,0.0,0.0,0.0,0.0,0.0,0.0,0.0,0.0,0.0,0.0,0.0,0.0,0.0,0.0,0.001456664,0.0,0.0,0.0,0.0,0.0,0.0,0.0,0.0,0.0,0.0,0.0,0.0,0.0,0.0,0.0,0.0,0.0,0.0,0.0,0.0,0.0,0.0,0.0,0.0,0.0,0.0,0.0,0.0,0.0,0.0,0.0,0.0,0.0,0.0,0.017965526,0.0,0.0,0.000121389,0.0,0.0,0.0,0.000121389,0.0,0.0,0.0,0.0,0.0,0.0,0.0,0.0,0.0,0.0,0.0,0.0,0.0,0.0,0.0,0.0,0.0,0.0,0.0,0.0,0.0,0.0,0.0,0.0,0.0,0.0,0.0,0.0,0.0,0.0,0.0,0.0,0.0,0.0,0.0,0.0,0.0,0.0,0.0,0.0,0.0,0.0,0.0,0.0,0.0,0.0,0.0,0.0,0.0,0.0,0.0,0.0,0.0,0.01760136,0.0,0.0,0.0,0.010682204,0.0,0.0,0.0,0.0,0.0,0.0,0.0,0.0,0.0,0.0,0.0,0.0,0.0,0.0,0.000121389,0.0,0.0,0.0,0.0,0.000485555,0.023670794,0.0,0.0,0.0,0.0,0.0,0.0,0.0,0.166666667,0.000971109,0.014930808,0.0,0.0,0.0,0.0,0.0,0.0,0.0,0.0,0.0
50,0.0,0.0,0.0,0.0,0.0,0.000485555,0.0,0.0,0.0,0.0,0.000121389,0.0,0.013959699,0.0,0.0,0.0,0.01383831,0.0,0.0,0.0,0.0,0.0,0.000485555,0.0,0.0,0.0,0.003156106,0.0,0.0,0.0,0.0,0.0,0.0,0.0,0.0,0.001092498,0.003398883,0.0,0.0,0.0,0.0,0.0,0.0,0.0,0.0,0.0,0.0,0.0,0.0,0.0,0.0,0.0,0.0,0.0,0.0,0.0,0.0,0.0,0.0,0.007161933,0.000364166,0.0,0.0,0.0,0.0,0.00740471,0.0,0.000121389,0.0,0.0,0.0,0.0,0.0,0.0,0.0,0.0,0.0,0.0,0.0,0.0,0.0,0.0,0.0,0.0,0.0,0.0,0.0,0.0,0.0,0.0,0.0,0.0,0.0,0.0,0.0,0.0,0.0,0.019786356,0.0,0.0,0.0,0.0,0.0,0.0,0.0,0.0,0.0,0.000485555,0.0,0.0,0.0,0.0,0.0,0.0,0.0,0.0,0.000242777,0.0,0.0,0.0,0.0,0.0,0.003156106,0.0,0.0,0.0,0.0,0.0,0.0,0.0,0.0,0.0,0.0,0.0,0.0,0.0,0.0,0.0,0.006919155,0.0,0.0,0.0,0.0,0.0,0.009711095,0.0,0.0,0.000242777,0.0,0.001456664,0.001335276,0.0,0.0,0.0,0.0,0.0,0.000485555,0.0,0.0,0.0,0.0,0.0,0.0,0.0,0.003398883,0.0,0.0,0.0,0.0,0.0,0.0,0.0,0.0,0.0,0.0,0.000485555,0.0,0.001456664,0.0,0.0,0.0,0.0,0.0,0.0,0.0,0.0,0.0,0.0,0.0,0.0,0.0,0.000121389,0.0,0.0,0.0,0.0,0.0,0.0,0.0,0.0,0.0,0.0,0.000606943,0.0,0.0,0.0,0.0,0.0,0.0,0.0,0.0,0.0,0.0,0.0,0.0,0.0,0.0,0.0,0.0,0.0,0.0,0.0,0.0,0.0,0.0,0.0,0.0,0.0,0.0,0.0,0.0,0.0,0.0,0.0,0.0,0.0,0.0,0.0,0.001578053,0.0,0.0,0.0,0.000364166,0.0,0.0,0.0,0.0,0.0,0.001699442,0.0,0.0,0.0,0.0,0.0,0.0,0.0,0.0,0.0,0.002063608,0.000121389,0.000971109,0.0,0.0,0.0,0.0,0.0,0.0,0.0,0.0,0.0,0.0,0.0,0.0,0.0,0.0,0.0,0.0,0.0,0.0,0.0,0.477057538,0.0,0.0,0.0,0.0,0.0,0.001213887,0.000364166,0.0,0.000121389,0.0,0.0,0.0,0.0,0.0,0.0,0.0,0.0,0.005341102,0.0,0.010075261,0.0,0.0,0.0,0.0,0.0,0.0,0.0,0.0,0.0,0.0,0.0,0.003398883,0.003520272,0.0,0.0,0.0933479,0.0,0.0,0.0,0.0,0.0,0.0,0.0,0.0,0.0,0.0,0.0,0.0,0.000121389,0.0,0.0,0.0,0.0,0.0,0.0,0.0,0.0,0.0,0.000242777,0.0,0.0,0.0,0.0,0.0,0.0,0.0,0.0,0.0,0.0,0.0,0.0,0.0,0.0,0.000242777,0.001092498,0.0,0.0,0.0,0.0,0.0,0.0,0.0,0.0,0.0,0.0,0.0,0.0,0.0,0.0,0.0,0.0,0.0,0.0,0.0,0.0,0.0,0.0,0.0,0.0,0.0,0.012381646,0.0,0.0,0.0,0.001456664,0.0,0.016387473,0.0,0.081815975,0.0,0.00922554,0.0,0.0,0.0,0.0,0.0,0.001092498,0.0,0.0,0.000485555,0.0,0.007040544,0.0,0.0,0.0,0.001335276,0.0,0.0,0.0,0.0,0.000485555,0.0,0.0,0.0,0.0,0.0,0.000485555,0.00279194,0.0,0.0,0.015901918,0.0,0.0,0.0,0.0,0.0,0.0,0.0,0.0,0.0,0.0,0.0,0.0,0.0,0.0,0.0,0.0,0.0,0.000485555,0.0,0.0,0.0,0.0,0.0,0.0,0.0,0.0,0.0,0.0,0.0,0.0,0.0,0.0,0.0,0.0,0.0,0.0,0.0,0.0,0.0,0.0,0.0,0.0,0.0,0.0,0.0,0.0,0.0,0.0,0.0,0.0,0.0,0.0,0.0,0.0,0.0,0.0,0.0,0.0,0.0,0.0,0.0,0.0,0.0,0.0,0.0,0.0,0.0,0.0,0.0,0.0,0.0,0.0,0.0,0.0,0.0,0.000242777,0.0,0.0,0.0,0.0,0.0,0.0,0.0,0.0,0.000971109,0.0,0.0,0.001456664,0.0,0.0,0.0,0.002063608,0.0,0.000364166,0.0,0.0,0.0,0.0,0.0,0.0,0.0,0.0,0.0,0.0,0.0,0.0,0.0,0.0,0.0,0.0,0.0,0.000121389,0.0,0.0,0.0,0.0,0.0,0.0,0.0,0.0,0.0,0.0,0.0,0.0,0.0,0.0,0.0,0.0,0.0,0.0,0.0,0.0,0.0,0.0,0.0,0.0,0.00182083,0.0,0.0,0.0,0.0,0.0,0.0,0.0,0.0,0.0,0.0,0.0,0.0,0.0,0.0,0.0,0.0,0.0,0.0,0.0,0.0,0.0,0.0,0.0,0.0,0.0,0.0,0.0,0.0,0.0,0.0,0.0,0.0,0.0,0.0,0.0,0.0,0.0,0.0,0.0,0.0,0.034474387,0.0,0.0,0.0,0.0,0.0,0.036416606,0.0,0.0,0.0,0.0,0.0,0.0,0.0,0.0,0.0,0.0,0.0,0.0,0.0,0.0,0.0,0.0,0.0,0.0,0.0,0.0,0.0,0.0,0.0,0.0,0.000121389,0.0,0.0,0.0,0.0,0.0,0.0,0.0,0.0,0.0,0.000971109,0.004005827,0.0,0.030832726,0.012381646,0.000485555,0.0,0.0,0.0,0.0,0.0,0.0,0.0,0.0,0.000121389,0.0,0.0,0.002670551,0.0,0.0,0.0,0.0,0.0,0.0,0.0,0.0,0.0,0.0,0.0,0.0,0.0,0.0,0.0,0.0,0.002306385,0.0,0.0,0.0,0.0,0.0,0.0,0.0,0.0,0.0,0.0,0.0,0.0,0.0,0.0,0.0,0.0,0.0,0.0,0.0,0.0,0.0,0.0,0.0,0.0,0.0,0.0,0.0,0.0,0.0,0.0,0.002063608,0.0,0.0,0.00279194,0.0,0.0,0.0,0.0,0.0,0.0,0.0,0.0,0.0,0.0,0.0,0.0,0.0,0.0,0.0,0.0,0.0,0.0,0.0,0.0,0.0,0.0,0.0,0.0,0.000121389,0.005219714,0.0,0.002184996,0.0,0.0,0.0,0.0,0.0,0.0,0.0,0.0,0.0
51,0.0,0.0,0.0,0.0,0.0,0.0,0.018936635,0.0,0.0,0.0,0.002063608,0.0332605,0.001092498,0.0,0.0,0.0,0.01104637,0.0,0.0,0.0,0.0,0.0,0.020878854,0.0,0.0,0.000606943,0.0,0.0,0.0,0.0,0.0,0.0,0.0,0.0,0.0,0.0,0.0,0.0,0.0,0.0,0.0,0.0,0.0,0.005462491,0.0,0.0,0.0,0.0,0.0,0.0,0.0,0.0,0.0,0.0,0.0,0.0,0.0,0.0,0.0,0.007283321,0.0,0.0,0.0,0.0,0.0,0.0,0.0,0.000606943,0.000121389,0.0,0.0,0.0,0.0,0.0,0.0,0.0,0.000242777,0.0,0.000242777,0.0,0.002184996,0.000121389,0.067856276,0.0,0.015416363,0.000121389,0.0,0.0,0.0,0.0,0.0,0.0,0.0,0.0,0.0,0.0,0.0,0.0,0.0,0.0,0.0,0.0,0.0,0.0,0.0,0.0,0.000121389,0.000485555,0.0,0.0,0.0,0.0,0.000121389,0.0,0.0,0.0,0.000485555,0.0,0.0,0.0,0.0,0.0,0.000728332,0.0,0.0,0.0,0.0,0.000242777,0.0,0.0,0.0,0.000242777,0.0,0.0,0.0,0.0,0.000485555,0.0,0.000121389,0.0,0.0,0.0,0.000242777,0.000606943,0.000242777,0.0,0.0,0.000242777,0.000849721,0.012138869,0.00182083,0.004369993,0.0,0.0,0.000849721,0.0,0.000242777,0.0,0.0,0.0,0.0,0.000121389,0.000606943,0.0,0.000606943,0.0,0.000121389,0.0,0.0,0.0,0.0,0.0,0.0,0.0,0.000606943,0.0,0.0,0.0,0.0,0.000485555,0.0,0.0,0.0,0.0,0.0,0.0,0.0,0.0,0.0,0.0,0.0,0.0,0.000242777,0.0,0.0,0.0,0.0,0.0,0.0,0.0,0.0,0.0,0.0,0.005098325,0.0,0.001092498,0.000242777,0.000121389,0.0,0.0,0.000606943,0.000242777,0.0,0.0,0.000121389,0.0,0.0,0.0,0.0,0.017115805,0.0,0.0,0.0,0.0,0.0,0.0,0.0,0.0,0.0,0.0,0.0,0.0,0.0,0.0,0.0,0.0,0.0,0.0,0.002427774,0.0,0.0,0.0,0.000242777,0.0,0.0,0.0,0.0,0.000242777,0.000728332,0.0,0.0,0.0,0.0,0.0,0.0,0.0,0.0,0.000242777,0.030225783,0.0,0.000485555,0.0,0.0,0.0,0.0,0.0,0.0,0.0,0.0,0.000242777,0.0,0.0,0.0,0.0,0.0,0.0,0.0,0.0,0.021849964,0.042971595,0.0,0.0,0.0,0.0,0.0,0.0,0.000971109,0.000121389,0.0,0.0,0.0,0.0,0.0,0.0,0.0,0.0,0.0,0.0,0.000971109,0.0,0.001456664,0.0,0.0,0.0,0.0,0.0,0.0,0.0,0.0,0.0,0.0,0.0,0.0,0.000364166,0.0,0.0,0.002670551,0.000242777,0.0,0.0,0.0,0.0,0.0,0.0,0.0,0.0,0.0,0.0,0.0,0.0,0.0,0.0,0.0,0.0,0.0,0.0,0.0,0.0,0.0,0.0,0.0,0.0,0.0,0.0,0.0,0.0,0.0,0.0,0.0,0.0,0.0,0.0,0.0,0.0,0.0,0.014323865,0.0,0.0,0.0,0.000364166,0.0,0.0,0.0,0.0,0.0,0.0,0.0,0.0,0.0,0.0,0.0,0.0,0.0,0.0,0.0,0.0,0.0,0.0,0.0,0.0,0.0,0.001213887,0.0,0.0,0.0,0.0,0.0,0.000606943,0.0,0.010560816,0.0,0.0,0.0,0.0,0.0,0.0,0.0,0.000121389,0.0,0.000121389,0.000121389,0.0,0.009589706,0.0,0.0,0.0,0.000242777,0.0,0.0,0.0,0.0,0.0,0.0,0.000485555,0.0,0.0,0.0,0.000121389,0.001942219,0.0,0.0,0.006797766,0.0,0.000606943,0.0,0.0,0.0,0.0,0.0,0.0,0.0,0.0,0.0,0.0,0.0,0.0,0.0,0.0,0.0,0.0,0.0,0.0,0.0,0.0,0.001213887,0.0,0.0,0.0,0.0,0.000121389,0.000121389,0.0,0.0,0.0,0.000121389,0.0,0.000606943,0.0,0.0,0.0,0.0,0.0,0.0,0.0,0.0,0.0,0.0,0.0,0.0,0.0,0.0,0.0,0.0,0.001335276,0.000849721,0.0,0.0,0.0,0.0,0.0,0.0,0.0,0.0,0.0,0.003156106,0.0,0.0,0.009346929,0.0,0.0,0.0,0.000242777,0.0,0.0,0.0,0.0,0.0,0.000121389,0.0,0.000364166,0.0,0.0,0.000242777,0.0,0.000971109,0.0,0.009589706,0.0,0.000728332,0.052925467,0.004248604,0.0,0.000242777,0.009468318,0.006312212,0.0,0.0,0.0,0.003034717,0.003277495,0.0,0.000242777,0.0,0.0,0.003034717,0.0,0.0,0.0,0.001335276,0.0,0.0,0.0,0.0,0.0,0.0,0.000364166,0.000121389,0.0,0.001092498,0.002306385,0.0,0.0,0.0,0.0,0.0,0.0,0.0,0.0,0.0,0.0,0.0,0.0,0.0,0.0,0.0,0.0,0.0,0.0,0.008011653,0.0,0.0,0.0,0.0,0.0,0.0,0.0,0.0,0.0,0.0,0.0,0.0,0.0,0.0,0.0,0.0,0.0,0.0,0.000606943,0.0,0.0,0.0,0.0,0.0,0.0,0.0,0.0,0.0,0.0,0.0,0.0,0.0,0.0,0.0,0.0,0.023185239,0.00740471,0.001578053,0.0,0.0,0.0,0.0,0.0,0.0,0.0,0.0,0.193857732,0.0,0.0,0.0,0.0,0.0,0.0,0.0,0.0,0.0,0.0,0.0,0.0,0.0,0.0,0.0,0.0,0.0,0.0,0.0,0.0,0.0,0.0,0.0,0.0,0.0,0.0,0.0,0.0,0.0,0.0,0.0,0.0,0.0,0.0,0.000242777,0.000242777,0.0,0.001213887,0.0,0.005705268,0.0,0.000121389,0.0,0.0,0.0,0.0,0.0,0.0,0.000121389,0.0,0.0,0.000364166,0.0,0.0,0.000606943,0.000121389,0.010924982,0.000364166,0.0,0.000121389,0.0,0.0,0.0,0.0,0.0,0.0,0.0,0.000121389,0.000971109,0.0,0.0,0.0,0.0,0.0,0.0,0.001578053,0.0,0.000971109,0.0,0.0,0.0,0.0,0.0,0.0,0.001578053,0.0,0.0,0.0,0.0,0.0,0.0,0.0,0.0,0.0,0.0,0.000971109,0.0,0.0,0.0,0.000121389,0.0,0.0,0.000849721,0.0,0.168001942,0.0,0.0,0.0,0.0,0.0,0.0,0.0,0.0,0.0,0.0,0.0,0.0,0.0,0.0,0.0,0.0,0.0,0.0,0.0,0.0,0.0,0.0,0.0,0.047584365,0.0,0.010075261,0.0,0.0,0.0,0.0,0.0,0.001942219,0.0,0.0,0.0
52,0.0,0.0,0.0,0.0,0.0,0.0,0.0,0.0,0.0,0.0,0.002549162,0.0,0.0,0.0,0.0,0.0,0.028769119,0.0,0.0,0.000485555,0.0,0.0,0.0,0.0,0.0,0.0,0.000242777,0.0,0.0,0.0,0.0,0.0,0.0,0.000121389,0.0,0.003156106,0.0,0.0,0.0,0.0,0.0,0.0,0.0,0.0,0.0,0.0,0.004855547,0.0,0.0,0.0,0.0,0.0,0.0,0.0,0.0,0.0,0.0,0.0,0.0,0.0,0.0,0.0,0.0,0.0,0.0,0.0,0.0,0.0,0.0,0.0,0.0,0.0,0.0,0.0,0.0,0.000728332,0.0,0.0,0.0,0.0,0.0,0.002306385,0.0,0.0,0.0,0.0,0.0,0.0,0.0,0.0,0.0,0.0,0.0,0.0,0.0,0.0,0.0,0.007890265,0.0,0.0,0.0,0.0,0.0,0.0,0.0,0.0,0.0,0.0,0.0,0.0,0.0,0.0,0.0,0.0,0.0,0.0,0.0,0.0,0.0,0.0,0.0,0.0,0.030832726,0.0,0.0,0.0,0.0,0.0,0.0,0.0,0.0,0.0,0.0,0.0,0.0,0.041272153,0.0,0.0,0.006676378,0.0,0.0,0.0,0.0,0.0,0.000242777,0.0,0.0,0.027676621,0.001578053,0.0,0.233673222,0.0,0.0,0.0,0.0,0.0,0.003884438,0.0,0.000364166,0.0,0.0,0.0,0.002063608,0.0,0.000242777,0.000121389,0.0,0.0,0.0,0.0,0.0,0.0,0.0,0.0,0.0,0.000121389,0.0,0.0,0.0,0.0,0.0,0.0,0.0,0.0,0.0,0.0,0.0,0.0,0.0,0.0,0.0,0.0,0.0,0.0,0.0,0.0,0.0,0.0,0.0,0.0,0.0,0.0,0.0,0.0,0.0,0.0,0.0,0.0,0.0,0.0,0.0,0.0,0.0,0.0,0.0,0.0,0.0,0.0,0.0,0.0,0.0,0.0,0.0,0.0,0.0,0.0,0.0,0.0,0.0,0.0,0.0,0.0,0.0,0.0,0.0,0.0,0.0,0.0,0.0,0.0,0.0,0.0,0.0,0.0,0.0,0.0,0.0,0.0,0.0,0.0,0.0,0.0,0.0,0.0,0.0,0.0,0.0,0.0,0.0,0.0,0.0,0.0,0.0,0.000242777,0.0,0.0,0.0,0.0,0.0,0.0,0.0,0.0,0.0,0.0,0.0,0.0,0.0,0.0,0.143845594,0.0,0.0,0.0,0.0,0.0,0.0,0.0,0.0,0.000728332,0.0,0.0,0.0,0.0,0.0,0.0,0.0,0.0,0.0,0.0,0.0,0.0,0.0,0.0,0.0,0.0,0.0,0.0,0.0,0.0,0.0,0.0,0.0,0.0,0.0,0.001092498,0.0,0.0,0.076232095,0.0,0.0,0.0,0.0,0.0,0.0,0.0,0.0,0.0,0.0,0.0,0.0,0.000728332,0.0,0.0,0.0,0.0,0.0,0.0,0.0,0.0,0.0,0.000849721,0.0,0.0,0.001335276,0.0,0.0,0.0,0.0,0.0,0.0,0.0,0.0,0.0,0.0,0.0,0.0,0.00182083,0.0,0.0,0.0,0.0,0.0,0.0,0.0,0.0,0.0,0.0,0.0,0.0,0.0,0.0,0.0,0.0,0.0,0.0,0.0,0.0,0.0,0.0,0.0,0.0,0.0,0.002306385,0.000242777,0.0,0.0,0.0,0.0,0.0,0.0,0.013474144,0.0,0.0,0.0,0.0,0.0,0.0,0.0,0.0,0.0,0.0,0.0,0.0,0.000971109,0.0,0.0,0.0,0.0,0.0,0.0,0.0,0.0,0.0,0.0,0.0,0.0,0.0,0.0,0.0,0.0,0.0,0.0,0.013474144,0.0,0.0,0.0,0.0,0.0,0.0,0.0,0.0,0.0,0.0,0.000121389,0.0,0.0,0.0,0.0,0.0,0.0,0.0,0.0,0.0,0.0,0.0,0.000606943,0.0,0.0,0.0,0.0,0.0,0.0,0.0,0.0,0.0,0.0,0.0,0.0,0.0,0.0,0.0,0.0,0.0,0.0,0.0,0.0,0.0,0.0,0.0,0.25880068,0.0,0.001942219,0.0,0.0,0.0,0.00279194,0.0,0.0,0.0,0.0,0.0,0.0,0.0,0.0,0.0,0.0,0.0,0.0,0.0,0.0,0.0,0.0,0.0,0.0,0.0,0.0,0.0,0.0,0.0,0.0,0.0,0.0,0.0,0.0,0.0,0.0,0.0,0.0,0.0,0.0,0.0,0.0,0.0,0.0,0.0,0.0,0.0,0.0,0.0,0.0,0.0,0.0,0.0,0.0,0.0,0.0,0.0,0.0,0.0,0.0,0.0,0.0,0.0,0.0,0.0,0.0,0.0,0.0,0.0,0.0,0.0,0.0,0.0,0.0,0.0,0.0,0.0,0.0,0.0,0.0,0.0,0.0,0.0,0.0,0.0,0.0,0.0,0.0,0.0,0.000242777,0.0,0.0,0.0,0.0,0.0,0.0,0.0,0.000364166,0.0,0.0,0.0,0.0,0.0,0.0,0.0,0.0,0.0,0.0,0.0,0.0,0.0,0.0,0.0,0.0,0.0,0.0,0.0,0.0,0.0,0.0,0.0,0.0,0.0,0.0,0.0,0.0,0.0,0.0,0.0,0.0,0.0,0.0,0.0,0.0,0.0,0.055838796,0.0,0.0,0.0,0.0,0.0,0.0,0.0,0.0,0.0,0.0,0.0,0.0,0.0,0.0,0.0,0.0,0.0,0.0,0.0,0.0,0.0,0.0,0.0,0.0,0.0,0.0,0.0,0.0,0.0,0.0,0.0,0.0,0.0,0.0,0.0,0.0,0.0,0.0,0.007283321,0.0,0.0,0.0,0.0,0.0,0.0,0.00279194,0.0,0.0,0.0,0.0,0.0,0.0,0.000242777,0.0,0.0,0.0,0.0,0.0,0.0,0.0,0.0,0.0,0.0,0.0,0.0,0.0,0.0,0.0,0.001092498,0.0,0.0,0.0,0.0,0.0,0.0,0.0,0.0,0.0,0.0,0.0,0.0,0.0,0.0,0.0,0.0,0.0,0.0,0.0,0.0,0.0,0.0,0.0,0.0,0.000242777,0.0,0.0,0.0,0.0,0.0,0.0,0.000364166,0.0,0.0,0.000849721,0.0,0.0,0.0,0.0,0.0,0.0,0.0,0.0,0.0,0.0,0.0,0.002063608,0.0,0.0,0.0,0.0,0.0,0.0,0.0,0.0,0.0,0.0,0.0,0.0,0.000121389,0.006312212,0.0,0.000728332,0.0,0.0,0.0,0.0,0.0,0.0,0.0,0.0,0.0
53,0.0,0.000849721,0.0,0.0,0.0,0.0,0.0,0.0,0.0,0.0,0.0,0.0,0.0,0.0,0.0,0.0,0.0,0.0,0.0,0.0,0.0,0.0,0.0,0.0,0.0,0.0,0.0,0.0,0.0,0.0,0.0,0.0,0.0,0.0,0.0,0.009589706,0.000971109,0.0,0.0,0.0,0.0,0.0,0.0,0.0,0.0,0.0,0.0,0.0,0.0,0.0,0.0,0.0,0.0,0.0,0.0,0.0,0.0,0.0,0.0,0.0,0.0,0.0,0.0,0.0,0.0,0.0,0.0,0.000485555,0.000121389,0.0,0.0,0.0,0.0,0.0,0.0,0.0,0.0,0.0,0.0,0.0,0.000606943,0.0,0.0,0.0,0.0,0.0,0.0,0.0,0.0,0.0,0.0,0.0,0.0,0.0,0.0,0.0,0.0,0.0,0.0,0.0,0.0,0.0,0.0,0.0,0.0,0.0,0.0,0.0,0.0,0.0,0.0,0.0,0.0,0.0,0.0,0.0,0.0,0.0,0.0,0.0,0.0,0.0,0.0,0.0,0.0,0.0,0.0,0.0,0.0,0.0,0.0,0.0,0.0,0.0,0.0,0.0,0.0,0.0,0.078902646,0.0,0.0,0.0,0.0,0.005219714,0.091041515,0.0,0.0,0.076839039,0.0,0.022335518,0.164724448,0.0,0.0,0.0,0.0,0.0,0.0,0.0,0.0,0.0,0.0,0.0,0.008861374,0.0,0.001456664,0.0,0.0,0.0,0.0,0.0,0.0,0.0,0.0,0.0,0.0,0.00182083,0.0,0.0,0.0,0.0,0.0,0.0,0.0,0.0,0.0,0.0,0.0,0.0,0.0,0.0,0.0,0.0,0.0,0.0,0.0,0.0,0.0,0.0,0.0,0.0,0.0,0.0,0.0,0.0,0.0,0.0,0.0,0.0,0.0,0.0,0.0,0.0,0.0,0.0,0.0,0.0,0.0,0.0,0.0,0.0,0.0,0.0,0.0,0.0,0.0,0.0,0.0,0.0,0.0,0.0,0.0,0.0,0.0,0.000849721,0.0,0.0,0.0,0.0,0.0,0.0,0.0,0.0,0.0,0.0,0.0,0.0,0.0,0.0,0.0,0.0,0.0,0.0,0.0,0.0,0.0,0.0,0.0,0.0,0.0,0.0,0.0,0.0,0.0,0.0,0.0,0.0,0.0,0.0,0.0,0.0,0.0,0.0,0.0,0.0,0.0,0.0,0.0,0.0,0.0,0.0,0.0,0.0,0.0,0.0,0.0,0.0,0.0,0.0,0.0,0.000242777,0.0,0.0,0.0,0.0,0.0,0.0,0.0,0.0,0.0,0.0,0.0,0.0,0.0,0.0,0.0,0.0,0.0,0.0,0.0,0.0,0.0,0.0,0.0,0.303350328,0.0,0.0,0.006797766,0.0,0.0,0.0,0.0,0.0,0.0,0.0,0.0,0.0,0.0,0.0,0.0,0.000242777,0.0,0.0,0.0,0.0,0.0,0.0,0.0,0.0,0.0,0.0,0.0,0.0,0.0,0.0,0.0,0.014688031,0.0,0.0,0.0,0.0,0.0,0.0,0.0,0.0,0.0,0.0,0.0,0.0,0.0,0.0,0.0,0.0,0.0,0.0,0.0,0.0,0.0,0.0,0.0,0.0,0.0,0.0,0.0,0.0,0.0,0.0,0.0,0.0,0.0,0.001092498,0.0,0.04345715,0.0,0.0,0.0,0.0,0.0,0.0,0.0,0.0,0.0,0.0,0.0,0.0,0.0,0.0,0.0,0.0,0.0,0.0,0.0,0.0,0.0,0.0,0.0,0.0,0.0,0.0,0.0,0.0,0.0,0.0,0.0,0.0,0.0,0.0,0.0,0.0,0.0,0.0,0.0,0.002306385,0.0,0.0,0.0,0.0,0.0,0.0,0.0,0.0,0.0,0.0,0.0,0.0,0.0,0.0,0.0,0.0,0.0,0.0,0.0,0.0,0.0,0.0,0.0,0.0,0.0,0.0,0.0,0.0,0.000121389,0.0,0.0,0.0,0.0,0.0,0.0,0.0,0.0,0.0,0.0,0.0,0.0,0.0,0.0,0.0,0.0,0.0,0.0,0.0,0.0,0.0,0.0,0.0,0.0,0.0,0.0,0.0,0.0,0.0,0.0,0.0,0.0,0.0,0.0,0.0,0.0,0.0,0.0,0.0,0.0,0.0,0.0,0.0,0.0,0.0,0.0,0.000121389,0.0,0.0,0.0,0.0,0.0,0.0,0.0,0.0,0.0,0.0,0.0,0.0,0.0,0.0,0.0,0.0,0.0,0.0,0.0,0.0,0.0,0.0,0.0,0.0,0.0,0.0,0.0,0.0,0.0,0.0,0.0,0.0,0.0,0.0,0.0,0.0,0.0,0.0,0.0,0.0,0.0,0.0,0.0,0.0,0.0,0.0,0.0,0.0,0.0,0.0,0.0,0.0,0.0,0.0,0.0,0.0,0.0,0.000606943,0.0,0.0,0.024763292,0.0,0.0,0.0,0.0,0.0,0.0,0.0,0.0,0.0,0.0,0.0,0.0,0.0,0.0,0.0,0.0,0.0,0.0,0.0,0.0,0.0,0.0,0.0,0.0,0.0,0.0,0.0,0.128672008,0.0,0.0,0.0,0.0,0.0,0.0,0.0,0.0,0.0,0.0,0.0,0.0,0.0,0.0,0.0,0.0,0.0,0.0,0.0,0.0,0.0,0.0,0.0,0.0,0.0,0.0,0.0,0.0,0.0,0.0,0.0,0.0,0.0,0.0,0.0,0.0,0.0,0.0,0.0,0.0,0.0,0.0,0.0,0.0,0.0,0.0,0.0,0.0,0.0,0.0,0.0,0.0,0.0,0.0,0.0,0.0,0.0,0.0,0.0,0.0,0.0,0.0,0.0,0.0,0.0,0.0,0.0,0.0,0.0,0.0,0.000121389,0.0,0.000242777,0.0,0.0,0.0,0.0,0.0,0.0,0.0,0.0,0.0,0.0,0.0,0.0,0.0,0.0,0.0,0.0,0.0,0.0,0.0,0.0,0.0,0.0,0.0,0.0,0.0,0.0,0.0,0.000121389,0.0,0.0,0.0,0.0,0.0,0.0,0.0,0.0,0.0,0.0,0.0,0.0,0.0,0.0,0.0,0.0,0.0,0.000121389,0.0,0.0,0.006069434,0.0,0.0,0.0,0.0,0.0,0.0,0.0,0.0,0.0,0.0,0.0,0.0,0.0,0.0,0.0,0.0,0.0,0.0,0.0,0.0,0.0,0.0,0.0,0.002184996,0.0,0.0,0.0,0.0,0.0,0.0,0.0,0.0,0.0,0.0,0.0,0.0,0.0
54,0.0,0.000242777,0.0,0.0,0.0,0.0,0.0,0.0,0.0,0.0,0.0,0.0,0.021607186,0.0,0.0,0.0,0.005948046,0.0,0.0,0.003641661,0.0,0.0,0.00558388,0.0,0.0,0.0,0.001699442,0.0,0.0,0.0,0.0,0.0,0.0,0.003641661,0.000606943,0.001335276,0.007040544,0.0,0.0,0.0,0.0,0.0,0.0,0.0,0.0,0.0,0.0,0.0,0.0,0.0,0.0,0.0,0.0,0.000364166,0.0,0.0,0.0,0.0,0.0,0.012503035,0.004976936,0.0,0.0,0.0,0.0,0.0,0.0,0.0,0.0,0.0,0.0,0.0,0.0,0.0,0.0,0.0,0.0,0.0,0.0,0.0,0.0,0.0,0.0,0.0,0.0,0.0,0.0,0.000242777,0.0,0.0,0.0,0.0,0.0,0.0,0.0,0.0,0.0,0.02306385,0.0,0.0,0.0,0.0,0.0,0.0,0.0,0.0,0.0,0.000364166,0.0,0.0,0.0,0.0,0.0,0.0,0.0,0.0,0.0,0.0,0.0,0.0,0.0,0.0,0.000364166,0.0,0.0,0.0,0.0,0.0,0.0,0.0,0.0,0.00558388,0.0,0.0,0.0,0.0,0.000364166,0.0,0.003156106,0.0,0.0,0.0,0.0,0.0,0.00740471,0.0,0.0,0.0,0.0,0.001092498,0.002184996,0.0,0.000242777,0.0,0.0,0.0,0.005826657,0.0,0.0,0.0,0.0,0.0,0.000971109,0.0,0.142753095,0.0,0.002549162,0.0,0.0,0.0,0.0,0.0,0.0,0.0,0.0,0.003156106,0.0,0.000242777,0.0,0.0,0.0,0.0,0.0,0.0,0.0,0.0,0.0,0.0,0.0,0.0,0.0,0.0,0.0,0.0,0.0,0.0,0.0,0.0,0.0,0.0,0.0,0.0,0.0,0.0,0.0,0.0,0.0,0.0,0.0,0.000242777,0.0,0.0,0.0,0.0,0.0,0.0,0.0,0.0,0.0,0.0,0.0,0.000485555,0.002184996,0.0,0.0,0.0,0.0,0.0,0.0,0.0,0.0,0.0,0.0,0.0,0.0,0.0,0.0,0.0,0.0,0.0,0.0,0.0,0.0,0.0,0.0,0.0,0.0,0.0,0.011289148,0.0,0.0,0.0,0.0,0.0,0.0,0.0,0.0,0.0,0.018086914,0.0,0.0,0.0,0.0,0.0,0.0,0.0,0.0,0.0,0.0,0.0,0.0,0.000849721,0.0,0.0,0.0,0.0,0.0,0.0,0.0,0.0,0.0,0.0,0.0,0.0,0.0,0.0,0.015780529,0.0,0.0,0.00182083,0.0,0.0,0.0,0.0,0.0,0.000364166,0.0,0.0,0.000606943,0.0,0.001092498,0.0,0.003641661,0.0,0.0,0.0,0.0,0.0,0.0,0.0,0.000121389,0.0,0.017844137,0.02221413,0.0,0.0,0.05450352,0.0,0.0,0.0,0.0,0.0,0.0,0.000849721,0.0,0.0,0.000121389,0.0,0.0,0.0,0.0,0.0,0.0,0.0,0.0,0.0,0.0,0.0,0.0,0.006554989,0.0,0.0,0.0,0.0,0.0,0.0,0.0,0.0,0.0,0.0,0.000606943,0.0,0.0,0.001335276,0.000728332,0.0,0.0,0.0,0.0,0.0,0.0,0.001092498,0.0,0.0,0.0,0.0,0.0,0.0,0.001092498,0.0,0.0,0.0,0.0,0.0,0.0,0.0,0.0,0.0,0.0,0.015901918,0.0,0.000606943,0.0,0.0,0.0,0.0,0.0,0.000728332,0.0,0.015659141,0.0,0.0,0.0,0.0,0.0,0.0,0.0,0.0,0.0,0.0,0.0,0.0,0.093469289,0.0,0.0,0.0,0.0,0.0,0.0,0.0,0.0,0.007890265,0.0,0.0,0.0,0.0,0.0,0.0,0.0,0.0,0.0,0.003277495,0.0,0.0,0.0,0.0,0.0,0.0,0.000242777,0.0,0.0,0.0,0.0,0.0,0.0,0.0,0.0,0.0,0.0,0.000606943,0.0,0.0,0.0,0.0,0.0,0.0,0.0,0.0,0.0,0.0,0.0,0.0,0.0,0.0,0.0,0.0,0.0,0.0,0.0,0.0,0.0,0.001335276,0.0,0.0,0.0,0.0,0.0,0.0,0.0,0.0,0.0,0.0,0.0,0.0,0.0,0.001578053,0.0,0.0,0.0,0.01104637,0.0,0.0,0.0,0.0,0.0,0.0,0.0,0.0,0.000121389,0.0,0.0,0.000606943,0.0,0.0,0.0,0.0,0.001213887,0.000606943,0.0,0.0,0.0,0.0,0.0,0.0,0.0,0.0,0.0,0.0,0.0,0.0,0.0,0.0,0.0,0.006312212,0.0,0.0,0.0,0.0,0.0,0.0,0.0,0.0,0.0,0.0,0.0,0.0,0.0,0.0,0.0,0.0,0.000242777,0.0,0.0,0.0,0.0,0.0,0.0,0.0,0.0,0.0,0.0,0.0,0.0,0.0,0.0,0.0,0.0,0.0,0.0,0.0,0.0,0.0,0.0,0.0,0.0,0.0,0.0,0.0,0.0,0.0,0.0,0.0,0.002549162,0.0,0.0,0.0,0.0,0.0,0.0,0.0,0.0,0.0,0.0,0.0,0.0,0.0,0.0,0.0,0.0,0.0,0.0,0.0,0.0,0.0,0.0,0.0,0.022942462,0.0,0.0,0.0,0.0,0.0,0.0,0.0,0.0,0.0,0.0,0.0,0.0,0.0,0.0,0.0,0.0,0.0,0.0,0.080844865,0.0,0.0,0.0,0.0,0.0,0.0,0.0,0.0,0.0,0.0,0.0,0.004127215,0.0,0.0,0.0,0.0,0.0,0.0,0.0,0.0,0.0,0.0,0.0,0.0,0.0,0.0,0.0,0.0,0.0,0.0,0.0,0.0,0.0,0.0,0.021000243,0.0,0.0,0.0,0.0,0.0,0.0,0.0,0.0,0.0,0.0,0.0,0.0,0.0,0.0,0.0,0.0,0.00558388,0.0,0.0,0.0,0.0,0.0,0.0,0.0,0.0,0.0,0.0,0.000849721,0.0,0.0,0.002427774,0.0,0.0,0.0,0.0,0.0,0.0,0.000485555,0.0,0.0,0.0,0.0,0.0,0.0,0.0,0.0,0.0,0.0,0.0,0.0,0.0,0.0,0.0,0.0,0.0,0.0,0.0,0.0,0.0,0.0,0.005098325,0.0,0.0,0.0,0.038237436,0.0,0.0,0.21437242,0.0,0.0,0.0,0.0,0.0,0.0,0.0,0.0,0.0,0.0,0.0,0.000485555,0.000121389,0.0,0.0,0.0,0.0,0.0,0.0,0.0,0.0,0.0,0.0,0.0,0.0,0.0,0.0,0.0,0.0,0.0,0.0,0.0,0.0,0.007161933,0.0,0.0,0.0
55,0.0,0.000121389,0.0,0.0,0.0,0.0,0.0,0.0,0.0,0.0,0.02585579,0.0,0.0,0.0,0.0,0.0,0.0,0.0,0.0,0.003034717,0.0,0.0,0.0,0.0,0.0,0.0,0.0,0.0,0.0,0.0,0.0,0.0,0.0,0.0,0.0,0.001213887,0.009468318,0.0,0.0,0.0,0.0,0.0,0.0,0.0,0.0,0.0,0.0,0.0,0.0,0.0,0.0,0.0,0.0,0.0,0.0,0.0,0.0,0.0,0.0,0.0,0.0,0.0,0.0,0.0,0.0,0.0,0.0,0.002063608,0.0,0.0,0.0,0.010439427,0.0,0.0,0.0,0.000849721,0.0,0.0,0.0,0.0,0.0,0.0,0.0,0.0,0.0,0.0,0.0,0.0,0.0,0.0,0.0,0.0,0.0,0.0,0.0,0.0,0.0,0.000364166,0.0,0.0,0.0,0.000485555,0.0,0.0,0.0,0.0,0.0,0.000485555,0.0,0.0,0.0,0.0,0.0,0.0,0.0,0.0,0.0,0.0,0.0,0.0,0.0,0.0,0.079024035,0.0,0.0,0.0,0.0,0.0,0.0,0.010803593,0.000485555,0.0,0.000121389,0.0,0.0,0.0,0.0,0.0,0.014445254,0.0,0.0,0.0,0.0,0.00461277,0.0,0.0,0.0,0.0,0.008861374,0.002670551,0.0,0.0,0.000485555,0.0,0.0,0.0,0.003034717,0.0,0.0,0.0,0.0,0.000485555,0.011653314,0.0,0.001456664,0.0,0.0,0.0,0.0,0.0,0.0,0.0,0.0,0.0,0.0,0.000606943,0.0,0.0,0.0,0.0,0.0,0.000364166,0.000728332,0.0,0.0,0.0,0.0,0.0,0.0,0.0,0.0,0.0,0.0,0.0,0.0,0.0,0.0,0.0,0.0,0.0,0.0,0.000121389,0.0,0.0,0.0,0.0,0.0,0.0,0.0,0.0,0.0,0.0,0.0,0.0,0.0,0.0,0.0,0.0,0.0,0.0,0.0,0.0,0.0,0.0,0.0,0.0,0.0,0.0,0.0,0.0,0.0,0.0,0.0,0.0,0.0,0.0,0.0,0.0,0.0,0.0,0.0,0.0,0.001699442,0.0,0.0,0.0,0.0,0.0,0.0,0.0,0.0,0.0,0.0,0.0,0.0,0.0,0.0,0.0,0.0,0.0,0.0,0.0,0.0,0.0,0.0,0.0,0.0,0.0,0.0,0.0,0.0,0.0,0.0,0.0,0.0,0.0,0.0,0.0,0.0,0.0,0.0,0.0,0.0,0.0,0.0,0.0,0.0,0.000242777,0.000242777,0.0,0.0,0.0,0.0,0.0,0.0,0.0,0.0,0.0,0.0,0.0,0.0,0.0,0.0,0.0,0.0,0.0,0.0,0.0,0.0,0.0,0.0,0.0,0.0,0.666666667,0.0,0.0,0.0,0.0,0.0,0.0,0.0,0.0,0.0,0.0,0.0,0.0,0.0,0.0,0.0,0.023792183,0.0064336,0.0,0.0,0.0,0.0,0.0,0.0,0.0,0.0,0.0,0.0,0.0,0.0,0.0,0.0,0.0,0.0,0.0,0.0,0.0,0.0,0.0,0.0,0.0,0.0,0.0,0.0,0.0,0.0,0.000242777,0.0,0.0,0.0,0.0,0.0,0.0,0.000242777,0.0,0.0,0.0,0.0,0.0,0.0,0.0,0.0,0.0,0.0,0.0,0.0,0.006554989,0.0,0.014688031,0.000364166,0.0,0.0,0.000364166,0.0,0.003156106,0.0,0.0,0.0,0.0,0.0,0.0,0.0,0.0,0.0,0.0,0.0,0.0,0.0,0.0,0.0,0.0,0.0,0.000121389,0.0,0.0,0.0,0.0,0.0,0.0,0.0,0.0,0.0,0.0,0.0,0.0,0.0,0.0,0.0,0.003763049,0.006069434,0.0,0.0,0.0,0.0,0.005705268,0.0,0.0,0.0,0.0,0.0,0.0,0.0,0.0,0.0,0.0,0.0,0.0,0.0,0.0,0.0,0.0,0.000485555,0.0,0.0,0.0,0.0,0.0,0.0,0.0,0.0,0.0,0.0,0.0,0.0,0.0,0.0,0.0,0.0,0.0,0.0,0.0,0.0,0.0,0.0,0.0,0.0,0.0,0.0,0.0,0.0,0.0,0.0,0.0,0.0,0.0,0.0,0.0,0.0,0.0,0.0,0.0,0.0,0.0,0.0,0.0,0.0,0.0,0.0,0.000242777,0.0,0.0,0.0,0.0,0.0,0.02403496,0.0,0.0,0.0,0.0,0.0,0.0,0.0,0.0,0.0,0.0,0.0,0.0,0.0,0.0,0.0,0.0,0.0,0.0,0.0,0.0,0.0,0.0,0.0,0.0,0.0,0.0,0.0,0.0,0.0,0.0,0.0,0.0,0.000606943,0.0,0.0,0.0,0.0,0.0,0.0,0.0,0.0,0.0,0.0,0.0,0.0,0.0,0.0,0.0,0.0,0.0,0.0,0.0,0.0,0.0,0.0,0.0,0.0,0.0,0.0,0.0,0.016266084,0.0,0.0,0.0,0.000849721,0.0,0.001335276,0.0,0.001942219,0.0,0.0,0.0,0.0,0.0,0.0,0.0,0.0,0.0,0.0,0.0,0.0,0.0,0.0,0.0,0.0,0.008254431,0.001699442,0.0,0.000485555,0.0,0.0,0.0,0.0,0.0,0.0,0.0,0.0,0.0,0.0,0.0,0.0,0.0,0.0,0.0,0.0,0.0,0.0,0.0,0.0,0.0,0.0,0.0,0.0,0.0,0.0,0.0,0.0,0.0,0.0,0.0,0.0,0.0,0.0,0.0,0.0,0.0,0.0,0.0,0.0,0.0,0.0,0.0,0.0,0.0,0.0,0.0,0.0,0.0,0.0,0.0,0.0,0.0,0.0,0.0,0.0,0.000849721,0.0,0.0,0.0,0.0,0.0,0.0,0.0,0.0,0.0,0.0,0.0,0.0,0.0,0.000606943,0.0,0.007040544,0.0,0.0,0.0,0.0,0.0,0.0,0.0,0.0,0.0,0.0,0.0,0.0,0.0,0.0,0.0,0.0,0.0,0.0,0.0,0.0,0.0,0.0,0.0,0.0,0.0,0.0,0.0,0.0,0.0,0.0,0.0,0.0,0.0,0.0,0.000121389,0.0,0.0,0.0,0.0,0.0,0.0,0.0,0.0,0.0,0.0,0.0,0.0,0.0,0.000121389,0.0,0.0,0.0,0.0,0.0,0.0,0.0,0.0,0.0,0.0,0.0,0.0,0.0,0.0,0.0,0.0,0.0,0.0,0.0,0.0,0.000364166,0.0,0.0,0.0,0.0,0.0,0.0,0.0,0.0,0.0,0.0,0.0,0.0,0.0,0.0,0.0,0.0
56,0.0,0.0,0.0,0.0,0.0,0.0,0.000121389,0.0,0.0,0.0,0.005948046,0.0,0.002427774,0.0,0.0,0.000606943,0.00182083,0.0,0.0,0.0,0.0,0.0,0.009346929,0.000242777,0.009711095,0.0,0.0,0.0,0.0,0.0,0.0,0.000849721,0.0,0.000242777,0.0,0.0,0.000121389,0.0,0.0,0.0,0.0,0.0,0.0,0.0,0.0,0.0,0.0,0.0,0.0,0.0,0.0,0.0,0.0,0.0,0.0,0.0,0.0,0.0,0.0,0.003277495,0.0,0.0,0.0,0.0,0.0,0.0,0.0,0.002063608,0.001942219,0.0,0.000242777,0.0,0.0,0.0,0.0,0.0,0.003156106,0.0,0.001092498,0.0,0.004248604,0.000728332,0.000606943,0.012138869,0.000485555,0.0,0.0,0.0,0.0,0.0,0.0,0.0,0.0,0.0,0.0,0.0,0.0,0.0,0.0,0.0,0.0,0.0,0.0,0.0,0.000121389,0.0,0.0,0.000121389,0.0,0.0,0.0,0.0,0.000242777,0.000485555,0.0,0.0,0.0,0.0,0.0,0.0,0.0,0.0,0.009589706,0.0,0.0,0.000728332,0.0,0.0,0.0,0.001699442,0.0,0.0,0.0,0.0,0.0,0.0,0.000121389,0.0,0.0,0.0,0.0,0.0,0.000121389,0.000849721,0.001578053,0.0,0.0,0.0,0.000242777,0.003034717,0.002670551,0.0,0.0,0.000364166,0.0,0.0,0.001335276,0.0,0.0,0.0,0.000121389,0.0,0.0,0.0,0.000849721,0.0,0.000364166,0.0,0.0,0.0,0.0,0.0,0.0,0.0,0.0,0.0,0.0,0.000364166,0.0,0.000971109,0.0,0.0,0.0,0.0,0.0,0.0,0.0,0.0,0.0,0.0,0.0,0.0,0.0,0.0,0.0,0.0,0.0,0.0,0.0,0.0,0.0,0.0,0.004005827,0.0,0.0,0.001335276,0.0,0.0,0.0,0.0,0.0,0.000971109,0.0,0.0,0.000364166,0.0,0.0,0.005462491,0.0,0.004976936,0.0,0.0,0.0,0.0,0.0,0.0,0.0,0.0,0.0,0.0,0.0,0.0,0.0,0.0,0.0,0.0,0.0,0.000121389,0.0,0.0,0.0,0.0,0.0,0.0,0.0,0.0,0.0,0.0,0.000849721,0.0,0.0,0.0,0.0,0.0,0.0,0.0,0.0,0.0,0.003398883,0.0,0.002306385,0.0,0.0,0.0,0.0,0.0,0.0,0.0,0.0,0.0,0.0,0.0,0.0,0.0,0.0,0.001699442,0.0,0.0,0.094076232,0.0,0.0,0.0,0.0,0.113012867,0.0,0.0,0.000485555,0.000364166,0.0,0.0,0.0,0.0,0.0,0.0,0.0,0.0,0.0,0.0,0.017722748,0.0,0.029740228,0.0,0.0,0.0,0.0,0.0,0.0,0.0,0.0,0.0,0.0,0.0,0.000242777,0.001213887,0.0,0.0,0.010803593,0.0,0.0,0.0,0.0,0.0,0.0,0.0,0.0,0.0,0.0,0.0,0.0,0.000121389,0.0,0.0,0.0,0.0,0.0,0.0,0.0,0.0,0.0,0.000242777,0.0,0.0,0.0,0.0,0.0,0.0,0.0,0.0,0.0,0.0,0.0,0.0,0.0,0.0,0.000485555,0.003277495,0.0,0.0,0.0,0.0,0.005462491,0.000121389,0.0,0.0,0.0,0.0,0.0,0.0,0.0,0.0,0.0,0.0,0.0,0.0,0.0,0.0,0.0,0.0,0.0,0.016387473,0.0,0.001456664,0.0,0.0,0.0,0.000485555,0.0,0.0,0.0,0.003398883,0.0,0.0,0.0,0.0,0.0,0.0,0.0,0.000485555,0.0,0.0,0.000121389,0.0,0.053168245,0.0,0.000728332,0.0,0.005705268,0.0,0.0,0.001092498,0.0,0.0,0.0,0.000849721,0.000121389,0.0,0.0,0.0,0.002913328,0.0,0.0,0.003884438,0.0,0.000121389,0.0,0.0,0.0,0.0,0.0,0.000121389,0.0,0.0,0.0,0.0,0.0,0.0,0.0,0.0,0.0,0.0,0.0,0.0,0.0,0.0,0.002549162,0.0,0.0,0.0,0.001335276,0.0,0.000364166,0.0,0.0,0.0,0.0,0.0,0.0,0.0,0.0,0.0,0.0,0.0,0.000364166,0.0,0.0,0.0,0.000121389,0.0,0.0,0.0,0.0,0.0,0.0,0.000849721,0.0,0.0,0.0,0.0,0.0,0.002063608,0.0,0.0,0.0,0.001699442,0.0,0.001942219,0.0,0.0,0.0,0.0,0.0,0.000728332,0.0,0.0,0.0,0.0,0.0,0.000364166,0.0,0.000728332,0.0,0.0,0.0,0.0,0.0,0.0,0.006312212,0.0,0.0,0.03423161,0.0,0.0,0.0,0.043335761,0.002549162,0.000242777,0.0,0.0,0.001213887,0.001213887,0.0,0.0,0.0,0.0,0.003398883,0.0,0.0,0.0,0.0,0.001092498,0.0,0.0,0.0,0.0,0.0,0.000728332,0.0,0.0,0.003277495,0.000242777,0.0,0.0,0.0,0.0,0.0,0.000242777,0.0,0.0,0.000121389,0.0,0.0,0.0,0.0,0.0,0.0,0.0,0.0,0.0,0.010924982,0.0,0.0,0.0,0.000485555,0.0,0.0,0.0,0.0,0.0,0.0,0.0,0.0,0.0,0.0,0.0,0.0,0.0,0.0,0.000364166,0.0,0.0,0.0,0.0,0.0,0.093833455,0.022699684,0.0,0.0,0.0,0.0,0.0,0.0,0.0,0.0,0.0,0.005948046,0.0,0.0,0.0,0.0,0.0,0.0,0.033624666,0.0,0.0,0.0,0.124666181,0.0,0.0,0.01942219,0.000121389,0.0,0.0,0.0,0.0,0.0,0.0,0.0,0.001456664,0.0,0.0,0.0,0.0,0.0,0.0,0.0,0.0,0.0,0.0,0.0,0.0,0.0,0.0,0.0,0.0,0.0,0.0,0.0,0.0,0.0,0.0,0.000606943,0.0,0.0,0.004734159,0.000242777,0.002427774,0.0,0.000364166,0.0,0.0,0.000606943,0.0,0.0,0.0,0.000121389,0.000121389,0.0,0.0,0.0,0.000364166,0.000242777,0.0,0.021364409,0.001213887,0.0,0.000364166,0.0,0.0,0.0,0.0,0.0,0.000728332,0.0,0.0,0.0,0.0,0.0,0.0,0.0,0.0,0.0,0.0,0.0,0.0,0.0,0.0,0.0,0.0,0.0,0.0,0.0,0.0,0.0,0.0,0.0,0.0,0.0,0.0,0.0,0.0,0.0,0.009468318,0.0,0.0,0.0,0.011410537,0.0,0.0,0.017965526,0.000121389,0.0,0.0,0.0,0.0,0.0,0.0,0.0,0.0,0.0,0.0,0.0,0.0,0.0,0.0,0.0,0.0,0.0,0.0,0.0,0.0,0.0,0.0,0.0,0.0,0.01663025,0.0,0.003763049,0.0,0.0,0.0,0.0,0.0,0.000971109,0.0,0.0,0.0
57,0.0,0.001335276,0.0,0.0,0.0,0.0,0.0,0.0,0.0,0.0,0.0,0.0,0.0,0.0,0.0,0.0,0.0,0.0,0.0,0.0,0.0,0.0,0.0,0.0,0.0,0.0,0.0,0.0,0.0,0.0,0.0,0.0,0.0,0.0,0.0,0.0,0.003641661,0.0,0.0,0.0,0.0,0.0,0.0,0.000242777,0.000606943,0.004005827,0.025370235,0.0,0.0,0.0,0.0,0.0,0.0,0.0,0.0,0.0,0.0,0.0,0.0,0.0,0.0,0.0,0.0,0.0,0.0,0.0,0.0,0.0,0.000728332,0.011653314,0.0,0.0,0.0,0.0,0.0,0.01201748,0.004734159,0.0,0.0,0.0,0.001942219,0.000849721,0.0,0.0,0.0,0.0,0.0,0.0,0.0,0.0,0.0,0.0,0.0,0.0,0.0,0.0,0.0,0.0,0.0,0.0,0.0,0.0,0.0,0.0,0.0,0.0,0.0,0.0,0.0,0.0,0.0,0.0,0.0,0.0,0.0,0.0,0.0,0.0,0.0,0.0,0.0,0.0,0.267904831,0.0,0.0,0.000242777,0.0,0.0,0.0,0.0,0.0,0.0,0.001213887,0.0,0.005462491,0.0,0.0,0.0,0.005341102,0.002306385,0.0,0.005705268,0.0,0.01942219,0.007526099,0.0,0.0,0.034110221,0.008375819,0.025613013,0.054382132,0.0,0.010803593,0.0,0.0,0.0,0.0,0.0,0.0,0.0,0.0,0.001092498,0.004369993,0.0,0.000242777,0.0,0.0,0.0,0.0,0.0,0.0,0.0,0.0,0.0,0.0,0.003034717,0.0,0.0,0.0,0.013595533,0.0,0.0,0.0,0.0,0.0,0.0,0.0,0.0,0.0,0.0,0.0,0.0,0.0,0.0,0.0,0.0,0.0,0.0,0.000728332,0.0,0.0,0.0,0.0,0.0,0.0,0.0,0.0,0.0,0.0,0.0,0.0,0.0,0.0,0.0,0.0,0.0,0.0,0.0,0.0,0.0,0.0,0.0,0.0,0.0,0.0,0.0,0.0,0.0,0.0,0.0,0.0,0.0,0.0,0.0,0.0,0.0,0.0,0.0,0.0,0.0,0.0,0.0,0.0,0.0,0.0,0.0,0.0,0.0,0.0,0.0,0.006554989,0.0,0.0,0.0,0.0,0.0,0.002184996,0.000728332,0.000606943,0.0,0.0,0.0,0.0,0.0,0.0,0.0,0.0,0.0,0.0,0.0,0.0,0.0,0.000364166,0.0,0.0,0.0,0.0,0.0,0.026584122,0.0,0.017358582,0.0,0.0,0.0,0.0,0.0,0.0,0.0,0.0,0.0,0.0,0.0,0.0,0.0,0.0,0.017722748,0.0,0.0,0.0,0.0,0.0,0.0,0.000485555,0.0,0.0,0.0,0.0,0.0,0.0,0.0,0.0,0.0,0.0,0.135469774,0.0,0.0,0.001456664,0.0,0.0,0.0,0.0,0.0,0.0,0.0,0.0,0.0,0.0,0.0,0.0,0.021971352,0.0,0.0,0.0,0.0,0.0,0.0,0.0,0.0,0.0,0.0,0.0,0.0,0.0,0.0,0.0,0.0,0.0,0.0,0.0,0.0,0.0,0.0,0.0,0.0,0.0,0.0,0.0,0.0,0.0,0.0,0.0,0.0,0.0,0.0,0.0,0.0,0.0,0.0,0.0,0.0,0.0,0.0,0.0,0.0,0.0,0.0,0.0,0.0,0.0,0.013959699,0.0,0.010682204,0.0,0.0,0.0,0.000606943,0.0,0.0,0.0,0.0,0.0,0.0,0.0,0.0,0.0,0.0,0.0,0.0,0.0,0.0,0.0,0.0,0.0,0.0,0.0,0.0,0.0,0.0,0.0,0.0,0.0,0.0,0.0,0.0,0.0,0.0,0.0,0.0,0.001578053,0.0,0.0,0.0,0.0,0.0,0.0,0.0,0.0,0.0,0.0,0.0,0.0,0.0,0.0,0.0,0.0,0.0,0.0,0.0,0.0,0.0,0.0,0.0,0.0,0.0,0.0,0.0,0.0,0.0,0.0,0.0,0.0,0.0,0.0,0.0,0.0,0.0,0.0,0.0,0.0,0.0,0.0,0.0,0.0,0.0,0.0,0.0,0.0,0.0,0.00922554,0.101359553,0.0,0.0,0.0,0.0,0.0,0.0,0.0,0.0,0.0,0.0,0.0,0.0,0.0,0.0,0.0,0.0,0.0,0.0,0.0,0.0,0.0,0.01019665,0.0,0.0,0.0,0.0,0.0,0.0,0.0,0.0,0.0,0.0,0.0,0.0,0.0,0.0,0.0,0.0,0.0,0.000728332,0.0,0.0,0.0,0.0,0.0,0.0,0.0,0.0,0.0,0.0,0.0,0.0,0.0,0.0,0.0,0.0,0.0,0.0,0.0,0.0,0.0,0.0,0.0,0.0,0.0,0.0,0.0,0.0,0.0,0.0,0.0,0.0,0.0,0.0,0.0,0.0,0.0,0.0,0.0,0.0,0.0,0.0,0.0,0.0,0.0,0.0,0.0,0.0,0.040422433,0.0,0.0,0.0,0.0,0.0,0.0,0.0,0.01480942,0.0,0.0,0.0,0.0,0.0,0.0,0.0,0.0,0.0,0.0,0.0,0.0,0.0,0.0,0.0,0.0,0.0,0.0,0.0,0.002184996,0.0,0.0,0.0,0.0,0.0,0.0,0.0,0.0,0.0,0.0,0.0,0.0,0.0,0.0,0.0,0.0,0.0,0.0,0.000971109,0.0,0.0,0.0,0.0,0.0,0.0,0.0,0.0,0.0,0.0,0.0,0.0,0.0,0.0,0.0,0.0,0.0,0.0,0.0,0.0,0.0,0.0,0.0,0.000849721,0.0,0.0,0.0,0.0,0.0,0.0,0.0,0.0,0.0,0.0,0.0,0.0,0.0,0.000971109,0.0,0.0,0.0,0.0,0.0,0.0,0.0,0.0,0.0,0.0,0.0,0.000485555,0.0,0.000242777,0.0,0.012745812,0.0,0.0,0.0,0.0,0.0,0.0,0.0,0.0,0.0,0.0,0.0,0.0,0.0,0.0,0.0,0.0,0.0,0.0,0.0,0.0,0.0,0.0,0.0,0.0,0.0,0.0,0.0,0.0,0.0,0.0,0.0,0.0,0.0,0.0,0.0,0.0,0.0,0.0,0.0,0.0,0.0,0.0,0.0,0.0,0.0,0.0,0.0,0.0,0.001335276,0.0,0.0,0.0,0.0,0.0,0.0,0.0,0.0,0.0,0.0,0.0,0.0,0.0,0.002184996,0.004369993,0.0,0.0,0.0,0.0,0.0,0.0,0.0,0.0,0.0,0.0,0.0,0.0,0.0,0.0,0.0,0.0,0.0,0.0,0.0,0.0,0.0,0.0
58,0.0,0.0,0.0,0.0,0.0,0.0,0.0,0.0,0.0,0.0,0.0,0.0,0.002427774,0.0,0.0,0.0,0.004734159,0.0,0.0,0.001335276,0.0,0.0,0.0,0.000121389,0.0,0.0,0.004369993,0.000485555,0.0,0.0,0.0,0.0,0.0,0.000728332,0.0,0.0,0.012745812,0.0,0.0,0.0,0.0,0.0,0.0,0.0,0.0,0.0,0.0,0.0,0.0,0.0,0.0,0.0,0.0,0.0,0.0,0.0,0.0,0.0,0.0,0.01019665,0.000971109,0.0,0.0,0.0,0.0,0.0,0.0,0.007040544,0.000364166,0.0,0.0,0.050983248,0.0,0.0,0.0,0.0,0.0,0.004369993,0.0,0.0,0.001578053,0.0,0.0,0.0,0.0,0.0,0.0,0.0,0.0,0.0,0.0,0.0,0.0,0.0,0.0,0.0,0.0,0.002549162,0.0,0.0,0.0,0.0,0.0,0.0,0.000121389,0.0,0.0,0.0,0.0,0.0,0.0,0.0,0.0,0.0,0.0,0.0,0.0,0.0,0.0,0.0,0.0,0.0,0.04806992,0.0,0.0,0.0,0.0,0.0,0.0,0.0,0.0,0.030589949,0.009711095,0.0,0.000242777,0.0,0.000485555,0.0,0.0,0.0,0.0,0.0,0.0,0.002063608,0.089584851,0.0,0.0,0.00279194,0.000606943,0.001578053,0.03423161,0.000971109,0.000971109,0.0,0.002063608,0.0,0.003763049,0.0,0.0,0.0,0.0,0.000485555,0.000242777,0.0,0.007161933,0.0,0.00279194,0.000121389,0.0,0.0,0.0,0.0,0.0,0.0,0.0,0.0,0.0,0.000485555,0.0,0.0,0.0,0.002306385,0.000849721,0.0,0.0,0.0,0.0,0.0,0.0,0.0,0.0,0.0,0.0,0.0,0.0,0.0,0.0,0.0,0.005826657,0.0,0.0,0.0,0.001092498,0.0,0.0,0.0,0.0,0.000121389,0.0,0.000121389,0.0,0.000728332,0.0,0.0,0.0,0.0,0.0,0.0,0.0,0.0,0.0,0.0,0.0,0.0,0.0,0.000364166,0.0,0.0,0.0,0.0,0.0,0.0,0.0,0.0,0.0,0.0,0.0,0.0,0.000606943,0.0,0.000242777,0.0,0.0,0.0,0.0,0.0,0.0,0.0,0.000485555,0.0,0.0,0.0,0.0,0.0,0.0,0.000242777,0.0,0.0,0.00182083,0.000485555,0.007890265,0.000485555,0.0,0.0,0.0,0.0,0.0,0.0,0.0,0.000242777,0.0,0.0,0.0,0.0,0.0,0.0,0.0,0.0,0.0,0.0,0.0,0.0,0.0,0.0,0.0,0.0,0.005219714,0.006797766,0.0,0.0,0.0,0.0,0.0,0.0,0.0,0.0,0.0,0.0,0.000121389,0.0,0.000485555,0.0,0.0,0.0,0.0,0.0,0.000242777,0.0,0.0,0.0,0.0,0.0,0.0,0.0,0.0,0.0,0.035445496,0.002670551,0.0,0.0,0.0,0.0,0.0,0.0,0.0,0.0,0.0,0.0,0.0,0.0,0.0,0.0,0.0,0.0,0.0,0.0,0.0,0.0,0.002063608,0.003763049,0.0,0.0,0.0,0.0,0.000121389,0.0,0.0,0.0,0.0,0.0,0.0,0.0,0.0,0.0,0.0,0.002670551,0.0,0.0,0.0,0.005826657,0.002306385,0.0,0.0,0.0,0.0,0.0,0.0,0.0,0.000606943,0.0,0.0,0.0,0.0,0.0,0.0,0.0,0.0,0.0,0.0,0.0,0.0,0.001335276,0.0,0.0,0.0,0.0,0.0,0.0,0.0,0.000728332,0.0,0.0,0.0,0.001578053,0.0,0.0,0.0,0.000364166,0.0,0.0,0.000242777,0.0,0.006554989,0.0,0.0,0.0,0.000364166,0.0,0.0,0.001456664,0.0,0.0,0.0,0.0,0.0,0.0,0.0,0.0,0.000121389,0.0,0.0,0.00182083,0.0,0.000121389,0.0,0.0,0.000485555,0.0,0.0,0.0,0.0,0.0,0.0,0.0,0.0,0.0,0.0,0.0,0.0,0.0,0.0,0.0,0.0,0.0,0.000849721,0.0,0.0,0.0,0.0,0.0,0.0,0.0,0.0,0.0,0.0,0.0,0.0,0.0,0.0,0.0,0.0,0.0,0.004005827,0.0,0.0,0.009104151,0.0,0.0,0.0,0.0,0.0,0.0,0.0,0.0,0.0,0.0,0.0,0.0,0.0,0.0,0.0,0.0,0.0,0.0,0.0,0.0,0.0,0.0,0.0,0.0,0.0,0.001335276,0.0,0.0,0.0,0.0,0.0,0.000364166,0.0,0.000121389,0.0,0.0,0.0,0.0,0.001578053,0.0,0.0,0.0,0.000121389,0.010682204,0.0,0.0,0.0,0.004734159,0.001578053,0.000728332,0.0,0.0,0.001335276,0.000364166,0.0,0.0,0.0,0.0,0.0,0.0,0.0,0.0,0.000606943,0.0,0.0,0.0,0.0,0.0,0.0,0.000485555,0.0,0.0,0.000485555,0.0,0.0,0.0,0.0,0.0,0.0,0.0,0.0,0.0,0.0,0.0,0.0,0.0,0.0,0.0,0.0,0.0,0.0,0.0,0.002549162,0.0,0.0,0.0,0.0,0.0,0.000485555,0.0,0.0,0.0,0.0,0.0,0.0,0.0,0.0,0.0,0.0,0.0,0.0,0.0,0.000121389,0.0,0.0,0.0,0.0,0.018208303,0.0,0.0,0.000485555,0.0,0.0,0.0,0.0,0.0,0.0,0.0,0.0,0.0,0.0,0.0,0.0,0.0,0.0,0.0,0.0,0.0,0.0,0.435178441,0.0,0.001456664,0.004491381,0.0,0.0,0.0,0.0,0.0,0.0,0.0,0.0,0.0,0.0,0.0,0.0,0.0,0.0,0.004369993,0.004976936,0.0,0.0,0.0,0.0,0.0,0.0,0.0,0.0,0.0,0.0,0.0,0.0,0.0,0.003277495,0.0,0.0,0.0,0.0,0.007040544,0.0,0.002184996,0.0,0.0,0.0,0.0,0.008011653,0.0,0.0,0.0,0.000242777,0.0,0.0,0.0,0.0,0.000121389,0.0,0.000364166,0.002306385,0.0,0.0,0.0,0.0,0.0,0.0,0.0,0.0,0.0,0.0,0.0,0.002670551,0.0,0.0,0.0,0.0,0.0,0.0,0.0,0.0,0.0,0.0,0.0,0.0,0.0,0.0,0.0,0.0,0.0,0.0,0.0,0.0,0.0,0.0,0.0,0.0,0.0,0.0,0.0,0.0,0.0,0.0,0.0,0.0,0.0,0.002306385,0.0,0.0,0.0,0.0,0.0,0.0,0.0,0.0,0.0,0.003884438,0.0,0.005219714,0.0,0.0,0.0,0.0,0.0,0.0,0.0,0.0,0.0,0.0,0.0,0.0,0.0,0.0,0.0,0.0,0.0,0.0,0.0,0.0,0.0,0.0,0.0,0.0,0.0
59,0.0,0.000364166,0.0,0.0,0.0,0.0,0.0,0.0,0.0,0.0,0.0,0.0,0.0,0.0,0.0,0.0,0.0,0.0,0.0,0.000121389,0.0,0.0,0.0,0.0,0.0,0.0,0.0,0.0,0.0,0.0,0.0,0.0,0.0,0.0,0.0,0.004976936,0.0,0.0,0.0,0.0,0.0,0.000606943,0.0,0.0,0.0,0.0,0.0,0.0,0.0,0.0,0.0,0.0,0.0,0.000242777,0.0,0.0,0.0,0.0,0.0,0.0,0.0,0.0,0.0,0.0,0.0,0.0,0.0,0.0,0.0,0.0,0.0,0.0,0.0,0.0,0.0,0.0,0.0,0.0,0.0,0.0,0.0,0.0,0.0,0.0,0.0,0.0,0.0,0.0,0.0,0.0,0.0,0.0,0.0,0.0,0.0,0.0,0.0,0.0,0.0,0.0,0.0,0.0,0.0,0.0,0.0,0.0,0.0,0.0,0.0,0.0,0.0,0.0,0.0,0.0,0.0,0.0,0.0,0.0,0.0,0.0,0.0,0.0,0.0,0.0,0.0,0.0,0.0,0.0,0.0,0.0,0.0,0.0,0.0,0.0,0.0,0.0,0.0,0.0,0.0,0.0,0.0,0.0,0.0,0.0,0.000121389,0.0,0.0,0.0,0.0,0.0,0.000364166,0.0,0.000121389,0.0,0.0,0.0,0.016387473,0.0,0.000242777,0.00279194,0.0,0.037751882,0.000242777,0.0,0.000606943,0.0,0.0,0.0,0.0,0.0,0.0,0.0,0.0,0.0,0.0,0.0,0.0,0.0,0.0,0.0,0.0,0.0,0.0,0.0,0.0,0.0,0.0,0.0,0.000121389,0.0,0.0,0.0,0.0,0.0,0.0,0.0,0.0,0.0,0.0,0.0,0.0,0.0,0.0,0.0,0.0,0.0,0.0,0.0,0.0,0.0,0.0,0.0,0.0,0.0,0.0,0.0,0.0,0.0,0.0,0.0,0.0,0.0,0.0,0.0,0.0,0.0,0.0,0.0,0.0,0.0,0.0,0.0,0.0,0.0,0.0,0.0,0.0,0.000485555,0.002427774,0.0,0.001335276,0.0,0.0,0.0,0.0,0.0,0.0,0.0,0.001092498,0.0,0.0,0.0,0.0,0.000849721,0.0,0.0,0.0,0.0,0.0,0.0,0.0,0.0,0.0,0.0,0.0,0.0,0.0,0.0,0.0,0.0,0.0,0.0,0.0,0.0,0.0,0.0,0.0,0.0,0.0,0.0,0.0,0.0,0.0,0.0,0.0,0.0,0.0,0.0,0.0,0.0,0.0,0.0,0.0,0.0,0.0,0.0,0.0,0.000242777,0.000485555,0.0,0.001335276,0.0,0.0,0.0,0.0,0.0,0.0,0.000971109,0.0,0.0,0.0,0.0,0.0,0.032168002,0.0,0.0,0.0,0.0,0.0,0.0,0.0,0.0,0.0,0.0,0.0,0.0,0.0,0.0,0.0,0.0,0.0,0.0,0.0,0.0,0.0,0.0,0.0,0.0,0.0,0.0,0.0,0.0,0.0,0.0,0.0,0.0,0.0,0.0,0.0,0.0,0.0,0.0,0.0,0.0,0.0,0.024641903,0.0,0.0,0.0,0.0,0.0,0.0,0.0,0.0,0.0,0.0,0.0,0.0,0.007768876,0.0,0.0,0.0,0.0,0.0,0.0,0.0,0.0,0.0,0.0,0.597232338,0.0,0.002306385,0.0,0.0,0.0,0.0,0.0,0.0,0.0,0.000242777,0.0,0.0,0.0,0.0,0.0,0.0,0.0,0.0,0.0,0.0,0.0,0.0,0.0,0.0,0.0,0.0,0.0,0.0,0.0,0.0,0.0,0.0,0.0,0.0,0.0,0.0,0.0,0.0,0.0,0.0,0.0,0.000242777,0.0,0.0,0.0,0.0,0.0,0.0,0.0,0.0,0.0,0.0,0.0,0.0,0.0,0.0,0.0,0.0,0.0,0.0,0.0,0.0,0.0,0.0,0.0,0.0,0.0,0.0,0.0,0.0,0.0,0.0,0.0,0.0,0.0,0.0,0.0,0.0,0.0,0.0,0.0,0.0,0.0,0.0,0.0,0.000121389,0.0,0.0,0.0,0.0,0.0,0.0,0.0,0.0,0.0,0.0,0.0,0.0,0.0,0.0,0.0,0.0,0.0,0.0,0.0,0.0,0.0,0.0,0.0,0.0,0.0,0.0,0.0,0.0,0.0,0.0,0.0,0.0,0.0,0.0,0.0,0.0,0.0,0.0,0.0,0.0,0.0,0.0,0.0,0.0,0.0,0.0,0.0,0.0,0.0,0.0,0.0,0.0,0.0,0.0,0.0,0.0,0.0,0.0,0.0,0.0,0.0,0.0,0.0,0.0,0.0,0.0,0.0,0.0,0.0,0.0,0.0,0.0,0.0,0.0,0.0,0.0,0.0,0.0,0.0,0.0,0.0,0.0,0.0,0.0,0.0,0.0,0.0,0.0,0.0,0.0,0.0,0.0,0.0,0.0,0.0,0.0,0.0,0.0,0.0,0.0,0.000121389,0.0,0.0,0.0,0.0,0.001213887,0.064578781,0.0,0.0,0.0,0.0,0.0,0.0,0.0,0.0,0.0,0.0,0.0,0.0,0.0,0.0,0.0,0.0,0.0,0.0,0.0,0.0,0.0,0.0,0.0,0.0,0.0,0.0,0.0,0.0,0.0,0.0,0.0,0.0,0.0,0.0,0.0,0.000485555,0.0,0.0,0.0,0.0,0.0,0.0,0.0,0.0,0.0,0.0,0.0,0.0,0.0,0.0,0.0,0.0,0.0,0.0,0.0,0.0,0.0,0.000242777,0.0,0.0,0.0,0.0,0.0,0.0,0.0,0.0,0.0,0.134377276,0.0,0.0,0.0,0.0,0.0,0.0,0.0,0.0,0.0,0.0,0.0,0.0,0.0,0.0,0.0,0.0,0.008739985,0.0,0.0,0.0,0.0,0.0,0.0,0.0,0.0,0.0,0.0,0.0,0.0,0.0,0.0,0.0,0.0,0.0,0.0,0.0,0.0,0.0,0.0,0.0,0.0,0.0,0.0,0.0,0.0,0.0,0.0,0.0,0.0,0.0,0.0,0.0,0.0,0.0,0.0,0.0,0.0,0.0,0.0,0.0,0.006312212,0.0,0.0,0.0,0.0,0.0,0.0,0.0,0.0,0.0,0.0,0.0,0.0,0.0,0.0,0.0,0.0,0.0,0.0,0.0,0.0,0.0,0.0,0.0,0.002670551,0.009104151,0.0,0.0,0.0,0.0,0.0,0.0,0.0,0.033139111,0.0,0.0,0.0,0.0,0.0,0.0,0.0,0.0,0.0,0.0,0.0
60,0.0,0.0,0.0,0.0,0.0,0.0,0.0,0.0,0.0,0.0,0.006919155,0.0,0.0,0.0,0.0,0.0,0.003034717,0.0,0.0,0.000121389,0.0,0.000121389,0.0,0.0,0.0,0.0,0.001092498,0.0,0.0,0.0,0.0,0.003520272,0.0,0.0,0.0,0.0,0.001213887,0.0,0.0,0.0,0.0,0.0,0.0,0.0,0.001335276,0.0,0.0,0.0,0.0,0.0,0.0,0.0,0.000606943,0.0,0.0,0.0,0.0,0.0,0.0,0.135591163,0.000121389,0.0,0.0,0.0,0.000606943,0.0,0.0,0.0,0.0,0.0,0.0,0.017965526,0.0,0.0,0.0,0.0,0.0,0.0,0.0,0.0,0.0,0.000242777,0.0,0.0,0.0,0.0,0.0,0.0,0.0,0.0,0.0,0.0,0.0,0.0,0.0,0.0,0.0,0.006069434,0.0,0.0,0.0,0.000121389,0.0,0.0,0.000121389,0.0,0.000121389,0.0,0.0,0.0,0.0,0.0,0.0,0.0,0.0,0.0,0.0,0.0,0.0,0.000121389,0.0,0.0,0.023428017,0.0,0.0,0.0,0.0,0.0,0.0,0.007526099,0.0,0.056931294,0.0,0.0,0.0,0.0,0.0,0.0,0.001213887,0.0,0.0,0.0,0.0,0.014445254,0.081573197,0.0,0.0,0.0,0.005098325,0.004369993,0.099417334,0.0,0.0,0.0,0.0,0.0,0.000728332,0.0,0.0,0.0,0.0,0.0,0.0,0.0,0.001699442,0.0,0.000242777,0.000606943,0.0,0.0,0.0,0.0,0.0,0.0,0.0,0.003398883,0.0,0.0,0.0,0.0,0.0,0.0,0.0,0.0,0.0,0.0,0.0,0.000242777,0.0,0.0,0.0,0.0,0.0,0.0,0.0,0.0,0.0,0.0,0.000242777,0.0,0.0,0.0,0.0,0.0,0.0,0.0,0.0,0.000121389,0.0,0.000121389,0.0,0.000364166,0.0,0.0,0.0,0.0,0.0,0.000242777,0.0,0.002670551,0.0,0.0,0.0,0.0,0.0,0.0,0.0,0.0,0.0,0.0,0.0,0.0,0.0,0.0,0.0,0.0,0.000364166,0.000485555,0.002549162,0.0,0.001213887,0.0,0.000849721,0.0,0.0,0.0,0.0,0.0,0.000242777,0.0,0.0,0.0,0.0,0.0,0.0,0.0,0.0,0.0,0.000121389,0.000121389,0.0,0.0,0.0,0.0,0.0,0.0,0.0,0.0,0.0,0.0,0.0,0.0,0.000242777,0.000121389,0.0,0.0,0.0,0.0,0.003398883,0.0,0.0,0.0,0.0,0.009104151,0.0,0.0,0.000728332,0.002063608,0.0,0.0,0.000121389,0.0,0.0,0.0,0.0,0.0,0.0,0.0,0.000121389,0.0,0.001699442,0.0,0.0,0.0,0.0,0.0,0.0,0.0,0.0,0.0,0.0,0.0,0.000849721,0.000121389,0.0,0.0,0.187424132,0.006919155,0.000485555,0.0,0.0,0.0,0.0,0.0,0.0,0.0,0.0,0.0,0.0,0.0,0.0,0.0,0.0,0.0,0.0,0.0,0.0,0.0,0.0,0.000971109,0.0,0.0,0.0,0.0,0.000242777,0.0,0.0,0.0,0.0,0.0,0.0,0.0,0.0,0.0,0.0,0.012745812,0.000849721,0.0,0.000364166,0.0,0.0,0.0,0.0,0.0,0.0,0.0,0.0,0.0,0.001092498,0.0,0.0,0.0,0.0,0.0,0.0,0.0,0.0,0.0,0.0,0.000606943,0.0,0.002549162,0.0,0.0,0.0,0.000606943,0.0,0.000606943,0.0,0.024520515,0.0,0.0,0.0,0.000606943,0.0,0.000121389,0.0,0.0,0.0,0.000242777,0.000849721,0.0,0.016144695,0.0,0.0,0.0,0.0,0.0,0.0,0.0,0.0,0.000121389,0.0,0.001456664,0.0,0.0,0.000121389,0.000849721,0.000728332,0.0,0.0,0.027798009,0.0,0.0,0.0,0.000364166,0.0,0.000606943,0.0,0.0,0.0,0.0,0.0,0.0,0.0,0.0,0.0,0.0,0.0,0.0,0.0,0.0,0.0,0.0,0.0,0.001213887,0.0,0.0,0.0,0.0,0.0,0.0,0.0,0.000364166,0.0,0.0,0.000849721,0.0,0.0,0.0,0.0,0.0,0.0,0.0,0.0,0.0,0.0,0.0,0.000849721,0.003034717,0.000242777,0.0,0.0,0.0,0.0,0.0,0.0,0.0,0.0,0.001213887,0.0,0.0,0.0,0.000485555,0.0,0.0,0.0,0.0,0.0,0.0,0.0,0.0,0.0,0.0,0.0,0.0,0.0,0.001092498,0.0,0.0,0.000242777,0.0,0.0,0.0,0.0,0.0,0.00182083,0.0,0.0,0.002063608,0.0,0.0,0.0,0.010803593,0.0,0.0,0.0,0.0,0.00279194,0.0,0.001699442,0.0,0.0,0.0,0.003034717,0.0,0.0,0.0,0.0,0.000364166,0.0,0.0,0.0,0.0,0.0,0.0,0.0,0.0,0.0,0.0,0.0,0.0,0.0,0.0,0.0,0.0,0.0,0.0,0.0,0.0,0.0,0.0,0.0,0.0,0.0,0.0,0.0,0.0,0.0,0.0,0.0,0.0,0.0,0.0,0.0,0.0,0.0,0.0,0.0,0.0,0.0,0.0,0.0,0.0,0.0,0.0,0.0,0.000121389,0.0,0.0,0.0,0.0,0.0,0.0,0.0,0.0,0.000971109,0.0,0.0,0.0,0.0,0.0,0.0,0.0,0.0,0.0,0.0,0.0,0.0,0.0,0.010318038,0.0,0.0,0.00279194,0.004248604,0.0,0.0,0.0,0.0,0.0,0.0,0.0,0.0,0.0,0.0,0.0,0.0,0.0,0.0,0.0,0.0,0.0,0.0,0.0,0.0,0.0,0.0,0.0,0.0,0.0,0.000485555,0.000242777,0.0,0.0,0.003156106,0.0,0.0,0.0,0.000242777,0.0,0.000121389,0.000121389,0.0,0.025127458,0.0,0.0,0.0,0.0,0.0,0.0,0.003156106,0.0,0.0,0.0,0.0,0.0,0.000121389,0.000849721,0.0,0.0,0.0,0.0,0.0,0.000849721,0.0,0.001213887,0.0,0.0,0.0,0.0,0.0,0.0,0.0,0.000121389,0.0,0.0,0.0,0.0,0.0,0.0,0.0,0.0,0.0,0.0,0.0,0.0,0.0,0.0,0.0,0.0,0.0,0.0,0.0,0.0,0.0,0.0,0.0,0.0,0.0,0.0,0.0,0.00279194,0.0,0.0,0.0,0.006919155,0.0,0.0,0.012988589,0.0,0.0,0.0,0.0,0.0,0.000849721,0.0,0.0,0.0,0.002063608,0.000121389,0.0,0.0,0.0,0.0,0.0,0.0,0.000485555,0.0,0.0,0.0,0.0,0.0,0.0,0.0,0.046613256,0.000485555,0.042000486,0.0,0.0,0.0,0.0,0.0,0.0,0.0,0.0,0.0
61,0.0,0.0,0.0,0.0,0.0,0.0,0.0,0.0,0.0,0.0,0.000242777,0.000971109,0.0,0.0,0.0,0.0,0.039208546,0.0,0.0,0.0,0.0,0.0,0.002913328,0.000485555,0.0,0.001578053,0.000606943,0.003641661,0.0,0.0,0.0,0.000364166,0.0,0.0,0.0,0.0,0.001335276,0.0,0.0,0.0,0.0,0.0,0.0,0.0,0.0,0.0,0.0,0.0,0.0,0.0,0.0,0.0,0.0,0.0,0.0,0.0,0.0,0.0,0.0,0.021485798,0.0,0.003884438,0.0,0.0,0.0,0.0,0.0,0.004855547,0.000121389,0.0,0.0,0.003884438,0.0,0.0,0.0,0.000849721,0.0,0.000242777,0.0,0.000121389,0.004005827,0.0,0.0,0.0,0.0,0.0,0.0,0.0,0.0,0.0,0.0,0.0,0.000121389,0.0,0.0,0.0,0.0,0.000606943,0.0,0.0,0.0,0.0,0.0,0.0,0.0,0.0,0.000121389,0.0,0.0,0.0,0.0,0.0,0.0,0.000121389,0.000364166,0.000242777,0.0,0.0,0.0,0.0,0.0,0.0,0.019179412,0.0,0.0,0.000121389,0.000849721,0.0,0.0,0.001213887,0.000242777,0.0,0.0,0.0,0.0,0.0,0.000121389,0.0,0.0,0.0,0.0,0.035688274,0.000242777,0.002306385,0.000121389,0.0,0.0,0.0,0.002306385,0.016387473,0.049647973,0.0,0.003641661,0.0,0.0,0.0,0.000364166,0.0,0.0,0.0,0.0,0.0,0.000971109,0.0,0.000606943,0.0,0.000606943,0.000121389,0.0,0.0,0.0,0.0,0.0,0.0,0.0,0.0,0.0,0.004734159,0.0,0.003520272,0.0,0.0,0.0,0.0,0.0,0.0,0.0,0.0,0.0,0.0,0.0,0.0,0.0,0.0,0.0,0.0,0.0,0.0,0.0,0.0,0.0,0.0,0.003520272,0.0,0.0,0.000606943,0.0,0.0,0.0,0.000121389,0.000242777,0.000485555,0.0,0.0,0.000121389,0.0,0.0,0.0,0.0,0.005705268,0.000364166,0.0,0.0,0.0,0.0,0.0,0.0,0.000121389,0.0,0.000242777,0.000121389,0.0,0.0,0.0,0.0,0.0,0.0,0.0,0.0,0.0,0.0,0.0,0.000364166,0.0,0.0,0.0,0.0,0.0,0.000121389,0.0,0.000121389,0.0,0.0,0.0,0.0,0.0,0.0,0.0,0.007161933,0.000364166,0.0,0.003156106,0.0,0.0,0.0,0.0,0.0,0.0,0.0,0.0,0.0,0.0,0.0,0.0,0.0,0.0,0.0,0.0,0.0,0.0,0.0,0.0,0.0,0.0,0.0,0.0,0.000606943,0.000242777,0.0,0.0,0.000242777,0.0,0.0,0.0,0.0,0.0,0.0,0.0,0.0,0.0,0.0,0.0,0.0,0.0,0.0,0.0,0.0,0.0,0.0,0.0,0.0,0.0,0.002306385,0.000606943,0.0,0.0,0.04345715,0.000971109,0.0,0.0,0.0,0.0,0.0,0.0,0.0,0.0,0.0,0.0,0.0,0.0,0.0,0.0,0.0,0.0,0.0,0.0,0.0,0.0,0.0,0.000485555,0.0,0.0,0.0,0.0,0.0,0.0,0.0,0.0,0.0,0.022335518,0.0,0.0,0.0,0.0,0.0,0.008618597,0.0,0.0,0.0,0.0,0.0,0.0,0.0,0.0,0.000242777,0.0,0.0,0.0,0.0,0.0,0.0,0.0,0.0,0.0,0.0,0.0,0.0,0.0,0.0,0.0,0.0,0.001578053,0.0,0.0,0.0,0.000242777,0.0,0.001092498,0.0,0.005219714,0.0,0.0,0.0,0.000485555,0.0,0.000242777,0.0,0.002670551,0.0,0.0,0.0,0.0,0.017722748,0.001699442,0.0,0.0,0.000242777,0.002063608,0.0,0.000606943,0.0,0.000121389,0.007768876,0.001092498,0.000121389,0.0,0.0,0.000606943,0.001699442,0.0,0.0,0.022821073,0.0,0.000121389,0.0,0.0,0.0,0.0,0.0,0.0,0.0,0.0,0.0,0.0,0.0,0.0,0.0,0.0,0.0,0.0,0.0,0.0,0.0,0.0,0.0,0.0,0.0,0.0,0.0,0.0,0.0,0.0,0.0,0.0,0.0,0.0,0.0,0.0,0.0,0.0,0.0,0.0,0.0,0.0,0.0,0.0,0.0,0.0,0.0,0.0,0.0,0.0,0.0,0.0,0.0,0.0,0.000242777,0.0,0.0,0.0,0.0,0.0,0.0,0.000364166,0.0,0.0,0.0,0.0,0.0,0.0,0.0,0.004248604,0.0,0.0,0.0,0.0,0.0,0.000242777,0.0,0.000121389,0.0,0.0,0.0,0.0,0.0,0.0,0.002184996,0.0,0.0,0.006554989,0.0,0.0,0.0,0.012138869,0.003884438,0.001213887,0.0,0.0,0.006190823,0.005462491,0.0,0.0,0.0,0.0,0.003520272,0.0,0.0,0.0,0.000121389,0.000242777,0.0,0.0,0.0,0.0,0.0,0.000606943,0.0,0.0,0.000242777,0.0,0.0,0.0,0.000121389,0.0,0.0,0.0,0.0,0.0,0.0,0.0,0.0,0.000121389,0.0,0.0,0.0,0.0,0.0,0.0,0.002549162,0.0,0.0,0.0,0.0,0.0,0.000121389,0.000485555,0.009832484,0.0,0.0,0.0,0.000242777,0.0,0.0,0.0,0.0,0.0,0.0,0.0,0.000485555,0.0,0.0,0.0,0.0,0.007768876,0.004976936,0.0,0.0,0.000121389,0.0,0.0,0.0,0.0,0.0,0.0,0.0,0.0,0.0,0.0,0.0,0.0,0.0,0.0,0.0,0.0,0.0,0.352876912,0.0,0.0,0.0,0.0,0.0,0.0,0.0,0.0,0.0,0.0,0.0,0.0,0.0,0.0,0.0,0.0,0.0,0.0,0.0,0.0,0.0,0.0,0.0,0.0,0.0,0.0,0.0,0.000121389,0.0,0.0,0.0,0.0,0.0,0.0,0.000121389,0.002184996,0.0,0.018329692,0.0,0.009104151,0.0,0.0,0.0,0.0,0.094440398,0.0,0.0,0.0,0.0,0.0,0.0,0.0,0.0,0.000121389,0.000364166,0.0,0.001092498,0.0,0.000121389,0.000121389,0.0,0.0,0.0,0.001699442,0.016144695,0.0,0.000242777,0.006190823,0.000364166,0.0,0.0,0.0,0.0,0.0,0.0,0.0,0.0,0.0,0.0,0.0,0.0,0.0,0.0,0.0,0.0,0.0,0.0,0.0,0.0,0.0,0.0,0.0,0.0,0.0,0.0,0.002063608,0.0,0.0,0.0,0.009711095,0.0,0.0,0.000971109,0.0,0.0,0.0,0.0,0.0,0.0,0.0,0.0,0.0,0.0,0.0,0.0,0.0,0.0,0.000606943,0.0,0.0,0.0,0.0,0.0,0.0,0.0,0.0,0.0,0.0,0.00182083,0.0,0.000121389,0.0,0.0,0.0,0.0,0.0,0.0,0.0,0.0,0.0
62,0.0,0.0,0.0,0.0,0.0,0.0,0.0,0.0,0.0,0.0,0.0,0.000242777,0.0,0.0,0.0,0.0,0.0,0.0,0.0,0.0,0.0,0.0,0.0,0.0,0.0,0.0,0.0,0.0,0.0,0.0,0.0,0.0,0.0,0.0,0.0,0.0,0.0,0.0,0.0,0.0,0.0,0.0,0.0,0.0,0.0,0.0,0.0,0.0,0.0,0.0,0.0,0.0,0.0,0.001092498,0.0,0.001942219,0.0,0.0,0.0,0.0,0.0,0.0,0.0,0.0,0.0,0.0,0.0,0.000485555,0.0,0.0,0.0,0.0,0.0,0.000121389,0.0,0.0,0.0,0.0,0.0,0.0,0.0,0.0,0.0,0.0,0.0,0.0,0.0,0.0,0.0,0.000728332,0.0,0.0,0.0,0.0,0.0,0.0,0.0,0.000364166,0.0,0.0,0.0,0.0,0.0,0.0,0.0,0.0,0.0,0.0,0.0,0.000728332,0.0,0.0,0.0,0.0,0.0,0.0,0.0,0.0,0.0,0.0,0.0,0.0,0.0,0.0,0.0,0.0,0.0,0.0,0.0,0.0,0.0,0.0,0.0,0.0,0.0,0.0,0.0,0.0,0.000728332,0.0,0.0,0.000606943,0.0,0.000606943,0.001213887,0.0,0.0,0.000242777,0.000364166,0.001092498,0.002913328,0.000606943,0.0,0.0,0.0,0.0,0.000242777,0.0,0.0,0.0,0.0,0.000121389,0.000242777,0.0,0.000242777,0.0,0.0,0.0,0.0,0.0,0.0,0.0,0.0,0.0,0.0,0.0,0.0,0.0,0.0,0.0,0.0,0.0,0.0,0.0,0.000849721,0.0,0.0,0.0,0.0,0.0,0.0,0.0,0.0,0.0,0.0,0.0,0.0,0.0,0.0,0.0,0.0,0.0,0.0,0.0,0.0,0.000121389,0.0,0.0,0.0,0.0,0.0,0.0,0.0,0.0,0.0,0.000242777,0.000485555,0.0,0.0,0.000121389,0.000971109,0.0,0.0,0.0,0.0,0.0,0.0,0.0,0.0,0.0,0.0,0.0,0.0,0.0,0.0,0.0,0.0,0.0,0.000485555,0.0,0.0,0.0,0.0,0.0,0.0,0.0,0.0,0.0,0.0,0.000242777,0.0,0.0,0.0,0.0,0.0,0.0,0.0,0.0,0.0,0.0,0.0,0.0,0.0,0.0,0.0,0.0,0.0,0.000364166,0.000121389,0.0,0.0,0.0,0.0,0.0,0.0,0.0,0.0,0.0,0.001578053,0.0,0.000485555,0.0,0.0,0.0,0.0,0.0,0.0,0.0,0.0,0.0,0.0,0.0,0.0,0.0,0.0,0.0,0.0,0.004976936,0.0,0.0,0.000121389,0.0,0.696164118,0.0,0.0,0.0,0.0,0.0,0.0,0.0,0.0,0.0,0.0,0.00279194,0.0,0.0,0.002063608,0.0,0.0,0.0,0.0,0.0,0.0,0.0,0.0,0.000242777,0.0,0.0,0.000485555,0.0,0.0,0.0,0.0,0.0,0.0,0.0,0.0,0.0,0.0,0.0,0.0,0.0,0.0,0.000242777,0.0,0.0,0.0,0.0,0.0,0.0,0.000364166,0.0,0.0,0.0,0.039087157,0.000364166,0.0,0.0,0.0,0.0,0.0,0.0,0.0,0.000242777,0.000606943,0.0,0.0,0.0,0.0,0.0,0.0,0.0,0.0,0.0,0.0,0.0,0.0,0.0,0.0,0.000121389,0.0,0.0,0.0,0.0,0.000121389,0.0,0.0,0.0,0.0,0.000728332,0.0,0.0,0.0,0.0,0.0,0.0,0.0,0.0,0.0,0.0,0.0,0.0,0.000485555,0.0,0.0,0.0,0.0,0.0,0.0,0.0,0.0,0.0,0.0,0.000242777,0.0,0.0,0.0,0.0,0.000242777,0.0,0.0,0.0,0.0,0.0,0.0,0.0,0.0,0.0,0.001092498,0.0,0.0,0.0,0.000242777,0.0,0.0,0.0,0.0,0.0,0.0,0.0,0.0,0.0,0.0,0.0,0.0,0.000121389,0.0,0.0,0.0,0.0,0.0,0.0,0.0,0.000364166,0.0,0.0,0.0,0.0,0.0,0.0,0.0,0.0,0.000606943,0.0,0.0,0.000121389,0.0,0.0,0.0,0.0,0.002306385,0.0,0.0,0.0,0.0,0.0,0.0,0.0,0.0,0.0,0.0,0.0,0.0,0.0,0.0,0.0,0.0,0.0,0.0,0.0,0.0,0.0,0.0,0.0,0.0,0.0,0.0,0.0,0.0,0.0,0.0,0.0,0.0,0.0,0.0,0.0,0.0,0.000121389,0.0,0.0,0.0,0.0,0.0,0.0,0.000121389,0.0,0.0,0.0,0.0,0.0,0.0,0.0,0.0,0.0,0.0,0.0,0.0,0.0,0.000121389,0.0,0.0,0.0,0.0,0.0,0.0,0.0,0.0,0.0,0.0,0.0,0.0,0.0,0.0,0.0,0.0,0.0,0.0,0.0,0.0,0.0,0.0,0.0,0.0,0.0,0.0,0.0,0.0,0.0,0.000242777,0.0,0.0,0.0,0.0,0.0,0.0,0.0,0.0,0.0,0.0,0.0,0.0,0.0,0.0,0.0,0.0,0.0,0.0,0.0,0.0,0.0,0.000242777,0.0,0.0,0.000485555,0.0,0.0,0.001213887,0.0,0.0,0.0,0.0,0.0,0.0,0.0,0.0,0.0,0.0,0.0,0.0,0.0,0.000364166,0.0,0.0,0.0,0.0,0.004855547,0.0,0.0,0.0,0.0,0.0,0.0,0.0,0.0,0.0,0.0,0.0,0.000606943,0.0,0.0,0.0,0.0,0.0,0.0,0.0,0.0,0.0,0.0,0.0,0.0,0.007647487,0.0,0.0,0.0,0.0,0.0,0.0,0.0,0.0,0.0,0.0,0.0,0.0,0.000971109,0.0,0.0,0.0,0.021849964,0.04806992,0.0,0.0,0.0,0.0,0.0,0.0,0.0,0.0,0.0,0.0,0.0,0.000485555,0.0,0.0,0.0,0.0,0.0,0.0,0.0,0.0,0.0,0.0,0.0,0.0,0.0,0.0,0.0,0.0,0.0,0.0,0.0,0.0,0.0,0.0,0.0,0.0,0.0,0.000121389,0.0,0.0,0.0,0.0,0.0,0.0,0.000121389,0.0,0.0,0.0,0.000121389,0.0,0.00279194,0.0,0.016387473,0.0,0.0,0.0,0.012503035,0.0,0.0,0.000242777,0.0,0.0,0.0,0.0,0.0,0.0,0.0,0.0,0.0,0.0,0.0,0.0,0.0,0.0,0.0,0.0,0.0,0.0,0.0,0.0,0.0,0.0,0.0,0.0,0.000121389,0.096989561,0.0,0.001699442,0.005948046,0.0,0.0,0.0,0.0,0.0,0.0,0.0,0.0
63,0.0,0.0,0.0,0.0,0.0,0.0,0.0,0.0,0.0,0.0,0.003641661,0.0,0.0,0.0,0.0,0.0,0.0,0.0,0.0,0.0,0.0,0.0,0.0,0.0,0.0,0.0,0.0,0.0,0.0,0.0,0.0,0.0,0.0,0.0,0.0,0.000728332,0.00182083,0.0,0.0,0.0,0.0,0.0,0.0,0.0,0.0,0.004734159,0.016266084,0.0,0.0,0.0,0.0,0.0,0.0,0.0,0.0,0.0,0.0,0.0,0.0,0.001335276,0.000121389,0.0,0.0,0.0,0.0,0.002306385,0.0,0.000121389,0.0,0.0,0.0,0.024156349,0.0,0.0,0.0,0.003277495,0.0,0.004127215,0.001092498,0.0,0.0,0.0,0.0,0.0,0.0,0.0,0.0,0.0,0.0,0.0,0.0,0.0,0.0,0.0,0.0,0.0,0.0,0.000121389,0.0,0.0,0.0,0.0,0.0,0.0,0.0,0.0,0.0,0.0,0.0,0.0,0.0,0.0,0.0,0.0,0.0,0.0,0.0,0.0,0.0,0.0,0.0,0.0,0.042971595,0.0,0.0,0.0,0.0,0.0,0.0,0.0,0.0,0.0,0.0,0.0,0.004976936,0.0,0.0,0.0,0.0,0.0,0.0,0.09893178,0.002306385,0.01019665,0.250546249,0.0,0.0,0.06931294,0.009711095,0.140932265,0.06749211,0.00279194,0.0,0.0,0.0,0.0,0.0,0.0,0.0,0.0,0.0,0.0,0.0,0.0,0.00182083,0.0,0.0,0.0,0.0,0.0,0.0,0.0,0.0,0.0,0.0,0.0,0.0,0.000121389,0.0,0.002306385,0.0,0.0,0.0,0.0,0.0,0.0,0.0,0.0,0.0,0.0,0.0,0.0,0.0,0.0,0.0,0.0,0.0,0.0,0.0,0.0,0.0,0.0,0.0,0.0,0.0,0.0,0.0,0.0,0.0,0.0,0.0,0.0,0.0,0.0,0.0,0.0,0.0,0.0,0.0,0.0,0.0,0.0,0.0,0.0,0.0,0.0,0.0,0.0,0.0,0.0,0.0,0.0,0.0,0.0,0.0,0.0,0.0,0.0,0.0,0.0,0.0,0.0,0.002306385,0.003763049,0.0,0.0,0.0,0.0,0.0,0.0,0.0,0.0,0.0,0.0,0.0,0.0,0.002184996,0.0,0.0,0.0,0.0,0.0,0.0,0.0,0.0,0.0,0.0,0.0,0.0,0.0,0.0,0.0,0.0,0.0,0.0,0.002306385,0.0,0.0,0.0,0.0,0.0,0.0,0.0,0.0,0.0,0.0,0.0,0.000485555,0.0,0.0,0.0,0.0,0.0,0.0,0.0,0.0,0.0,0.0,0.0,0.0,0.0,0.0,0.0,0.0,0.0,0.0,0.0,0.0,0.0,0.0,0.0,0.0,0.0,0.00461277,0.0,0.0,0.000242777,0.0,0.0,0.0,0.0,0.000485555,0.0,0.0,0.0,0.0,0.0,0.0,0.0,0.001092498,0.000121389,0.0,0.0,0.0,0.0,0.0,0.0,0.0,0.0,0.0,0.0,0.0,0.0,0.0,0.0,0.0,0.002913328,0.0,0.0,0.0,0.0,0.0,0.0,0.0,0.0,0.0,0.0,0.0,0.0,0.0,0.0,0.0,0.0,0.0,0.0,0.0,0.0,0.0,0.0,0.0,0.0,0.0,0.0,0.0,0.0,0.0,0.0,0.0,0.0,0.0,0.0,0.000971109,0.0,0.0,0.0,0.000121389,0.0,0.0,0.0,0.0,0.0,0.0,0.0,0.0,0.0,0.0,0.0,0.0,0.0,0.0,0.0,0.0,0.001092498,0.0,0.0,0.0,0.0,0.0,0.0,0.0,0.0,0.0,0.0,0.0,0.0,0.0,0.0,0.0,0.000242777,0.0,0.0,0.009832484,0.001942219,0.0,0.0,0.0,0.0,0.0,0.0,0.0,0.0,0.0,0.0,0.0,0.0,0.0,0.0,0.0,0.0,0.000121389,0.0,0.0,0.0,0.0,0.0,0.0,0.0,0.0,0.0,0.0,0.0,0.0,0.0,0.0,0.0,0.0,0.0,0.0,0.0,0.0,0.0,0.0,0.0,0.0,0.0,0.0,0.0,0.0,0.050376305,0.0,0.0,0.0,0.0,0.028769119,0.012867201,0.0,0.0,0.0,0.0,0.0,0.0,0.0,0.0,0.0,0.0,0.0,0.0,0.0,0.0,0.0,0.0,0.001092498,0.0,0.0,0.0,0.0,0.0,0.004491381,0.0,0.0,0.0,0.0,0.0,0.0,0.0,0.0,0.0,0.0,0.0,0.000485555,0.0,0.0,0.0,0.0,0.0,0.0,0.0,0.0,0.0,0.0,0.0,0.0,0.0,0.0,0.0,0.0,0.0,0.0,0.000849721,0.0,0.001578053,0.0,0.0,0.000485555,0.0,0.0,0.0,0.0,0.0,0.0,0.0,0.0,0.0,0.0,0.0,0.0,0.0,0.0,0.000121389,0.0,0.0,0.0,0.0,0.000242777,0.0,0.0,0.0,0.0,0.015294975,0.0,0.0,0.0,0.0,0.0,0.0,0.0,0.0,0.0,0.0,0.0,0.0,0.0,0.0,0.0,0.0,0.0,0.0,0.0,0.0,0.0,0.0,0.0,0.0,0.0,0.0,0.0,0.070041272,0.0,0.0,0.000121389,0.0,0.0,0.0,0.0,0.0,0.0,0.0,0.0,0.0,0.0,0.0,0.0,0.0,0.0,0.0,0.001092498,0.0,0.0,0.0,0.0,0.0,0.0,0.0,0.0,0.0,0.0,0.0,0.0,0.0,0.0,0.0,0.0,0.0,0.0,0.0,0.0,0.0,0.0,0.0,0.0,0.0,0.0,0.0,0.0,0.0,0.0,0.0,0.0,0.0,0.0,0.0,0.0,0.0,0.0,0.0,0.000121389,0.0,0.0,0.0,0.0,0.00182083,0.0,0.0,0.0,0.0,0.0,0.0,0.0,0.0,0.00558388,0.0,0.000121389,0.0,0.000121389,0.0,0.000242777,0.0,0.0,0.0,0.0,0.0,0.0,0.0,0.0,0.0,0.0,0.0,0.0,0.0,0.0,0.0,0.0,0.0,0.0,0.0,0.0,0.0,0.0,0.0,0.0,0.0,0.0,0.0,0.0,0.0,0.0,0.0,0.0,0.0,0.0,0.0,0.0,0.0,0.0,0.0,0.0,0.0,0.0,0.0,0.0,0.0,0.0,0.0,0.0,0.0,0.0,0.0,0.0,0.0,0.0,0.0,0.0,0.0,0.000364166,0.0,0.0,0.0,0.0,0.0,0.0,0.0,0.0,0.000485555,0.000121389,0.0,0.0,0.0,0.0,0.0,0.0,0.0,0.0,0.0,0.0,0.0,0.0
64,0.0,0.0,0.0,0.0,0.0,0.0,0.0,0.0,0.0,0.0,0.0,0.0,0.0,0.0,0.0,0.0,0.0,0.0,0.0,0.0,0.0,0.0,0.0,0.0,0.0,0.0,0.0,0.0,0.0,0.0,0.0,0.0,0.0,0.0,0.0,0.001699442,0.0,0.0,0.000849721,0.0,0.0,0.0,0.0,0.0,0.0,0.0,0.006797766,0.0,0.0,0.0,0.0,0.0,0.0,0.0,0.0,0.000121389,0.0,0.0,0.0,0.0,0.0,0.0,0.0,0.0,0.0,0.0,0.0,0.000971109,0.0,0.000242777,0.0,0.004491381,0.0,0.0,0.0,0.0,0.000121389,0.0,0.000242777,0.0,0.000121389,0.000364166,0.0,0.0,0.0,0.0,0.0,0.0,0.0,0.0,0.0,0.0,0.0,0.0,0.0,0.0,0.0,0.000606943,0.0,0.0,0.0,0.0,0.0,0.0,0.0,0.0,0.0,0.0,0.0,0.0,0.000485555,0.0,0.0,0.0,0.0,0.0,0.0,0.0,0.0,0.0,0.0,0.0,0.003156106,0.0,0.0,0.0,0.0,0.0,0.0,0.0,0.0,0.022942462,0.0,0.0,0.0,0.0,0.0,0.0,0.011410537,0.0,0.0,0.0,0.000121389,0.001335276,0.006554989,0.0,0.0,0.0,0.000121389,0.000971109,0.138140325,0.0,0.004127215,0.0,0.0,0.0,0.000971109,0.0,0.0,0.0,0.0,0.002063608,0.010318038,0.0,0.013352756,0.0,0.000242777,0.0,0.0,0.0,0.0,0.0,0.0,0.0,0.0,0.001092498,0.0,0.0,0.0,0.000121389,0.0,0.0,0.0,0.0,0.0,0.0,0.0,0.0,0.0,0.0,0.0,0.0,0.0,0.0,0.0,0.0,0.0,0.0,0.0,0.0,0.0,0.0,0.0,0.0,0.0,0.0,0.0,0.0,0.0,0.0,0.0,0.0,0.0,0.0,0.0,0.0,0.0,0.0,0.0,0.0,0.0,0.0,0.0,0.0,0.0,0.0,0.0,0.0,0.0,0.0,0.0,0.0,0.0,0.0,0.0,0.0,0.0,0.0,0.0,0.0,0.0,0.0,0.000242777,0.0,0.0,0.0,0.0,0.0,0.004734159,0.0,0.0,0.0,0.0,0.0,0.0,0.0,0.0,0.0,0.0,0.0,0.0,0.0,0.0,0.0,0.0,0.000364166,0.0,0.0,0.0,0.0,0.0,0.0,0.0,0.0,0.0,0.0,0.0,0.0,0.0,0.000121389,0.0,0.0,0.0,0.02124302,0.0,0.0,0.0,0.000242777,0.0,0.0,0.0,0.0,0.0,0.0,0.0,0.0,0.0,0.0,0.0,0.0,0.003034717,0.0,0.0,0.0,0.0,0.0,0.0,0.000728332,0.0,0.001335276,0.000121389,0.0,0.0,0.0064336,0.0,0.0,0.000485555,0.0,0.0,0.0,0.0,0.00182083,0.000728332,0.0,0.0,0.0,0.0,0.0,0.0,0.0,0.0,0.0,0.000121389,0.0,0.0,0.0,0.0,0.0,0.0,0.0,0.0,0.0,0.0,0.0,0.001092498,0.0,0.0,0.0,0.0,0.0,0.000364166,0.0,0.0,0.0,0.001092498,0.0,0.0,0.0,0.0,0.0,0.0,0.0,0.0,0.0,0.0,0.0,0.0,0.0,0.0,0.0,0.0,0.0,0.0,0.0,0.0,0.0,0.0,0.0,0.0,0.000485555,0.0,0.017115805,0.000849721,0.0,0.0,0.0,0.0,0.0,0.004005827,0.00182083,0.0,0.0,0.0,0.0,0.0,0.0,0.0,0.0,0.0,0.0,0.0,0.0,0.007647487,0.0,0.0,0.0,0.0,0.0,0.0,0.0,0.0,0.0,0.0,0.0,0.0,0.0,0.0,0.0,0.0,0.0,0.0,0.032532168,0.000364166,0.0,0.0,0.0,0.0,0.000971109,0.0,0.0,0.0,0.0,0.0,0.0,0.000121389,0.0,0.0,0.0,0.0,0.0,0.0,0.0,0.0,0.0,0.0,0.0,0.0,0.0,0.0,0.000121389,0.0,0.0,0.0,0.0,0.0,0.0,0.0,0.0,0.0,0.0,0.0,0.0,0.408108764,0.0,0.0,0.163510561,0.0,0.0,0.0,0.0,0.0,0.0,0.0,0.0,0.0,0.0,0.0,0.0,0.0,0.0,0.0,0.0,0.0,0.0,0.0,0.0,0.0,0.0,0.0,0.0,0.0,0.0,0.0,0.0,0.0,0.0,0.0,0.000121389,0.0,0.0,0.0,0.0,0.0,0.0,0.0,0.0,0.0,0.0,0.0,0.0,0.0,0.0,0.0,0.0,0.0,0.0,0.0,0.0,0.0,0.0,0.0,0.0,0.0,0.0,0.0,0.0,0.0,0.0,0.0,0.0,0.0,0.0,0.0,0.0,0.0,0.0,0.0,0.0,0.0,0.0,0.0,0.0,0.0,0.0,0.0,0.000121389,0.0,0.0,0.0,0.0,0.0,0.0,0.0,0.0,0.0,0.0,0.0,0.0,0.028769119,0.0,0.0,0.002913328,0.0,0.0,0.0,0.0,0.0,0.0,0.0,0.0,0.0,0.0,0.0,0.0,0.0,0.0,0.0,0.0,0.0,0.0,0.0,0.0,0.0,0.0,0.0,0.0,0.001942219,0.0,0.0,0.0,0.0,0.0,0.0,0.0,0.0,0.0,0.0,0.0,0.0,0.0,0.0,0.0,0.0,0.0,0.0,0.026341345,0.0,0.0,0.0,0.0,0.0,0.0,0.0,0.0,0.0,0.0,0.0,0.0,0.0,0.0,0.0,0.0,0.0,0.0,0.0,0.0,0.0,0.0,0.0,0.0,0.0,0.0,0.0,0.0,0.0,0.0,0.0,0.0,0.0,0.0,0.001578053,0.0,0.0,0.0,0.0,0.0,0.0,0.001213887,0.0,0.0,0.000606943,0.0,0.0,0.0,0.0,0.0,0.0,0.000485555,0.0,0.000728332,0.0,0.0,0.0,0.000121389,0.0,0.0,0.0,0.0,0.0,0.0,0.0,0.0,0.0,0.0,0.0,0.0,0.0,0.0,0.0,0.0,0.0,0.0,0.0,0.0,0.0,0.0,0.0,0.0,0.0,0.0,0.0,0.0,0.0,0.0,0.0,0.0,0.0,0.0,0.0,0.0,0.0,0.006069434,0.0,0.0,0.0,0.001092498,0.0,0.0,0.009589706,0.0,0.0,0.0,0.0,0.0,0.0,0.0,0.0,0.0,0.0,0.0,0.0,0.0,0.0,0.0,0.0,0.0,0.000364166,0.0,0.0,0.0,0.0,0.000121389,0.000121389,0.0,0.001578053,0.0,0.0,0.0,0.0,0.0,0.0,0.0,0.0,0.0,0.0,0.0
65,0.0,0.00279194,0.0,0.0,0.0,0.0,0.0,0.0,0.0,0.0,0.0,0.0,0.0,0.0,0.0,0.0,0.0,0.0,0.0,0.0,0.0,0.0,0.0,0.0,0.0,0.0,0.0,0.0,0.0,0.0,0.0,0.0,0.0,0.0,0.0,0.017844137,0.0,0.0,0.0,0.0,0.0,0.0,0.0,0.0,0.0,0.0,0.0,0.0,0.0,0.0,0.0,0.0,0.0,0.0,0.0,0.0,0.0,0.0,0.0,0.0,0.0,0.0,0.0,0.0,0.0,0.0,0.0,0.0,0.0,0.0,0.0,0.0,0.0,0.0,0.0,0.0,0.0,0.0,0.0,0.0,0.0,0.0,0.0,0.0,0.0,0.0,0.0,0.0,0.0,0.0,0.0,0.0,0.0,0.0,0.000121389,0.0,0.0,0.0,0.0,0.008011653,0.0,0.0,0.0,0.0,0.0,0.0,0.0,0.0,0.0,0.0,0.0,0.0,0.0,0.0,0.0,0.0,0.0,0.0,0.0,0.0,0.0,0.0,0.0,0.0,0.0,0.0,0.0,0.0,0.0,0.0,0.0,0.000606943,0.0,0.0,0.0,0.0,0.0,0.0,0.0,0.0,0.0,0.0,0.0,0.0,0.000849721,0.0,0.0,0.000242777,0.0,0.0,0.000121389,0.0,0.0,0.0,0.0,0.0,0.005098325,0.0,0.0,0.012867201,0.0,0.004127215,0.0,0.0,0.0,0.0,0.0,0.0,0.0,0.0,0.0,0.0,0.0,0.0,0.0,0.0,0.0,0.0,0.0,0.0,0.0,0.0,0.0,0.0,0.0,0.0,0.0,0.0,0.0,0.0,0.0,0.0,0.0,0.0,0.0,0.0,0.0,0.0,0.0,0.0,0.0,0.0,0.0,0.0,0.0,0.0,0.0,0.0,0.0,0.0,0.0,0.0,0.0,0.0,0.0,0.0,0.0,0.0,0.0,0.0,0.0,0.0,0.0,0.0,0.0,0.0,0.0,0.0,0.0,0.0,0.0,0.0,0.0,0.0,0.0,0.0,0.005948046,0.0,0.028040787,0.0,0.0,0.0,0.0,0.0,0.0,0.0,0.0,0.0,0.0,0.0,0.0,0.0,0.0,0.0,0.0,0.0,0.0,0.0,0.0,0.0,0.0,0.0,0.0,0.0,0.0,0.0,0.0,0.0,0.0,0.0,0.0,0.0,0.0,0.0,0.0,0.0,0.0,0.0,0.0,0.0,0.0,0.0,0.0,0.0,0.0,0.0,0.0,0.0,0.0,0.0,0.0,0.0,0.0,0.0,0.0,0.0,0.0,0.0,0.000121389,0.0,0.001456664,0.0,0.000728332,0.0,0.0,0.0,0.0,0.0,0.0,0.0,0.0,0.0,0.0,0.295460063,0.0,0.0,0.0,0.0,0.0,0.0,0.0,0.0,0.0,0.0,0.0,0.0,0.0,0.0,0.0,0.0,0.0,0.0,0.0,0.0,0.0,0.0,0.0,0.0,0.0,0.0,0.0,0.0,0.0,0.0,0.0,0.0,0.0,0.0,0.0,0.0,0.0,0.0,0.0,0.0,0.0,0.000606943,0.0,0.0,0.0,0.0,0.0,0.0,0.0,0.0,0.0,0.0,0.0,0.0,0.000364166,0.0,0.0,0.0,0.0,0.0,0.0,0.0,0.0,0.0,0.0,0.0,0.0,0.0,0.0,0.0,0.0,0.0,0.0,0.0,0.0,0.0,0.0,0.0,0.0,0.0,0.0,0.0,0.0,0.0,0.0,0.0,0.0,0.0,0.0,0.0,0.0,0.0,0.0,0.0,0.0,0.0,0.0,0.0,0.0,0.0,0.0,0.0,0.0,0.0,0.0,0.0,0.0,0.0,0.0,0.0,0.0,0.0,0.0,0.0,0.00279194,0.0,0.0,0.0,0.177713037,0.0,0.0,0.001335276,0.0,0.0,0.000849721,0.0,0.0,0.002427774,0.000364166,0.0,0.00740471,0.0,0.0,0.0,0.0,0.0,0.0,0.0,0.0,0.0,0.0,0.0,0.0,0.0,0.0,0.000606943,0.0,0.0,0.0,0.0,0.0,0.0,0.0,0.0,0.0,0.0,0.025491624,0.0,0.0,0.0,0.0,0.0,0.0,0.0,0.0,0.0,0.0,0.0,0.0,0.0,0.0,0.0,0.0,0.0,0.0,0.0,0.0,0.0,0.0,0.0,0.0,0.0,0.0,0.0,0.0,0.0,0.0,0.0,0.0,0.0,0.0,0.0,0.0,0.0,0.0,0.0,0.0,0.0,0.0,0.0,0.0,0.0,0.0,0.0,0.0,0.0,0.0,0.0,0.0,0.0,0.0,0.0,0.0,0.0,0.0,0.0,0.0,0.0,0.0,0.0,0.0,0.0,0.0,0.0,0.0,0.0,0.0,0.0,0.0,0.0,0.0,0.0,0.0,0.0,0.0,0.0,0.0,0.0,0.0,0.0,0.0,0.0,0.0,0.0,0.0,0.0,0.0,0.0,0.0,0.0,0.0,0.0,0.0,0.0,0.0,0.0,0.0,0.0,0.0,0.0,0.0,0.0,0.0,0.0,0.0,0.0,0.0,0.0,0.0,0.0,0.0,0.0,0.0,0.0,0.0,0.0,0.0,0.0,0.0,0.0,0.0,0.0,0.0,0.0,0.0,0.0,0.0,0.0,0.0,0.0,0.0,0.0,0.0,0.0,0.0,0.0,0.0,0.0,0.0,0.0,0.0,0.0,0.0,0.0,0.0,0.0,0.0,0.0,0.0,0.0,0.0,0.0,0.0,0.0,0.0,0.0,0.0,0.0,0.0,0.0,0.0,0.0,0.0,0.0,0.0,0.0,0.0,0.0,0.0,0.0,0.0,0.0,0.0,0.0,0.0,0.0,0.0,0.0,0.0,0.0,0.0,0.0,0.0,0.001335276,0.0,0.0,0.0,0.0,0.0,0.0,0.0,0.0,0.0,0.0,0.0,0.0,0.0,0.0,0.0,0.0,0.0,0.0,0.0,0.0,0.000121389,0.0,0.0,0.0,0.0,0.0,0.0,0.0,0.0,0.0,0.0,0.0,0.0,0.0,0.0,0.0,0.0,0.0,0.0,0.0,0.0,0.0,0.0,0.001335276,0.0,0.0,0.0,0.000364166,0.0,0.0,0.0,0.0,0.0,0.0,0.0,0.0,0.0,0.0,0.0,0.0,0.0,0.0,0.078174314,0.0,0.0,0.0,0.0,0.0,0.0,0.0,0.0,0.0,0.0,0.0,0.000728332,0.0,0.309541151,0.0,0.0,0.0,0.0,0.004005827,0.0,0.0,0.0,0.0,0.0,0.0
66,0.0,0.0,0.0,0.0,0.0,0.0,0.0,0.0,0.0,0.0,0.0,0.0,0.0,0.0,0.0,0.0,0.000485555,0.0,0.0,0.0,0.0,0.0,0.0,0.0,0.0,0.0,0.0,0.0,0.0,0.0,0.0,0.0,0.0,0.0,0.0,0.00279194,0.0,0.0,0.0,0.0,0.0,0.0,0.0,0.0,0.0,0.0,0.0,0.0,0.0,0.0,0.0,0.0,0.0,0.0,0.0,0.000728332,0.0,0.0,0.0,0.0,0.0,0.0,0.0,0.0,0.0,0.0,0.0,0.0,0.0,0.0,0.0,0.0,0.0,0.0,0.0,0.0,0.0,0.0,0.0,0.0,0.0,0.0,0.0,0.0,0.0,0.0,0.0,0.0,0.0,0.0,0.0,0.0,0.0,0.0,0.0,0.0,0.0,0.000364166,0.0,0.0,0.0,0.0,0.0,0.0,0.0,0.0,0.0,0.0,0.0,0.0,0.0,0.0,0.0,0.0,0.0,0.0,0.0,0.0,0.0,0.0,0.0,0.0,0.000364166,0.0,0.0,0.0,0.0,0.0,0.0,0.0,0.0,0.0,0.0,0.0,0.0,0.0,0.0,0.0,0.0,0.0,0.0,0.0,0.0,0.00461277,0.0,0.0,0.0,0.002913328,0.0,0.000728332,0.096746783,0.0,0.0,0.0,0.0,0.0,0.016023307,0.0,0.030104394,0.000971109,0.007768876,0.046977422,0.0,0.0,0.0,0.0,0.0,0.0,0.0,0.0,0.0,0.0,0.0,0.0,0.0,0.000971109,0.0,0.0,0.0,0.0,0.0,0.0,0.0,0.0,0.0,0.0,0.0,0.0,0.0,0.0,0.0,0.0,0.0,0.0,0.0,0.0,0.0,0.0,0.0,0.0,0.0,0.0,0.0,0.0,0.0,0.0,0.0,0.0,0.0,0.0,0.0,0.0,0.0,0.0,0.0,0.0,0.0,0.018936635,0.0,0.0,0.0,0.0,0.0,0.0,0.0,0.0,0.0,0.0,0.0,0.0,0.0,0.0,0.0,0.0,0.0,0.0,0.000364166,0.002427774,0.005826657,0.0,0.0,0.0,0.0,0.0,0.0,0.0,0.0,0.0,0.011896091,0.0,0.0,0.0,0.0,0.0,0.0,0.0,0.0,0.0,0.0,0.000121389,0.0,0.0,0.0,0.0,0.0,0.0,0.0,0.0,0.0,0.0,0.0,0.0,0.0,0.0,0.0,0.0,0.0,0.0,0.0,0.025613013,0.000121389,0.0,0.0,0.0,0.0,0.0,0.000606943,0.000121389,0.0,0.000121389,0.0,0.0,0.0,0.0,0.0,0.0,0.0,0.0,0.055838796,0.0,0.104272882,0.016387473,0.024156349,0.0,0.0,0.0,0.0,0.0,0.0,0.0,0.0,0.0,0.0,0.025491624,0.0,0.0,0.006676378,0.0,0.0,0.0,0.0,0.0,0.0,0.0,0.0,0.0,0.0,0.0,0.0,0.001578053,0.0,0.0,0.0,0.0,0.0,0.0,0.0,0.0,0.0,0.0,0.0,0.0,0.0,0.0,0.0,0.0,0.0,0.0,0.0,0.0,0.0,0.0,0.0,0.0,0.0,0.000121389,0.0,0.0,0.000971109,0.0,0.0,0.0,0.0,0.0,0.0,0.0,0.0,0.0,0.000849721,0.0,0.0,0.0,0.0,0.0,0.0,0.0,0.0,0.0,0.0,0.106822044,0.0,0.0,0.0,0.0,0.0,0.000728332,0.0,0.0,0.0,0.000606943,0.0,0.0,0.0,0.0,0.0,0.0,0.0,0.0,0.0,0.0,0.0,0.0,0.000121389,0.0,0.0,0.0,0.0,0.0,0.0,0.0,0.0,0.0,0.0,0.0,0.0,0.0,0.0,0.0,0.0,0.0,0.0,0.001092498,0.0,0.0,0.0,0.0,0.0,0.0,0.000242777,0.0,0.0,0.0,0.000728332,0.0,0.0,0.0,0.0,0.0,0.0,0.0,0.0,0.0,0.000606943,0.003156106,0.014323865,0.090191794,0.0,0.0,0.0,0.013474144,0.000121389,0.0,0.0,0.0,0.0,0.0,0.000242777,0.0,0.0,0.016023307,0.0,0.0,0.0,0.0,0.0,0.0,0.0,0.0,0.095897062,0.0,0.0,0.0,0.0,0.0,0.0,0.0,0.0,0.0,0.0,0.0,0.0,0.0,0.0,0.0,0.0,0.0,0.0,0.0,0.0,0.0,0.0,0.0,0.0,0.002306385,0.0,0.0,0.0,0.0,0.0,0.0,0.0,0.0,0.0,0.0,0.0,0.0,0.0,0.0,0.0,0.0,0.0,0.0,0.0,0.0,0.0,0.0,0.0,0.0,0.0,0.0,0.0,0.0,0.0,0.0,0.0,0.0,0.0,0.0,0.000364166,0.0,0.0,0.0,0.0,0.0,0.0,0.0,0.0,0.0,0.0,0.0,0.0,0.0,0.0,0.0,0.0,0.0,0.0,0.000242777,0.0,0.0,0.0,0.0,0.0,0.0,0.0,0.0,0.0,0.0,0.004005827,0.0,0.0,0.0,0.0,0.0,0.0,0.0,0.0,0.0,0.0,0.0,0.0,0.0,0.0,0.0,0.0,0.0,0.0,0.0,0.0,0.0,0.0,0.0,0.0,0.0,0.0,0.0,0.0,0.0,0.0,0.0,0.0,0.0,0.0,0.0,0.0,0.0,0.0,0.0,0.0,0.0,0.0,0.0,0.0,0.0,0.0,0.015052197,0.0,0.0,0.0,0.0,0.0,0.0,0.0,0.0,0.0,0.0,0.0,0.0,0.0,0.0,0.0,0.0,0.0,0.0,0.0,0.0,0.0,0.0,0.0,0.0,0.0,0.0,0.0,0.0,0.008375819,0.0,0.0,0.0,0.0,0.0,0.002184996,0.0,0.0,0.0,0.0,0.0,0.0,0.000242777,0.0,0.0,0.0,0.0,0.0,0.0,0.0,0.0,0.0,0.0,0.0,0.0,0.0,0.0,0.0,0.0,0.0,0.0,0.0,0.0,0.0,0.0,0.0,0.0,0.0,0.0,0.0,0.0,0.0,0.0,0.0,0.0,0.0,0.0,0.0,0.0,0.0,0.0,0.0,0.0,0.0,0.0,0.0,0.0,0.0,0.0,0.0,0.0,0.0,0.0,0.0,0.0,0.0,0.024763292,0.0,0.000849721,0.000971109,0.06372906,0.0,0.000242777,0.003277495,0.0,0.0,0.0,0.0,0.0,0.000728332,0.0,0.0,0.0,0.0,0.0,0.0,0.0,0.0,0.0,0.000242777,0.0,0.0,0.0,0.000485555,0.0,0.0,0.0,0.0,0.0,0.003520272,0.0,0.000364166,0.0,0.0,0.0,0.0,0.0,0.008618597,0.0,0.0,0.0
67,0.0,0.0,0.0,0.0,0.0,0.0,0.0,0.0,0.0,0.0,0.0,0.0,0.0,0.0,0.0,0.0,0.0,0.0,0.0,0.0,0.0,0.0,0.0,0.0,0.0,0.0,0.0,0.0,0.0,0.0,0.0,0.0,0.0,0.0,0.0,0.001699442,0.000121389,0.0,0.0,0.0,0.0,0.0,0.0,0.0,0.0,0.0,0.0,0.0,0.0,0.0,0.0,0.0,0.0,0.0,0.0,0.0,0.0,0.0,0.003884438,0.0,0.0,0.0,0.0,0.0,0.0,0.0,0.0,0.0,0.0,0.0,0.0,0.0,0.0,0.0,0.0,0.0,0.0,0.0,0.0,0.0,0.0,0.0,0.0,0.0,0.0,0.0,0.0,0.0,0.0,0.0,0.0,0.0,0.0,0.0,0.0,0.0,0.000485555,0.0,0.0,0.0,0.0,0.0,0.0,0.0,0.0,0.0,0.0,0.0,0.0,0.0,0.0,0.0,0.0,0.0,0.0,0.0,0.0,0.0,0.0,0.0,0.0,0.0,0.275066764,0.0,0.0,0.0,0.0,0.047827143,0.0,0.0,0.0,0.0,0.0,0.0,0.0,0.0,0.0,0.0,0.085457635,0.0,0.0,0.0,0.0,0.07671765,0.000242777,0.0,0.0,0.0,0.022456907,0.190823015,0.0,0.0,0.0,0.0,0.0,0.0,0.0,0.0,0.0,0.0,0.0,0.0,0.000364166,0.0,0.0,0.000121389,0.000242777,0.0,0.0,0.0,0.0,0.0,0.0,0.0,0.0,0.0,0.0,0.0,0.0,0.0,0.0,0.0,0.0,0.0,0.0,0.0,0.000242777,0.0,0.0,0.0,0.0,0.0,0.0,0.0,0.0,0.0,0.0,0.0,0.0,0.0,0.0,0.0,0.0,0.0,0.0,0.0,0.0,0.0,0.0,0.0,0.0,0.0,0.0,0.0,0.0,0.0,0.0,0.002184996,0.0,0.0,0.0,0.0,0.0,0.0,0.0,0.0,0.0,0.0,0.0,0.0,0.0,0.0,0.0,0.000971109,0.0,0.0,0.000121389,0.0,0.000121389,0.0,0.0,0.0,0.0,0.0,0.0,0.0,0.0,0.0,0.0,0.0,0.0,0.0,0.0,0.0,0.0,0.0,0.0,0.0,0.0,0.0,0.0,0.0,0.0,0.0,0.0,0.0,0.0,0.0,0.0,0.0,0.0,0.0,0.0,0.0,0.0,0.0,0.0,0.0,0.000728332,0.0,0.0,0.0,0.0,0.0,0.0,0.0,0.0,0.0,0.0,0.0,0.0,0.0,0.0,0.0,0.0,0.0,0.0,0.0,0.000606943,0.0,0.000849721,0.0,0.0,0.0,0.0,0.0,0.0,0.0,0.0,0.0,0.0,0.0,0.0,0.000121389,0.0,0.0,0.000242777,0.0,0.0,0.0,0.0,0.0,0.0,0.0,0.0,0.0,0.0,0.0,0.0,0.009589706,0.0,0.0,0.0,0.0,0.0,0.0,0.0,0.0,0.0,0.0,0.0,0.0,0.0,0.0,0.0,0.0,0.064336004,0.0,0.0,0.0,0.0,0.0,0.0,0.0,0.0,0.005826657,0.0,0.0,0.0,0.0,0.0,0.0,0.0,0.0,0.0,0.001456664,0.0,0.0,0.000242777,0.0,0.0,0.0,0.0,0.0,0.0,0.0,0.0,0.0,0.0,0.06287934,0.0,0.00182083,0.0,0.0,0.0,0.0,0.0,0.0,0.0,0.035202719,0.0,0.0,0.0,0.0,0.0,0.0,0.0,0.0,0.0,0.0,0.0,0.0,0.0,0.0,0.0,0.0,0.0,0.0,0.0,0.0,0.0,0.0,0.0,0.0,0.0,0.0,0.0,0.0,0.0,0.0,0.0,0.000242777,0.0,0.0,0.0,0.0,0.0,0.0,0.0,0.0,0.0,0.0,0.0,0.0,0.0,0.0,0.0,0.0,0.0,0.0,0.0,0.0,0.0,0.0,0.0,0.000364166,0.0,0.0,0.0,0.000364166,0.000242777,0.0,0.0,0.0,0.0,0.0,0.000121389,0.0,0.0,0.0,0.0,0.0,0.0,0.0,0.0,0.0,0.0,0.0,0.0,0.0,0.004127215,0.0,0.0,0.0,0.0,0.0,0.0,0.0,0.0,0.0,0.0,0.0,0.0,0.0,0.0,0.0,0.0,0.0,0.0,0.0,0.0,0.000364166,0.0,0.0,0.0,0.0,0.0,0.0,0.0,0.0,0.0,0.0,0.0,0.0,0.0,0.0,0.0,0.0,0.0,0.0,0.0,0.0,0.0,0.0,0.0,0.0,0.0,0.0,0.0,0.0,0.0,0.0,0.0,0.0,0.0,0.0,0.0,0.0,0.0,0.0,0.0,0.0,0.0,0.0,0.0,0.0,0.0,0.0,0.0,0.0,0.0,0.0,0.0,0.0,0.0,0.0,0.0,0.0,0.0,0.0,0.0,0.0,0.0,0.0,0.0,0.0,0.0,0.0,0.0,0.0,0.0,0.0,0.0,0.0,0.0,0.0,0.0,0.0,0.0,0.0,0.0,0.0,0.0,0.0,0.0,0.0,0.0,0.0,0.0,0.0,0.0,0.0,0.0,0.0,0.0,0.0,0.0,0.0,0.0,0.0,0.0,0.0,0.0,0.0,0.0,0.0,0.0,0.0,0.0,0.0,0.0,0.0,0.0,0.0,0.0,0.000485555,0.0,0.0,0.0,0.0,0.0,0.0,0.0,0.0,0.0,0.0,0.0,0.0,0.0,0.0,0.0,0.0,0.0,0.0,0.0,0.0,0.0,0.0,0.0,0.0,0.0,0.0,0.0,0.0,0.0,0.0,0.0,0.0,0.0,0.0,0.0,0.0,0.0,0.0,0.0,0.0,0.0,0.0,0.0,0.0,0.0,0.0,0.0,0.0,0.0,0.0,0.0,0.0,0.0,0.0,0.0,0.0,0.0,0.0,0.0,0.0,0.0,0.0,0.0,0.0,0.0,0.0,0.0,0.0,0.0,0.0,0.0,0.0,0.0,0.0,0.0,0.0,0.000121389,0.0,0.0,0.0,0.0,0.0,0.0,0.0,0.0,0.0,0.0,0.0,0.0,0.0,0.0,0.0,0.0,0.0,0.0,0.003520272,0.0,0.0,0.0,0.003398883,0.000242777,0.0,0.0,0.0,0.0,0.0,0.0,0.0,0.0,0.0,0.0,0.0,0.0,0.0,0.0,0.0,0.0,0.0,0.0,0.0,0.0,0.0,0.0,0.0,0.0,0.0,0.000242777,0.0,0.076110706,0.0,0.009953872,0.007040544,0.0,0.0,0.0,0.0,0.0,0.0,0.0,0.0
68,0.0,0.0,0.0,0.0,0.0,0.0,0.0,0.0,0.0,0.0,0.0,0.0,0.0,0.0,0.0,0.0,0.0,0.0,0.0,0.000849721,0.0,0.0,0.0,0.0,0.0,0.0,0.000121389,0.0,0.0,0.0,0.0,0.0,0.0,0.0,0.0,0.006312212,0.000971109,0.0,0.0,0.0,0.000485555,0.0,0.0,0.0,0.011531925,0.0,0.0,0.0,0.0,0.0,0.0,0.0,0.0,0.0,0.0,0.0,0.0,0.0,0.0,0.0,0.0,0.0,0.0,0.0,0.0,0.0,0.0,0.0,0.0,0.0,0.0,0.0,0.0,0.0,0.0,0.0,0.0,0.0,0.0,0.0,0.0,0.0,0.0,0.0,0.0,0.0,0.0,0.0,0.0,0.0,0.0,0.0,0.0,0.0,0.0,0.0,0.0,0.007526099,0.0,0.0,0.0,0.0,0.0,0.0,0.0,0.0,0.0,0.0,0.0,0.0,0.0,0.0,0.0,0.0,0.0,0.0,0.0,0.0,0.0,0.0,0.0,0.0,0.776037873,0.0,0.0,0.002549162,0.0,0.0,0.0,0.0,0.0,0.0,0.0,0.0,0.0,0.0,0.0,0.0,0.0,0.0,0.0,0.0,0.0,0.0,0.0,0.0,0.0,0.0,0.0,0.0,0.0,0.00922554,0.0,0.0,0.0,0.0,0.0,0.0,0.0,0.0,0.0,0.000485555,0.001699442,0.0,0.007890265,0.0,0.000606943,0.0,0.0,0.0,0.0,0.0,0.0,0.0,0.0,0.0,0.0,0.0,0.001092498,0.0,0.0,0.0,0.0,0.0,0.0,0.0,0.0,0.0,0.0,0.0,0.0,0.0,0.0,0.0,0.0,0.0,0.0,0.0,0.0,0.0,0.0,0.0,0.0,0.0,0.0,0.0,0.0,0.0,0.0,0.0,0.0,0.0,0.0,0.0,0.0,0.0,0.0,0.0,0.0,0.0,0.0,0.0,0.0,0.0,0.0,0.0,0.0,0.0,0.0,0.0,0.0,0.0,0.0,0.0,0.0,0.0,0.0,0.0,0.0,0.0,0.0,0.0,0.000485555,0.0,0.0,0.0,0.0,0.0,0.0,0.0,0.0,0.0,0.0,0.0,0.0,0.0,0.0,0.0,0.0,0.0,0.0,0.0,0.0,0.0,0.0,0.0,0.0,0.0,0.0,0.0,0.0,0.0,0.0,0.0,0.0,0.0,0.0,0.0,0.006312212,0.0,0.003156106,0.0,0.0,0.002549162,0.0,0.0,0.003034717,0.000728332,0.0,0.0,0.0,0.0,0.0,0.0,0.0,0.0,0.0,0.0,0.000485555,0.0,0.001335276,0.0,0.0,0.0,0.0,0.0,0.0,0.0,0.0,0.0,0.0,0.0,0.003641661,0.038358825,0.0,0.0,0.001456664,0.0,0.0,0.0,0.0,0.0,0.0,0.0,0.0,0.0,0.0,0.0,0.0,0.0,0.001456664,0.0,0.0,0.0,0.0,0.0,0.0,0.0,0.0,0.009104151,0.0,0.0,0.0,0.0,0.0,0.002184996,0.0,0.0,0.0,0.0,0.0,0.0,0.0,0.0,0.0,0.000485555,0.0,0.0,0.0,0.0,0.0,0.0,0.0,0.0,0.0,0.000121389,0.0,0.0,0.0,0.0,0.0,0.0,0.0,0.0,0.0,0.0,0.0,0.0,0.0,0.000971109,0.001578053,0.004127215,0.0,0.0,0.0,0.004734159,0.0,0.000364166,0.0,0.011774703,0.0,0.0,0.0,0.0,0.0,0.0,0.0,0.0,0.0,0.0,0.003156106,0.0,0.0,0.0,0.0,0.0,0.0,0.0,0.0,0.0,0.0,0.001335276,0.0,0.0,0.000242777,0.0,0.0,0.0,0.0,0.0,0.0,0.012624423,0.0,0.0,0.0,0.0,0.0,0.0,0.0,0.0,0.0,0.0,0.0,0.0,0.0,0.0,0.0,0.0,0.0,0.0,0.0,0.0,0.0,0.0,0.0,0.0,0.0,0.0,0.0,0.0,0.0,0.0,0.0,0.0,0.0,0.0,0.0,0.0,0.0,0.0,0.0,0.0,0.0,0.0,0.0,0.0,0.0,0.0,0.0,0.0,0.0,0.0,0.0,0.0,0.0,0.0,0.0,0.0,0.0,0.000728332,0.0,0.0,0.0,0.0,0.0,0.0,0.0,0.0,0.0,0.0,0.0,0.0,0.0,0.0,0.0,0.0,0.0,0.0,0.0,0.0,0.0,0.0,0.0,0.0,0.0,0.0,0.0,0.0,0.0,0.0,0.0,0.0,0.0,0.0,0.0,0.0,0.0,0.0,0.0,0.0,0.0,0.0,0.0,0.0,0.0,0.0,0.0,0.0,0.000364166,0.0,0.0,0.0,0.0,0.0,0.0,0.0,0.0,0.0,0.0,0.0,0.0,0.0,0.0,0.0,0.0,0.0,0.0,0.0,0.0,0.0,0.0,0.000728332,0.0,0.006069434,0.0,0.0,0.005948046,0.0,0.0,0.0,0.0,0.0,0.0,0.0,0.0,0.0,0.006676378,0.0,0.0,0.0,0.0,0.0,0.0,0.0,0.0,0.0,0.0,0.0,0.0,0.0,0.0,0.0,0.0,0.0,0.0,0.0,0.0,0.0,0.0,0.0,0.0,0.0,0.0,0.0,0.0,0.0,0.0,0.0,0.0,0.0,0.0,0.0,0.0,0.0,0.0,0.000242777,0.0,0.0,0.0,0.0,0.0,0.0,0.0,0.0,0.0,0.0,0.0,0.0,0.0,0.0,0.0,0.0,0.0,0.0,0.0,0.0,0.0,0.0,0.0,0.0,0.0,0.0,0.0,0.0,0.0,0.0,0.0,0.0,0.0,0.0,0.0,0.0,0.0,0.0,0.0,0.0,0.0,0.0,0.0,0.0,0.0,0.0,0.0,0.0,0.0,0.0,0.0,0.0,0.0,0.0,0.004248604,0.0,0.0,0.0,0.0,0.0,0.0,0.0,0.0,0.0,0.0,0.0,0.0,0.0,0.0,0.0,0.0,0.0,0.0,0.0,0.0,0.0,0.0,0.0,0.0,0.0,0.0,0.0,0.0,0.0,0.0,0.0,0.0,0.0,0.0,0.0,0.0,0.0,0.0,0.0,0.0,0.0,0.0,0.0,0.0,0.0,0.0,0.0,0.0,0.0,0.0,0.0,0.0,0.0,0.025613013,0.0,0.0,0.0,0.0,0.0,0.0,0.0,0.0,0.0,0.0,0.0,0.0,0.0,0.0,0.0,0.0,0.0,0.002063608,0.003277495,0.000606943,0.0,0.000242777,0.0,0.0,0.0,0.0,0.0,0.0,0.0,0.0,0.0
69,0.0,0.0,0.0,0.0,0.0,0.0,0.0,0.0,0.0,0.0,0.0,0.0,0.001213887,0.0,0.0,0.0,0.0,0.0,0.0,0.000242777,0.0,0.0,0.0,0.0,0.0,0.0,0.0,0.0,0.0,0.0,0.0,0.0,0.0,0.0,0.0,0.0,0.000971109,0.0,0.0,0.0,0.0,0.0,0.0,0.0,0.0,0.0,0.0,0.0,0.0,0.0,0.0,0.0,0.0,0.0,0.0,0.0,0.0,0.0,0.0,0.003277495,0.000242777,0.0,0.0,0.0,0.0,0.0,0.0,0.01019665,0.001213887,0.0,0.0,0.0,0.0,0.0,0.0,0.0,0.0,0.0,0.002306385,0.0,0.005341102,0.0,0.0,0.0,0.0,0.0,0.0,0.034474387,0.0,0.0,0.0,0.0,0.0,0.0,0.0,0.0,0.0,0.000606943,0.0,0.0,0.0,0.0,0.0,0.0,0.000364166,0.0,0.0,0.0,0.0,0.0,0.0,0.0,0.0,0.0,0.0,0.0,0.0,0.0,0.0,0.0,0.0,0.0,0.014445254,0.0,0.0,0.000121389,0.0,0.0,0.0,0.000121389,0.0,0.201383831,0.0,0.0,0.017965526,0.0,0.007040544,0.0,0.0,0.0,0.0,0.000242777,0.000364166,0.008011653,0.356397184,0.019300801,0.0,0.051954358,0.004369993,0.014930808,0.031075504,0.0,0.0,0.0,0.0064336,0.0,0.001942219,0.0,0.0,0.0,0.0,0.001699442,0.000121389,0.0,0.002549162,0.0,0.000849721,0.0,0.0,0.0,0.0,0.0,0.0,0.0,0.000364166,0.000606943,0.0,0.001092498,0.0,0.004491381,0.001335276,0.001456664,0.000485555,0.0,0.0,0.0,0.0,0.0,0.0,0.0,0.0,0.0,0.0,0.0,0.0,0.0,0.0,0.0,0.002184996,0.0,0.0,0.0,0.0,0.0,0.0,0.0,0.0,0.0,0.0,0.0,0.0,0.0,0.0,0.0,0.0,0.0,0.0,0.0,0.0,0.0,0.0,0.0,0.0,0.0,0.0,0.0,0.0,0.0,0.0,0.0,0.0,0.0,0.0,0.0,0.0,0.0,0.0,0.0,0.0,0.0,0.0,0.0,0.000606943,0.0,0.0,0.0,0.0,0.0,0.000242777,0.0,0.0,0.0,0.0,0.0,0.0,0.0,0.000364166,0.0,0.000121389,0.000121389,0.0,0.0,0.0,0.0,0.0,0.0,0.0,0.0,0.0,0.0,0.0,0.0,0.0,0.0,0.0,0.0,0.0,0.0,0.0,0.0,0.0,0.0,0.0,0.0,0.0,0.0,0.001092498,0.000121389,0.0,0.0,0.0,0.0,0.0,0.0,0.0,0.0,0.0,0.0,0.002184996,0.0,0.003156106,0.0,0.0,0.0,0.0,0.0,0.0,0.0,0.0,0.0,0.0,0.0,0.000242777,0.0,0.0,0.0,0.011531925,0.002063608,0.0,0.0,0.0,0.0,0.0,0.0,0.0,0.0,0.0,0.0,0.0,0.000485555,0.0,0.0,0.0,0.0,0.0,0.0,0.0,0.0,0.0,0.000242777,0.0,0.0,0.0,0.0,0.0,0.0,0.0,0.0,0.0,0.0,0.0,0.0,0.0,0.0,0.0,0.000364166,0.0,0.0,0.0,0.0,0.0,0.0,0.0,0.0,0.0,0.0,0.0,0.0,0.000121389,0.0,0.0,0.0,0.0,0.0,0.0,0.0,0.0,0.0,0.0,0.002063608,0.0,0.000364166,0.0,0.0,0.0,0.001092498,0.0,0.000364166,0.0,0.000242777,0.0,0.0,0.0,0.000728332,0.0,0.000364166,0.0,0.000364166,0.0,0.0,0.001942219,0.0,0.004491381,0.0,0.0,0.0,0.0,0.0,0.0,0.0,0.0,0.0,0.0,0.0,0.0,0.0,0.0,0.000121389,0.002670551,0.0,0.0,0.008497208,0.0,0.000121389,0.0,0.0,0.000242777,0.0,0.0,0.0,0.0,0.0,0.0,0.0,0.0,0.0,0.0,0.0,0.0,0.000121389,0.0,0.0,0.0,0.0,0.0,0.0,0.0,0.0,0.0,0.000242777,0.000364166,0.0,0.0,0.0,0.0,0.0,0.0,0.0,0.0,0.0,0.0,0.0,0.0,0.0,0.0,0.0,0.0,0.0,0.0,0.0,0.0,0.0,0.0,0.0,0.0,0.0,0.0,0.0,0.0,0.000121389,0.0,0.0,0.0,0.0,0.0,0.016023307,0.0,0.0,0.0,0.0,0.0,0.003398883,0.000606943,0.0,0.0,0.0,0.0,0.001335276,0.0,0.0,0.0,0.0,0.0,0.0,0.0,0.0,0.000121389,0.0,0.0,0.021728575,0.0,0.0,0.0,0.0,0.013231367,0.0,0.0,0.0,0.006676378,0.000971109,0.0,0.0,0.0,0.0,0.000121389,0.0,0.0,0.0,0.0,0.0,0.000242777,0.0,0.0,0.0,0.0,0.0,0.0,0.0,0.0,0.0,0.0,0.0,0.000121389,0.0,0.0,0.0,0.0,0.0,0.0,0.0,0.0,0.0,0.0,0.0,0.0,0.0,0.0,0.0,0.002427774,0.0,0.0,0.0,0.0,0.0,0.0,0.0,0.0,0.0,0.0,0.0,0.0,0.0,0.0,0.0,0.0,0.0,0.0,0.0,0.0,0.0,0.0,0.0,0.0,0.036173829,0.0,0.0,0.000364166,0.0,0.0,0.0,0.0,0.0,0.0,0.0,0.0,0.0,0.0,0.0,0.0,0.0,0.0,0.0,0.0,0.0,0.0,0.000121389,0.0,0.0,0.0,0.0,0.0,0.0,0.0,0.0,0.0,0.0,0.0,0.0,0.0,0.0,0.0,0.0,0.0,0.0,0.0,0.0,0.0,0.0,0.0,0.0,0.0,0.0,0.0,0.0,0.0,0.0,0.0,0.0,0.0,0.0,0.000242777,0.0,0.0,0.00558388,0.0,0.0,0.0,0.0,0.0,0.0,0.007890265,0.0,0.0,0.0,0.000364166,0.0,0.0,0.000121389,0.0,0.000121389,0.0,0.0,0.0,0.000121389,0.0,0.000242777,0.0,0.0,0.0,0.0,0.0,0.0,0.0,0.0,0.0,0.0,0.0,0.0,0.0,0.0,0.0,0.0,0.0,0.0,0.0,0.0,0.0,0.0,0.0,0.0,0.0,0.0,0.0,0.0,0.0,0.0,0.0,0.0,0.0,0.0,0.0,0.001213887,0.0,0.0,0.0,0.001213887,0.0,0.0,0.010682204,0.0,0.0,0.0,0.0,0.0,0.0,0.0,0.0,0.0,0.0,0.0,0.006676378,0.0,0.000242777,0.0,0.0,0.0,0.0,0.0,0.0,0.0,0.0,0.0,0.0,0.0,0.000242777,0.0,0.0,0.0,0.0,0.0,0.0,0.0,0.0,0.0,0.0,0.0
70,0.0,0.000606943,0.0,0.0,0.0,0.0,0.000849721,0.0,0.0,0.0,0.013595533,0.004369993,0.0,0.012381646,0.0,0.000364166,0.015173586,0.0,0.0,0.000121389,0.0,0.0,0.018572469,0.013109978,0.0,0.0,0.0,0.000849721,0.0,0.0,0.0,0.000849721,0.0,0.0,0.0,0.0,0.006069434,0.0,0.0,0.0,0.0,0.0,0.0,0.0,0.0,0.0,0.0,0.0,0.0,0.0,0.0,0.0,0.0,0.0,0.0,0.0,0.0,0.0,0.0,0.00279194,0.0,0.0,0.0,0.0,0.00182083,0.0,0.0,0.003641661,0.0,0.001335276,0.0,0.019664967,0.0,0.0,0.0,0.0,0.004369993,0.0,0.0,0.0,0.009468318,0.0,0.007890265,0.0,0.0,0.0,0.0,0.0,0.0,0.0,0.0,0.0,0.0,0.0,0.0,0.0,0.0,0.000485555,0.0,0.0,0.0,0.0,0.0,0.0,0.000242777,0.0,0.0,0.0,0.0,0.0,0.0,0.000121389,0.000242777,0.0,0.0,0.0,0.002670551,0.0,0.0,0.0,0.0,0.0,0.027919398,0.0,0.0,0.0,0.0,0.0,0.0,0.002184996,0.0,0.003398883,0.0,0.0,0.0,0.0,0.0,0.0,0.0,0.000849721,0.0,0.0,0.000242777,0.000971109,0.0,0.0,0.0,0.000485555,0.0,0.029497451,0.003641661,0.0,0.008861374,0.0,0.0,0.0,0.0,0.0,0.0,0.0,0.0,0.0,0.000121389,0.0,0.001942219,0.0,0.003277495,0.0,0.0,0.0,0.0,0.0,0.0,0.0,0.000121389,0.000606943,0.0,0.0,0.0,0.0,0.0,0.0,0.0,0.0,0.0,0.0,0.0,0.0,0.0,0.0,0.0,0.0,0.000485555,0.0,0.0,0.0,0.0,0.0,0.000121389,0.0,0.0,0.000242777,0.002427774,0.01480942,0.0,0.013231367,0.0,0.0,0.0,0.0,0.000849721,0.002549162,0.0,0.0,0.0,0.0,0.0,0.0,0.0,0.003641661,0.0,0.0,0.0,0.0,0.0,0.0,0.0,0.000606943,0.0,0.0,0.0,0.0,0.0,0.0,0.0,0.0,0.0,0.0,0.0,0.0,0.000121389,0.0,0.0,0.0,0.0,0.0,0.000485555,0.0,0.003398883,0.0,0.0,0.0,0.0,0.0,0.001335276,0.0,0.0,0.0,0.0,0.0,0.0,0.0,0.000728332,0.0,0.0,0.0,0.0,0.0,0.0,0.0,0.0,0.0,0.002184996,0.0,0.0,0.0,0.0,0.0,0.000121389,0.0,0.001213887,0.0,0.000364166,0.0,0.0,0.0,0.008739985,0.002306385,0.0,0.0,0.0,0.0,0.0,0.0,0.0,0.001092498,0.0,0.0,0.0,0.000121389,0.027433843,0.0,0.000849721,0.0,0.0,0.0,0.0,0.0,0.0,0.0,0.0,0.0,0.000364166,0.353848021,0.0,0.0,0.025613013,0.0,0.0,0.0,0.0,0.0,0.0,0.0,0.0,0.004369993,0.0,0.0,0.0,0.0,0.0,0.0,0.0,0.0,0.0,0.0,0.0,0.0,0.0,0.0,0.000485555,0.0,0.0,0.0,0.0,0.0,0.0,0.0,0.0,0.0,0.0,0.0,0.0,0.0,0.0,0.001699442,0.0,0.0,0.0,0.001456664,0.0,0.0,0.0,0.0,0.0,0.0,0.0,0.0,0.005219714,0.0,0.0,0.0,0.0,0.0,0.0,0.0,0.0,0.0,0.0,0.000606943,0.0,0.0,0.0,0.0,0.0,0.0,0.0,0.000485555,0.0,0.000849721,0.0,0.0,0.0,0.000121389,0.0,0.0,0.0,0.000242777,0.0,0.0,0.0,0.0,0.013595533,0.0,0.000485555,0.0,0.001213887,0.0,0.0,0.0,0.0,0.0,0.0,0.0,0.0,0.0,0.0,0.0,0.0,0.0,0.0,0.000728332,0.0,0.000364166,0.0,0.0,0.000606943,0.0,0.0,0.0,0.0,0.000121389,0.001092498,0.0,0.0,0.0,0.000121389,0.0,0.0,0.0,0.0,0.0,0.000485555,0.0,0.0,0.000121389,0.0,0.0,0.0,0.0,0.000242777,0.0,0.0,0.0,0.0,0.0,0.0,0.0,0.0,0.0,0.0,0.0,0.0,0.0,0.0,0.000364166,0.0,0.0,0.0,0.0,0.0,0.0,0.0,0.0,0.0,0.0,0.000728332,0.0,0.0,0.000121389,0.0,0.0,0.0,0.000971109,0.0,0.0,0.0,0.0,0.000242777,0.0,0.0,0.000849721,0.0,0.0,0.0,0.0,0.0,0.000121389,0.0,0.001092498,0.0,0.0,0.0,0.0,0.0,0.0,0.002549162,0.0,0.002670551,0.054017966,0.0,0.0,0.0,0.028283564,0.002063608,0.0,0.0,0.0,0.001092498,0.004127215,0.0,0.0,0.0,0.0,0.005219714,0.0,0.0,0.0,0.00558388,0.000606943,0.0,0.0,0.0,0.0,0.0,0.003277495,0.000242777,0.0,0.005341102,0.0,0.0,0.0,0.003884438,0.0,0.000242777,0.000364166,0.0,0.0,0.0,0.0,0.0,0.000485555,0.0,0.0,0.0,0.0,0.0,0.0,0.002549162,0.0,0.0,0.0,0.0,0.0,0.0,0.0,0.0,0.0,0.0,0.0,0.0,0.0,0.0,0.0,0.0,0.0,0.0,0.0,0.0,0.0,0.0,0.0,0.0,0.0,0.0,0.0,0.0,0.0,0.0,0.0,0.0,0.000849721,0.0,0.002063608,0.0,0.0,0.0,0.0,0.0,0.0,0.0,0.003034717,0.0,0.0,0.0,0.050254916,0.0,0.010075261,0.0,0.001092498,0.0,0.0,0.0,0.0,0.0,0.0,0.0,0.0,0.000121389,0.0,0.0,0.0,0.0,0.0,0.0,0.0,0.0,0.0,0.0,0.0,0.0,0.0,0.0,0.0,0.0,0.0,0.0,0.0,0.0,0.0,0.000606943,0.0,0.000728332,0.004734159,0.0,0.00279194,0.0,0.000121389,0.0,0.000485555,0.024884681,0.001578053,0.000121389,0.0,0.000485555,0.0,0.0,0.0,0.0,0.000242777,0.0,0.000121389,0.007768876,0.0,0.0,0.0,0.0,0.0,0.0,0.0,0.0,0.0,0.0,0.0,0.001942219,0.0,0.0,0.0,0.0,0.0,0.000121389,0.0,0.0,0.0,0.0,0.0,0.0,0.0,0.0,0.0,0.000121389,0.0,0.0,0.0,0.0,0.0,0.0,0.0,0.0,0.0,0.0,0.0,0.0,0.0,0.0,0.0,0.0,0.0,0.019907745,0.0,0.0,0.0,0.0,0.0,0.0,0.0,0.0,0.0,0.0,0.0,0.0,0.0,0.0,0.0,0.0,0.0,0.0,0.0,0.0,0.0,0.0,0.0,0.0,0.0,0.008739985,0.0,0.0,0.0,0.0,0.0,0.0,0.0,0.000121389,0.0,0.0,0.0
71,0.0,0.000242777,0.0,0.0,0.0,0.0,0.0,0.0,0.0,0.0,0.0,0.0,0.0,0.0,0.0,0.0,0.021971352,0.0,0.0,0.0,0.0,0.0,0.0,0.0,0.0,0.0,0.0,0.0,0.0,0.0,0.0,0.0,0.0,0.0,0.0,0.000485555,0.0,0.0,0.0,0.0,0.0,0.0,0.0,0.0,0.0,0.0,0.0,0.0,0.0,0.0,0.0,0.0,0.0,0.0,0.0,0.0,0.0,0.0,0.0,0.0,0.0,0.0,0.0,0.0,0.0,0.0,0.0,0.0,0.0,0.0,0.0,0.0,0.0,0.0,0.0,0.0,0.0,0.0,0.0,0.0,0.0,0.0,0.0,0.0,0.0,0.0,0.0,0.0,0.0,0.0,0.0,0.0,0.0,0.0,0.0,0.0,0.0,0.0,0.0,0.0,0.0,0.0,0.0,0.0,0.0,0.0,0.0,0.0,0.0,0.0,0.0,0.0,0.0,0.0,0.0,0.0,0.0,0.0,0.0,0.0,0.0,0.0,0.15246419,0.0,0.0,0.0,0.0,0.0,0.0,0.022335518,0.0,0.0,0.0,0.0,0.0,0.0,0.0,0.0,0.138140325,0.000121389,0.0,0.0,0.000121389,0.064214615,0.000364166,0.019179412,0.0,0.0,0.035202719,0.077445982,0.000121389,0.0,0.0,0.0,0.0,0.0,0.001456664,0.0,0.001092498,0.0,0.0,0.0,0.001335276,0.0,0.001335276,0.0,0.0,0.0,0.0,0.0,0.0,0.0,0.0,0.0,0.0,0.0,0.0,0.0,0.0,0.0,0.0,0.0,0.0,0.0,0.0,0.0,0.0,0.0,0.0,0.0,0.0,0.0,0.0,0.0,0.0,0.0,0.0,0.0,0.0,0.0,0.0,0.0,0.0,0.0,0.0,0.0,0.0,0.0,0.0,0.0,0.0,0.0,0.0,0.0,0.0,0.0,0.0,0.0,0.0,0.0,0.0,0.0,0.0,0.0,0.0,0.0,0.0,0.0,0.0,0.0,0.0,0.0,0.0,0.0,0.0,0.0,0.0,0.0,0.000364166,0.0,0.0,0.0,0.0,0.0,0.0,0.0,0.0,0.0,0.0,0.0,0.0,0.0,0.0,0.0,0.0,0.0,0.0,0.0,0.0,0.0,0.0,0.0,0.0,0.0,0.0,0.0,0.0,0.0,0.0,0.0,0.0,0.0,0.0,0.0,0.0,0.0,0.0,0.0,0.0,0.0,0.0,0.000121389,0.0,0.0,0.0,0.0,0.0,0.0,0.0,0.0,0.0,0.0,0.0,0.0,0.0,0.0,0.0,0.0,0.0,0.0,0.001092498,0.0,0.0,0.0,0.0,0.0,0.0,0.000242777,0.0,0.0,0.0,0.0,0.0,0.009953872,0.0,0.0,0.000121389,0.0,0.0,0.0,0.0,0.0,0.0,0.0,0.0,0.0,0.0,0.0,0.0,0.002306385,0.001699442,0.0,0.0,0.0,0.0,0.0,0.0,0.0,0.0,0.0,0.0,0.0,0.0,0.0,0.0,0.006797766,0.0,0.0,0.0,0.0,0.0,0.0,0.0,0.0,0.0,0.006676378,0.0,0.0,0.0,0.0,0.0,0.0,0.0,0.0,0.0,0.000849721,0.0,0.0,0.0,0.0,0.0,0.0,0.0,0.0,0.0,0.0,0.0,0.0,0.0,0.318159748,0.0,0.007890265,0.000121389,0.0,0.0,0.0,0.0,0.002670551,0.0,0.023670794,0.0,0.0,0.0,0.0,0.0,0.0,0.0,0.0,0.0,0.0,0.000242777,0.0,0.0,0.0,0.0,0.0,0.0,0.0,0.0,0.0,0.0,0.0,0.0,0.0,0.0,0.0,0.0,0.0,0.0,0.0,0.0,0.0,0.0,0.0,0.0,0.0,0.0,0.0,0.0,0.000606943,0.0,0.0,0.0,0.000242777,0.0,0.0,0.0,0.0,0.0,0.0,0.0,0.0,0.0,0.0,0.0,0.0,0.0,0.0,0.0,0.0,0.0,0.0,0.0,0.0,0.0,0.0,0.0,0.0,0.0,0.0,0.0,0.0,0.0,0.0,0.0,0.0,0.0,0.0,0.0,0.0,0.014688031,0.0,0.0,0.0,0.0,0.0,0.0,0.0,0.0,0.0,0.0,0.0,0.0,0.0,0.0,0.0,0.0,0.0,0.0,0.000242777,0.0,0.0,0.0,0.0,0.0,0.0,0.0,0.0,0.0,0.0,0.0,0.0,0.0,0.0,0.0,0.0,0.0,0.0,0.0,0.0,0.0,0.0,0.0,0.0,0.0,0.0,0.0,0.0,0.0,0.0,0.0,0.0,0.0,0.0,0.0,0.0,0.0,0.0,0.0,0.0,0.0,0.0,0.0,0.0,0.0,0.0,0.0,0.0,0.0,0.0,0.0,0.0,0.0,0.0,0.0,0.0,0.0,0.0,0.0,0.0,0.0,0.0,0.0,0.0,0.0,0.0,0.00461277,0.0,0.0,0.0,0.0,0.0,0.0,0.0,0.0,0.0,0.0,0.0,0.0,0.0,0.0,0.0,0.0,0.0,0.0,0.0,0.0,0.0,0.0,0.0,0.0,0.0,0.0,0.0,0.0,0.0,0.0,0.0,0.0,0.0,0.0,0.0,0.0,0.0,0.0,0.0,0.0,0.0,0.0,0.0,0.0,0.0,0.0,0.0,0.0,0.0,0.0,0.0,0.0,0.0,0.0,0.0,0.0,0.0,0.0,0.0,0.0,0.0,0.0,0.0,0.0,0.0,0.0,0.0,0.0,0.0,0.0,0.0,0.0,0.0,0.0,0.0,0.0,0.0,0.0,0.0,0.0,0.0,0.0,0.0,0.0,0.0,0.0,0.0,0.0,0.0,0.0,0.0,0.0,0.0,0.0,0.0,0.0,0.0,0.0,0.0,0.0,0.0,0.0,0.0,0.0,0.0,0.0,0.0,0.0,0.0,0.0,0.0,0.0,0.0,0.0,0.0,0.0,0.000728332,0.0,0.0,0.0,0.0,0.0,0.0,0.0,0.0,0.0,0.0,0.0,0.0,0.0,0.0,0.0,0.0,0.0,0.0,0.0,0.0,0.0,0.0,0.0,0.0,0.0,0.0,0.0,0.001335276,0.0,0.0,0.0,0.002427774,0.0,0.0,0.0,0.0,0.0,0.0,0.0,0.0,0.0,0.0,0.0,0.0,0.0,0.0,0.0,0.0,0.0,0.001942219,0.0,0.0,0.0,0.0,0.0,0.0,0.0,0.0,0.004855547,0.0,0.037994659,0.000849721,0.008861374,0.0,0.0,0.0,0.0,0.0,0.0,0.0,0.0,0.0
72,0.0,0.012138869,0.0,0.0,0.0,0.0,0.0,0.0,0.0,0.0,0.0,0.0,0.0,0.0,0.0,0.0,0.0,0.0,0.0,0.001092498,0.0,0.0,0.0,0.0,0.0,0.0,0.0,0.0,0.0,0.0,0.0,0.0,0.0,0.0,0.0,0.025248847,0.003034717,0.0,0.0,0.0,0.0,0.0,0.0,0.0,0.0,0.0,0.0,0.0,0.0,0.0,0.0,0.0,0.0,0.0,0.0,0.0,0.0,0.0,0.0,0.0,0.0,0.0,0.0,0.0,0.0,0.0,0.0,0.0,0.0,0.0,0.0,0.0,0.0,0.0,0.0,0.0,0.0,0.0,0.0,0.0,0.0,0.0,0.0,0.0,0.0,0.0,0.0,0.0,0.0,0.0,0.0,0.0,0.0,0.0,0.0332605,0.0,0.0,0.0,0.0,0.0,0.0,0.0,0.0,0.0,0.0,0.0,0.0,0.0,0.0,0.0,0.0,0.0,0.0,0.0,0.0,0.0,0.0,0.0,0.0,0.0,0.0,0.0,0.0,0.0,0.0,0.0,0.0,0.0,0.0,0.0,0.0,0.0,0.0,0.0,0.0,0.0,0.0,0.0,0.0,0.0,0.0,0.0,0.0,0.0,0.0,0.0,0.0,0.0,0.000485555,0.0,0.000121389,0.0,0.0,0.0,0.0,0.0,0.000121389,0.0,0.0,0.000364166,0.0,0.006069434,0.0,0.0,0.013716922,0.000849721,0.0,0.0,0.0,0.0,0.0,0.0,0.0,0.0,0.0,0.0,0.0,0.0,0.0,0.0,0.0,0.0,0.0,0.0,0.0,0.0,0.000606943,0.002427774,0.0,0.0,0.0,0.0,0.0,0.0,0.0,0.0,0.0,0.0,0.0,0.0,0.0,0.0,0.0,0.0,0.0,0.0,0.0,0.0,0.0,0.0,0.0,0.0,0.0,0.0,0.0,0.0,0.0,0.001335276,0.0,0.0,0.0,0.0,0.0,0.0,0.0,0.0,0.0,0.0,0.0,0.0,0.0,0.0,0.0,0.0,0.0,0.0,0.0,0.000971109,0.000971109,0.002670551,0.0,0.0,0.0,0.0,0.0,0.0,0.0,0.0,0.0,0.0,0.0,0.0,0.0,0.0,0.0,0.0,0.0,0.0,0.0,0.0,0.0,0.0,0.0,0.0,0.0,0.0,0.0,0.0,0.0,0.0,0.0,0.0,0.001699442,0.0,0.0,0.0,0.0,0.0,0.000485555,0.0,0.0,0.0,0.0,0.0,0.0,0.0,0.0,0.0,0.0,0.0,0.0,0.0,0.0,0.000121389,0.0,0.0,0.0,0.0,0.005826657,0.0,0.013595533,0.0,0.000728332,0.0,0.0,0.0,0.0,0.000728332,0.0,0.002427774,0.0,0.0,0.0,0.199198835,0.0,0.0,0.000606943,0.0,0.0,0.0,0.0,0.0,0.0,0.0,0.0,0.0,0.0,0.0,0.0,0.040543821,0.074775431,0.0,0.0,0.0,0.0,0.0,0.0,0.0,0.0,0.0,0.014323865,0.0,0.0,0.019664967,0.0,0.0,0.0,0.0,0.0,0.0,0.0,0.0,0.0,0.0,0.000242777,0.011167759,0.0,0.0,0.0,0.0,0.0,0.0,0.0,0.0,0.0,0.16266084,0.0,0.0,0.004369993,0.0,0.0,0.0,0.0,0.0,0.0,0.0,0.0,0.0,0.0,0.00182083,0.0,0.0,0.004976936,0.0,0.0,0.0,0.0,0.0,0.0,0.0,0.0,0.0,0.0,0.0,0.0,0.0,0.0,0.0,0.0,0.0,0.0,0.0,0.0,0.0,0.0,0.0,0.0,0.0,0.0,0.0,0.0,0.0,0.0,0.0,0.0,0.0,0.0,0.0,0.0,0.0,0.0,0.0,0.0,0.0,0.0,0.0,0.0,0.0,0.000242777,0.0,0.0,0.0,0.000364166,0.0,0.0,0.0,0.0,0.0,0.0,0.000364166,0.0,0.0,0.0,0.0,0.0,0.0,0.0,0.0,0.0,0.0,0.0,0.0,0.0,0.0,0.0,0.0,0.0,0.0,0.0,0.0,0.0,0.0,0.0,0.0,0.0,0.0,0.0,0.0,0.0,0.0,0.001335276,0.0,0.0,0.0,0.0,0.0,0.0,0.0,0.0,0.0,0.0,0.0,0.0,0.0,0.0,0.0,0.0,0.0,0.0,0.0,0.0,0.0,0.0,0.0,0.0,0.0,0.0,0.0,0.0,0.0,0.0,0.0,0.0,0.0,0.0,0.0,0.0,0.0,0.0,0.0,0.0,0.0,0.0,0.0,0.0,0.0,0.0,0.0,0.0,0.0,0.0,0.0,0.0,0.0,0.0,0.0,0.0,0.0,0.0,0.0,0.0,0.0,0.0,0.0,0.0,0.0,0.0,0.0,0.0,0.0,0.0,0.0,0.0,0.0,0.0,0.0,0.0,0.0,0.0,0.0,0.0,0.0,0.0,0.0,0.0,0.0,0.0,0.0,0.0,0.0,0.0,0.0,0.0,0.0,0.0,0.0,0.0,0.0,0.0,0.0,0.0,0.0,0.0,0.0,0.0,0.0,0.0,0.0,0.0,0.0,0.0,0.0,0.0,0.0,0.0,0.0,0.0,0.0,0.0,0.0,0.0,0.0,0.0,0.0,0.01104637,0.0,0.0,0.0,0.0,0.0,0.0,0.0,0.0,0.0,0.0,0.000606943,0.0,0.0,0.0,0.0,0.0,0.0,0.0,0.0,0.0,0.005826657,0.0,0.0,0.0,0.0,0.0,0.0,0.0,0.0,0.0,0.0,0.0,0.0,0.0,0.0,0.0,0.0,0.0,0.0,0.0,0.0,0.0,0.0,0.0,0.0,0.0,0.0,0.0,0.008011653,0.0,0.0,0.0,0.0,0.0,0.0,0.0,0.0,0.0,0.0,0.0,0.0,0.0,0.000242777,0.0,0.0,0.0,0.0,0.0,0.0,0.0,0.0,0.0,0.0,0.0,0.0,0.0,0.0,0.0,0.0,0.0,0.0,0.0,0.0,0.0,0.0,0.0,0.0,0.0,0.0,0.0,0.0,0.0,0.0,0.0,0.0,0.0,0.000121389,0.0,0.0,0.0,0.0,0.0,0.0,0.0,0.0,0.0,0.002427774,0.0,0.0,0.0,0.00182083,0.0,0.0,0.0,0.0,0.0,0.0,0.0,0.0,0.0,0.0,0.0,0.0,0.0,0.0,0.0,0.0,0.0,0.0,0.0,0.000242777,0.0,0.0,0.0,0.0,0.0,0.0,0.0,0.0,0.300922554,0.0,0.000971109,0.0,0.0,0.0,0.0,0.0,0.0,0.0,0.0,0.0
73,0.0,0.0,0.0,0.0,0.0,0.0,0.000242777,0.0,0.0,0.0,0.005462491,0.003763049,0.0,0.000121389,0.0,0.0,0.003034717,0.0,0.0,0.0,0.0,0.0,0.000606943,0.0,0.0,0.0,0.000121389,0.000121389,0.0,0.0,0.0,0.0,0.0,0.0,0.0,0.0,0.000606943,0.0,0.0,0.0,0.0,0.0,0.0,0.0,0.0,0.0,0.0,0.0,0.0,0.0,0.0,0.0,0.0,0.0,0.0,0.0,0.0,0.0,0.0,0.001092498,0.0,0.0,0.0,0.0,0.0,0.0,0.0,0.0,0.0,0.000971109,0.0,0.000121389,0.0,0.000121389,0.0,0.0,0.0,0.0,0.000485555,0.0,0.0,0.0,0.060451566,0.0,0.0,0.0,0.0,0.003884438,0.0,0.0,0.0,0.0,0.0,0.0,0.0,0.0,0.0,0.0,0.0,0.0,0.0,0.0,0.0,0.0,0.0,0.0,0.000242777,0.000121389,0.0,0.0,0.0,0.0,0.0,0.0,0.0,0.0,0.0,0.0,0.0,0.000242777,0.0,0.0,0.016873027,0.015780529,0.0,0.0,0.0,0.0,0.000121389,0.0,0.0,0.0,0.0,0.0,0.000121389,0.0,0.0,0.0,0.0,0.000121389,0.0,0.0,0.0,0.000971109,0.0,0.0,0.0,0.0,0.000242777,0.000485555,0.0,0.0,0.000242777,0.0,0.0,0.0,0.000364166,0.0,0.0,0.0,0.0,0.0,0.000121389,0.0,0.000728332,0.0,0.0,0.0,0.0,0.0,0.0,0.0,0.0,0.0,0.0,0.0,0.0,0.0,0.0,0.000121389,0.0,0.001942219,0.0,0.0,0.0,0.0,0.0,0.0,0.0,0.0,0.0,0.0,0.0,0.0,0.0,0.0,0.0,0.0,0.000485555,0.0,0.0,0.0,0.000242777,0.0,0.0,0.0,0.0,0.0,0.0,0.000121389,0.0,0.0,0.0,0.0,0.000121389,0.0,0.0,0.01845108,0.0,0.000242777,0.0,0.0,0.0,0.0,0.000364166,0.0,0.000364166,0.0,0.0,0.0,0.0,0.0,0.0,0.0,0.0,0.0,0.0,0.0,0.001092498,0.0,0.0,0.0,0.000849721,0.0,0.0,0.0,0.0,0.0,0.0,0.0,0.0,0.0,0.0,0.0,0.0,0.0,0.0,0.0,0.002184996,0.0,0.000242777,0.0,0.0,0.0,0.0,0.0,0.0,0.0,0.0,0.0,0.0,0.0,0.0,0.0,0.0,0.001578053,0.0,0.0,0.0,0.0,0.016266084,0.0,0.0,0.0,0.0,0.0,0.000485555,0.0,0.0,0.0,0.0,0.0,0.0,0.0,0.0,0.0,0.0,0.0,0.0,0.0,0.002913328,0.0,0.0,0.0,0.0,0.0,0.0,0.0,0.0,0.0,0.0,0.0,0.0,0.016144695,0.0,0.0,0.004127215,0.0,0.0,0.0,0.0,0.0,0.0,0.0,0.0,0.0,0.0,0.0,0.0,0.0,0.0,0.0,0.0,0.0,0.0,0.0,0.0,0.0,0.0,0.0,0.0,0.0,0.0,0.0,0.0,0.0,0.0,0.0,0.0,0.0,0.0,0.0,0.0,0.0,0.0,0.000849721,0.0,0.0,0.0,0.000485555,0.0,0.0,0.0,0.0,0.0,0.0,0.0,0.0,0.0,0.0,0.0,0.0,0.0,0.0,0.0,0.0,0.0,0.0,0.0,0.000121389,0.0,0.0,0.0,0.0,0.0,0.0,0.0,0.0,0.0,0.00182083,0.0,0.000121389,0.0,0.0,0.0,0.0,0.0,0.0,0.0,0.0,0.0,0.0,0.001213887,0.0,0.0,0.0,0.0,0.0,0.0,0.0,0.0,0.0,0.000121389,0.0,0.0,0.0,0.0,0.0,0.000121389,0.0,0.0,0.001092498,0.0,0.0,0.0,0.000242777,0.0,0.0,0.0,0.0,0.0,0.0,0.0,0.0,0.0,0.0,0.0,0.0,0.0,0.0,0.0,0.0,0.0,0.0,0.0,0.0,0.0,0.0,0.002913328,0.0,0.0,0.0,0.0,0.0,0.0,0.0,0.0,0.0,0.0,0.0,0.0,0.0,0.0,0.0,0.0,0.0,0.0,0.0,0.0,0.0,0.0,0.0,0.0,0.0,0.0,0.0,0.0,0.0,0.0,0.000364166,0.0,0.0,0.0,0.0,0.0,0.0,0.0,0.0,0.0,0.0,0.0,0.0,0.0,0.0,0.0,0.0,0.0,0.0,0.0,0.000728332,0.0,0.0,0.0,0.0,0.0,0.0,0.0,0.0,0.0,0.019664967,0.0,0.000121389,0.0,0.004127215,0.003156106,0.001456664,0.0,0.0,0.003763049,0.000364166,0.0,0.0,0.0,0.0,0.000364166,0.0,0.000121389,0.0,0.000485555,0.0,0.0,0.0,0.0,0.0,0.0,0.000728332,0.000242777,0.0,0.000728332,0.0,0.0,0.0,0.000364166,0.0,0.0,0.0,0.0,0.0,0.000121389,0.0,0.0,0.0,0.0,0.0,0.0,0.0,0.0,0.0,0.00558388,0.0,0.004734159,0.000849721,0.0,0.0,0.0,0.0,0.0,0.0,0.0,0.0,0.0,0.0,0.0,0.0,0.0,0.0,0.0,0.0,0.0,0.0,0.0,0.0,0.0,0.0,0.0,0.0,0.0,0.0,0.0,0.0,0.0,0.0,0.0,0.0,0.024277737,0.11738286,0.0,0.0,0.0,0.0,0.0,0.002184996,0.0,0.0,0.0,0.467953387,0.009832484,0.001092498,0.07489682,0.0,0.0,0.0,0.0,0.0,0.0,0.0,0.0,0.0,0.0,0.0,0.033867444,0.0,0.0,0.0,0.0,0.0,0.0,0.0,0.0,0.0,0.0,0.0,0.0,0.0,0.0,0.0,0.0,0.0,0.001699442,0.0,0.000242777,0.0,0.0,0.001092498,0.000121389,0.0,0.0,0.0,0.000242777,0.0,0.0,0.0,0.0,0.0,0.000242777,0.0,0.0,0.0,0.0,0.0,0.002184996,0.000728332,0.001942219,0.0,0.0,0.001942219,0.000121389,0.0,0.0,0.000364166,0.0,0.0,0.0,0.0,0.000485555,0.000485555,0.0,0.0,0.0,0.0,0.0,0.0,0.0,0.0,0.0,0.0,0.0,0.0,0.0,0.0,0.0,0.0,0.0,0.0,0.0,0.0,0.0,0.0,0.0,0.0,0.0,0.000364166,0.0,0.0,0.0,0.00182083,0.0,0.0,0.000971109,0.0,0.0,0.0,0.0,0.000121389,0.0,0.0,0.0,0.001213887,0.0,0.0,0.0,0.0,0.0,0.0,0.0,0.000849721,0.0,0.0,0.0,0.0,0.0,0.0,0.0,0.0,0.00461277,0.0,0.003156106,0.0,0.0,0.0,0.0,0.0,0.0,0.0,0.0,0.0
74,0.0,0.0,0.0,0.0,0.0,0.0,0.0,0.0,0.0,0.0,0.028550601,0.0,0.0,0.0,0.0,0.0,0.001700887,0.0,0.0,0.0,0.0,0.0,0.0,0.000364476,0.004738185,0.0,0.000242984,0.0,0.0,0.0,0.0,0.002186855,0.0,0.0,0.0,0.0,0.000121492,0.0,0.0,0.0,0.0,0.0,0.0,0.0,0.0,0.0,0.0,0.0,0.0,0.0,0.0,0.0,0.0,0.0,0.0,0.0,0.0,0.0,0.0,0.001093427,0.0,0.0,0.0,0.0,0.0,0.0,0.0,0.000485968,0.0,0.0,0.0,0.0,0.0,0.0,0.0,0.0,0.0,0.0,0.004130725,0.0,0.004859677,0.003523266,0.0,0.0,0.0,0.0,0.0,0.006803548,0.0,0.0,0.0,0.0,0.0,0.0,0.0,0.0,0.0,0.00060746,0.0,0.0,0.0,0.0,0.0,0.00060746,0.0,0.0,0.0,0.0,0.0,0.0,0.0,0.0,0.0,0.0,0.0,0.0,0.0,0.0,0.0,0.0,0.0,0.002308346,0.001093427,0.013971571,0.0,0.0,0.0,0.0,0.0,0.007289515,0.0,0.0,0.0,0.0,0.016036934,0.0,0.0,0.0,0.0,0.0,0.0,0.0,0.0,0.040335318,0.064026242,0.003280282,0.0,0.0,0.001457903,0.045316486,0.163528125,0.000850443,0.006074596,0.0,0.0,0.0,0.003887741,0.0,0.00060746,0.0,0.0,0.000728952,0.000364476,0.0,0.004981169,0.0,0.0,0.0,0.0,0.0,0.0,0.0,0.0,0.0,0.0,0.000485968,0.0,0.0,0.0,0.001457903,0.0,0.000850443,0.000364476,0.0,0.0,0.0,0.0,0.0,0.0,0.000121492,0.0,0.0,0.0,0.0,0.0,0.0,0.0,0.0,0.000121492,0.0,0.0,0.0,0.006196088,0.0,0.00060746,0.0,0.0,0.0,0.0,0.0,0.0,0.001457903,0.0,0.0,0.0,0.0,0.0,0.0,0.0,0.016644393,0.0,0.0,0.0,0.0,0.0,0.000485968,0.0,0.0,0.0,0.0,0.0,0.0,0.0,0.0,0.0,0.0,0.0,0.0,0.0,0.0,0.0,0.0,0.000121492,0.0,0.0,0.0,0.0,0.0,0.000850443,0.0,0.0,0.0,0.0,0.0,0.0,0.0,0.0,0.0,0.000242984,0.0,0.004009233,0.0,0.0,0.0,0.0,0.0,0.0,0.0,0.0,0.000242984,0.0,0.0,0.0,0.0,0.0,0.0,0.0,0.0,0.141538088,0.0,0.0,0.0,0.0,0.065970113,0.0,0.0,0.000850443,0.000242984,0.0,0.0,0.002429838,0.000121492,0.0,0.0,0.0,0.0,0.0,0.0,0.000121492,0.0,0.000971935,0.0,0.0,0.0,0.0,0.0,0.0,0.0,0.0,0.0,0.0,0.0,0.0,0.0,0.0,0.0,0.024419876,0.00315879,0.0,0.0,0.0,0.0,0.0,0.0,0.0,0.0,0.0,0.0,0.0,0.0,0.0,0.0,0.0,0.0,0.0,0.0,0.0,0.0,0.0,0.000242984,0.0,0.0,0.0,0.0,0.0,0.0,0.0,0.0,0.0,0.0,0.0,0.0,0.0,0.0,0.0,0.0,0.0,0.0,0.0,0.001700887,0.0,0.000364476,0.0,0.0,0.0,0.0,0.0,0.0,0.0,0.0,0.0,0.0,0.0,0.0,0.0,0.0,0.0,0.0,0.0,0.003401774,0.0,0.00060746,0.0,0.0,0.0,0.0,0.0,0.0,0.0,0.001336411,0.0,0.0,0.0,0.0,0.0,0.0,0.000242984,0.0,0.0,0.0,0.000242984,0.0,0.018223788,0.0,0.0,0.0,0.0,0.0,0.0,0.0,0.000242984,0.00060746,0.0,0.0,0.0,0.0,0.0,0.0,0.000121492,0.0,0.0,0.00060746,0.0,0.0,0.0,0.0,0.0,0.0,0.000242984,0.0,0.0,0.0,0.0,0.0,0.0,0.0,0.0,0.0,0.0,0.000485968,0.0,0.0,0.0,0.0,0.00315879,0.0,0.0,0.0,0.0,0.0,0.0,0.0,0.0,0.0,0.0,0.0,0.0,0.0,0.0,0.0,0.0,0.0,0.00060746,0.0,0.0,0.000121492,0.000364476,0.0,0.0,0.020167659,0.0,0.0,0.0,0.0,0.0,0.000121492,0.0,0.0,0.0,0.002672822,0.0,0.0,0.0,0.000242984,0.0,0.0,0.0,0.0,0.0,0.0,0.0,0.004495201,0.0,0.0,0.0,0.0,0.0,0.00060746,0.0,0.000121492,0.0,0.0,0.0,0.0,0.0,0.0,0.000728952,0.0,0.0,0.011784716,0.0,0.0,0.0,0.006803548,0.00947637,0.000242984,0.0,0.0,0.000485968,0.00060746,0.0,0.0,0.0,0.0,0.000971935,0.0,0.0,0.0,0.001457903,0.0,0.0,0.0,0.0,0.0,0.0,0.0,0.0,0.0,0.001214919,0.0,0.0,0.0,0.0,0.0,0.0,0.000971935,0.0,0.0,0.0,0.0,0.0,0.0,0.0,0.0,0.0,0.0,0.0,0.000850443,0.008261451,0.0,0.001214919,0.0,0.0,0.0,0.0,0.0,0.0,0.0,0.000121492,0.0,0.0,0.0,0.0,0.0,0.0,0.0,0.0,0.0,0.0,0.0,0.0,0.0,0.0,0.0,0.0,0.0,0.0,0.0,0.0,0.0,0.0,0.0,0.0,0.0,0.002794314,0.00060746,0.0,0.0,0.0,0.001943871,0.0,0.0,0.0,0.0,0.0,0.0,0.0,0.0,0.0,0.0,0.0,0.0,0.0,0.0,0.0,0.0,0.0,0.0,0.0,0.0,0.010812781,0.0,0.003280282,0.0,0.0,0.0,0.0,0.0,0.0,0.0,0.0,0.0,0.0,0.0,0.0,0.0,0.001457903,0.0,0.017130361,0.0,0.0,0.0,0.0,0.0,0.009719354,0.001214919,0.0,0.000242984,0.000242984,0.0,0.078483781,0.0,0.00060746,0.0,0.002429838,0.000485968,0.0,0.0,0.0,0.000364476,0.0,0.000971935,0.012513668,0.0,0.0,0.0,0.0,0.0,0.0,0.0,0.0,0.000364476,0.0,0.015915442,0.0,0.0,0.0,0.0,0.0,0.0,0.0,0.0,0.0,0.0,0.0,0.0,0.0,0.0,0.0,0.0,0.0,0.0,0.0,0.0,0.0,0.0,0.0,0.0,0.0,0.0,0.0,0.001822379,0.0,0.0,0.0,0.004252217,0.0,0.0,0.013850079,0.0,0.0,0.0,0.0,0.0,0.000971935,0.0,0.0,0.0,0.0,0.0,0.0,0.0,0.0,0.000242984,0.0,0.0,0.0,0.0,0.0,0.0,0.0,0.0,0.0,0.0,0.0,0.0,0.0,0.0,0.0,0.0,0.0,0.0,0.000485968,0.0,0.0,0.0
75,0.0,0.000242777,0.0,0.0,0.0,0.0,0.0,0.0,0.0,0.0,0.0,0.0,0.0,0.0,0.0,0.0,0.0,0.0,0.0,0.0,0.0,0.0,0.0,0.0,0.0,0.0,0.0,0.0,0.0,0.0,0.0,0.0,0.0,0.0,0.0,0.0,0.0,0.0,0.0,0.0,0.0,0.0,0.0,0.0,0.0,0.0,0.0,0.0,0.0,0.0,0.0,0.0,0.0,0.000121389,0.0,0.000242777,0.0,0.0,0.0,0.0,0.0,0.0,0.000121389,0.0,0.0,0.0,0.0,0.0,0.0,0.0,0.0,0.0,0.0,0.0,0.0,0.0,0.0,0.0,0.0,0.0,0.0,0.0,0.0,0.0,0.0,0.0,0.0,0.0,0.0,0.0,0.0,0.0,0.0,0.0,0.0,0.0,0.0,0.0,0.0,0.0,0.0,0.0,0.0,0.0,0.0,0.0,0.0,0.0,0.0,0.0,0.0,0.0,0.0,0.0,0.0,0.0,0.0,0.0,0.0,0.0,0.0,0.0,0.0,0.0,0.0,0.0,0.0,0.0,0.0,0.0,0.0,0.0,0.0,0.0,0.0,0.0,0.0,0.0,0.0,0.0,0.0,0.0,0.0,0.0,0.0,0.0,0.0,0.0,0.121874241,0.0,0.0,0.0,0.0,0.0,0.0,0.0,0.0,0.0,0.0,0.0,0.003763049,0.064336004,0.0,0.0,0.001578053,0.0,0.000728332,0.0,0.0,0.0,0.0,0.0,0.0,0.0,0.0,0.0,0.0,0.0,0.0,0.0,0.0,0.0,0.0,0.0,0.0,0.0,0.0,0.000121389,0.0,0.0,0.0,0.0,0.0,0.0,0.0,0.0,0.0,0.0,0.0,0.0,0.0,0.0,0.0,0.0,0.0,0.0,0.0,0.0,0.0,0.0,0.0,0.0,0.0,0.0,0.0,0.0,0.0,0.000606943,0.0,0.0,0.0,0.0,0.0,0.0,0.0,0.0,0.0,0.0,0.0,0.0,0.0,0.0,0.0,0.0,0.0,0.0,0.0,0.0,0.000364166,0.000849721,0.0,0.0,0.0,0.0,0.0,0.0,0.0,0.0,0.0,0.0,0.0,0.0,0.0,0.0,0.0,0.0,0.0,0.0,0.0,0.0,0.0,0.0,0.0,0.0,0.0,0.0,0.0,0.0,0.0,0.0,0.0,0.0,0.0,0.0,0.0,0.0,0.0,0.0,0.0,0.0,0.0,0.0,0.0,0.0,0.0,0.0,0.0,0.0,0.0,0.0,0.0,0.0,0.0,0.0,0.0,0.0,0.0,0.0,0.002306385,0.0,0.00558388,0.0,0.029740228,0.0,0.0,0.0,0.0,0.000364166,0.0,0.0,0.0,0.0,0.0,0.015173586,0.0,0.0,0.0,0.0,0.0,0.0,0.0,0.0,0.0,0.0,0.0,0.0,0.0,0.0,0.0,0.0,0.0,0.0,0.0,0.0,0.0,0.0,0.0,0.0,0.0,0.0,0.0,0.0,0.0,0.001092498,0.0,0.0,0.0,0.0,0.0,0.0,0.000121389,0.0,0.0,0.0,0.001213887,0.056688517,0.0,0.0,0.0,0.0,0.0,0.0,0.0,0.0,0.0,0.0,0.0,0.0,0.000364166,0.0,0.0,0.0,0.0,0.0,0.0,0.0,0.0,0.0,0.0,0.0,0.0,0.002306385,0.0,0.0,0.0,0.0,0.0,0.0,0.0,0.010682204,0.0,0.0,0.0,0.0,0.001942219,0.0,0.0,0.0,0.0,0.0,0.0,0.0,0.0,0.0,0.0,0.0,0.0,0.0,0.0,0.0,0.0,0.0,0.0,0.0,0.0,0.0,0.0,0.0,0.0,0.0,0.0,0.0,0.0,0.0,0.0,0.0,0.0,0.0,0.293517844,0.002670551,0.0,0.0,0.018815246,0.0,0.0,0.003520272,0.0,0.0,0.0,0.0,0.0,0.0,0.0,0.0,0.0,0.001092498,0.0,0.0,0.0,0.0,0.000242777,0.000121389,0.0,0.0,0.0,0.0,0.0,0.0,0.0,0.0,0.0,0.0,0.0,0.0,0.0,0.0,0.0,0.0,0.0,0.0,0.004976936,0.0,0.0,0.0,0.0,0.0,0.0,0.0,0.0,0.0,0.0,0.0,0.0,0.0,0.0,0.0,0.0,0.0,0.0,0.0,0.000121389,0.0,0.0,0.0,0.0,0.0,0.0,0.0,0.0,0.0,0.0,0.0,0.0,0.0,0.0,0.0,0.0,0.0,0.0,0.0,0.0,0.0,0.0,0.0,0.0,0.0,0.0,0.0,0.0,0.0,0.0,0.0,0.0,0.0,0.0,0.0,0.0,0.0,0.0,0.0,0.0,0.0,0.0,0.0,0.0,0.0,0.0,0.0,0.0,0.0,0.0,0.0,0.0,0.0,0.0,0.0,0.0,0.0,0.0,0.0,0.0,0.0,0.0,0.0,0.0,0.0,0.0,0.0,0.0,0.0,0.0,0.0,0.0,0.0,0.0,0.0,0.0,0.0,0.0,0.0,0.0,0.0,0.0,0.0,0.0,0.0,0.0,0.0,0.0,0.0,0.0,0.0,0.0,0.0,0.0,0.0,0.0,0.0,0.0,0.0,0.0,0.0,0.0,0.0,0.0,0.0,0.0,0.0,0.0,0.0,0.0,0.0,0.0,0.0,0.0,0.0,0.0,0.0,0.0,0.0,0.038601602,0.0,0.000121389,0.0,0.0,0.0,0.0,0.0,0.0,0.0,0.0,0.0,0.0,0.0,0.0,0.0,0.0,0.0,0.0,0.0,0.0,0.0,0.0,0.0,0.0,0.0,0.0,0.0,0.0,0.0,0.0,0.0,0.0,0.0,0.0,0.0,0.0,0.002063608,0.0,0.0,0.0,0.0,0.0,0.0,0.0,0.0,0.0,0.0,0.0,0.0,0.0,0.0,0.0,0.0,0.0,0.0,0.0,0.0,0.0,0.0,0.0,0.0,0.0,0.0,0.0,0.0,0.0,0.0,0.0,0.0,0.0,0.0,0.0,0.0,0.0,0.000121389,0.0,0.0,0.0,0.0,0.0,0.0,0.0,0.0,0.0,0.000242777,0.0,0.0,0.0,0.0,0.0,0.019300801,0.0,0.000606943,0.0,0.025734402,0.0,0.0,0.0,0.0,0.0,0.0,0.0,0.0,0.0,0.0,0.0,0.0,0.0,0.0,0.0,0.0,0.0,0.0,0.0,0.0,0.0,0.0,0.0,0.0,0.0,0.0,0.0,0.0,0.210002428,0.0,0.05086186,0.004734159,0.0,0.0,0.0,0.0,0.0,0.0,0.0,0.0
76,0.0,0.0,0.0,0.0,0.0,0.0,0.000606943,0.0,0.0,0.0,0.0,0.0,0.0,0.0,0.0,0.0,0.0,0.0,0.0,0.0,0.0,0.0,0.0,0.000364166,0.0,0.000121389,0.0,0.000121389,0.0,0.0,0.0,0.0,0.0,0.0,0.0,0.0,0.009589706,0.0,0.0,0.0,0.0,0.0,0.0,0.0,0.0,0.0,0.0,0.0,0.0,0.0,0.0,0.0,0.0,0.0,0.000121389,0.0,0.0,0.0,0.0,0.0,0.000242777,0.0,0.0,0.0,0.02306385,0.0,0.0,0.015537752,0.0,0.0,0.0,0.00740471,0.0,0.0,0.0,0.001699442,0.000849721,0.000606943,0.001699442,0.0,0.0,0.0,0.0,0.000242777,0.0,0.0,0.0,0.0,0.0,0.0,0.0,0.0,0.0,0.0,0.0,0.0,0.0,0.000849721,0.0,0.0,0.0,0.0,0.0,0.0,0.0,0.0,0.0,0.0,0.0,0.0,0.0,0.0,0.0,0.000242777,0.0,0.0,0.0,0.0,0.0,0.0,0.0,0.0,0.0,0.0,0.0,0.0,0.0,0.0,0.0,0.003277495,0.0,0.0,0.0,0.0,0.0,0.0,0.0,0.0,0.760985676,0.0,0.0,0.0,0.0,0.001213887,0.001092498,0.0,0.0,0.000971109,0.002306385,0.01383831,0.005462491,0.0,0.000242777,0.0,0.0,0.0,0.000364166,0.0,0.0,0.0,0.001092498,0.004127215,0.0,0.0,0.000728332,0.0,0.0,0.0,0.0,0.0,0.0,0.0,0.0,0.0,0.0,0.0,0.0,0.000121389,0.0,0.001456664,0.0,0.0,0.0,0.0,0.0,0.0,0.0,0.0,0.0,0.0,0.0,0.0,0.0,0.0,0.0,0.0,0.0,0.0,0.0,0.0,0.0,0.0,0.000606943,0.0,0.000121389,0.000485555,0.0,0.0,0.0,0.0,0.000606943,0.0,0.0,0.0,0.0,0.0,0.0,0.0,0.0,0.0,0.009953872,0.0,0.0,0.0,0.0,0.0,0.0,0.0,0.000121389,0.0,0.0,0.0,0.0,0.0,0.0,0.0,0.0,0.0,0.0,0.0,0.0,0.0,0.0,0.0,0.0,0.0,0.0,0.0,0.000971109,0.0,0.0,0.0,0.0,0.0,0.009104151,0.0,0.0,0.0,0.0,0.000121389,0.0,0.0,0.0,0.0,0.0,0.0,0.0,0.0,0.0,0.0,0.0,0.0,0.000728332,0.0,0.0,0.0,0.0,0.0,0.0,0.0,0.0,0.0,0.0,0.0,0.0,0.0,0.0,0.0,0.0,0.0,0.0,0.0,0.0,0.0,0.000728332,0.001578053,0.0,0.0,0.000242777,0.0,0.001213887,0.0,0.000606943,0.0,0.0,0.0,0.0,0.0,0.0,0.0,0.0,0.0,0.0,0.046613256,0.0,0.0,0.002670551,0.0,0.0,0.0,0.0,0.0,0.0,0.0,0.000121389,0.0,0.0,0.0,0.0,0.0,0.0,0.0,0.0,0.0,0.0,0.0,0.0,0.0,0.0,0.0,0.0,0.0,0.0,0.0,0.0,0.0,0.0,0.0,0.0,0.0,0.0,0.0,0.0,0.0,0.0,0.0,0.0,0.0,0.0,0.0,0.0,0.0,0.0,0.0,0.0,0.0,0.000364166,0.000121389,0.0,0.0,0.0,0.0,0.0,0.0,0.0,0.0,0.0,0.0,0.0,0.000121389,0.0,0.004127215,0.0,0.0,0.0,0.0,0.0,0.0,0.0,0.0,0.0,0.0,0.0,0.0,0.0,0.0,0.0,0.0,0.0,0.0,0.0,0.0,0.000121389,0.0,0.0,0.0,0.0,0.0,0.0,0.0,0.0,0.0,0.0,0.0,0.0,0.0,0.0,0.0,0.000971109,0.0,0.0,0.001578053,0.0,0.0,0.0,0.0,0.0,0.0,0.0,0.0,0.0,0.0,0.000606943,0.0,0.0,0.0,0.0,0.0,0.0,0.0,0.0,0.0,0.0,0.0,0.0,0.0,0.0,0.0,0.0,0.0,0.0,0.0,0.0,0.0,0.0,0.0,0.0,0.0,0.0,0.0,0.0,0.0,0.0,0.0,0.0,0.0,0.0,0.0,0.0,0.0,0.0,0.0,0.0,0.0,0.0,0.0,0.0,0.0,0.0,0.0,0.0,0.0,0.0,0.0,0.0,0.0,0.0,0.0,0.0,0.0,0.0,0.007768876,0.0,0.0,0.0,0.0,0.0,0.000121389,0.0,0.0,0.0,0.0,0.0,0.0,0.0,0.0,0.0,0.0,0.000121389,0.00461277,0.0,0.0,0.0,0.001092498,0.0,0.0,0.0,0.0,0.0,0.000606943,0.0,0.0,0.0,0.0,0.0,0.0,0.0,0.0,0.000242777,0.0,0.0,0.0,0.0,0.0,0.0,0.0,0.000121389,0.0,0.000121389,0.0,0.0,0.0,0.0,0.0,0.0,0.0,0.0,0.0,0.0,0.0,0.0,0.0,0.0,0.0,0.0,0.000364166,0.0,0.0,0.003156106,0.0,0.0,0.0,0.0,0.0,0.0,0.0,0.0,0.0,0.0,0.0,0.0,0.0,0.0,0.0,0.0,0.0,0.0,0.0,0.0,0.0,0.0,0.0,0.0,0.0,0.0,0.0,0.006312212,0.0,0.0,0.0,0.0,0.0,0.0,0.0,0.0,0.0,0.0,0.0,0.0,0.0,0.0,0.0,0.0,0.0,0.0,0.005705268,0.0,0.0,0.000364166,0.0,0.0,0.0,0.0,0.0,0.0,0.0,0.0,0.002184996,0.0,0.0,0.0,0.0,0.0,0.0,0.0,0.0,0.0,0.0,0.0,0.0,0.0,0.0,0.0,0.0,0.0,0.0,0.0,0.0,0.0,0.0,0.000849721,0.0,0.0,0.0,0.0,0.0,0.0,0.0,0.0,0.0,0.0,0.0,0.0,0.0,0.0,0.0,0.0,0.0,0.0,0.002063608,0.001213887,0.0,0.000728332,0.000364166,0.0,0.000121389,0.0,0.0,0.0,0.0,0.0,0.0,0.0,0.0,0.0,0.000242777,0.0,0.0,0.0,0.0,0.0,0.0,0.0,0.0,0.0,0.0,0.0,0.0,0.0,0.0,0.0,0.0,0.0,0.0,0.0,0.0,0.0,0.0,0.0,0.0,0.0,0.0,0.0,0.0,0.0,0.0,0.0,0.0,0.000606943,0.0,0.0,0.0,0.0,0.0,0.000121389,0.0,0.0,0.0,0.0,0.0,0.0,0.0,0.0,0.010075261,0.0,0.0,0.000242777,0.0,0.0,0.0,0.0,0.0,0.005219714,0.0,0.0,0.0,0.0,0.0,0.0,0.0,0.0,0.0,0.0,0.0,0.0,0.0
77,0.0,0.0,0.0,0.0,0.0,0.0,0.0,0.0,0.0,0.0,0.0,0.0,0.0,0.0,0.0,0.0,0.0,0.0,0.0,0.001335276,0.0,0.0,0.0,0.0,0.0,0.0,0.0,0.0,0.0,0.0,0.0,0.0,0.0,0.0,0.0,0.000728332,0.002427774,0.0,0.0,0.0,0.0,0.0,0.0,0.0,0.0,0.0,0.0,0.0,0.0,0.0,0.0,0.0,0.0,0.0,0.0,0.0,0.0,0.0,0.0,0.0,0.0,0.0,0.0,0.0,0.0,0.0,0.0,0.0,0.000485555,0.0,0.0,0.004491381,0.0,0.0,0.0,0.001942219,0.0,0.0,0.002184996,0.0,0.001092498,0.0,0.0,0.0,0.0,0.0,0.0,0.0,0.0,0.0,0.0,0.0,0.0,0.0,0.0,0.0,0.0,0.0,0.0,0.0,0.0,0.0,0.0,0.0,0.0,0.0,0.0,0.0,0.0,0.0,0.0,0.0,0.0,0.0,0.0,0.0,0.0,0.0,0.0,0.0,0.0,0.0,0.009711095,0.0,0.0,0.0,0.0,0.0,0.0,0.008133042,0.0,0.000606943,0.000364166,0.0,0.0,0.0,0.0,0.0,0.0,0.0,0.0,0.031803836,0.0,0.0,0.0,0.0,0.0,0.038601602,0.032289391,0.024277737,0.064942947,0.004248604,0.0,0.0,0.0,0.0,0.014566642,0.0,0.001213887,0.0,0.0,0.0,0.0,0.0,0.006797766,0.0,0.0,0.0,0.0,0.0,0.0,0.0,0.0,0.0,0.0,0.000971109,0.0,0.0,0.0,0.0,0.0,0.0,0.0,0.0,0.0,0.0,0.0,0.0,0.0,0.0,0.0,0.0,0.000849721,0.0,0.0,0.0,0.0,0.0,0.0,0.0,0.0,0.0,0.011289148,0.0,0.0,0.000485555,0.0,0.0,0.0,0.0,0.0,0.0,0.0,0.0,0.0,0.0,0.0,0.0,0.0,0.0,0.000242777,0.0,0.0,0.0,0.0,0.0,0.0,0.0,0.0,0.0,0.0,0.0,0.0,0.0,0.0,0.0,0.0,0.0,0.003034717,0.0,0.0,0.0,0.0,0.0,0.0,0.0,0.0,0.0,0.0,0.0,0.0,0.0,0.0,0.0,0.0,0.0,0.0,0.0,0.0,0.0,0.0,0.0,0.0,0.0,0.0,0.0,0.0,0.0,0.0,0.0,0.0,0.0,0.0,0.0,0.0,0.0,0.0,0.0,0.040786599,0.0,0.0,0.0,0.0,0.011289148,0.0,0.0,0.0,0.0,0.0,0.0,0.0,0.0,0.0,0.0,0.0,0.001335276,0.0,0.0,0.0,0.0,0.004734159,0.0,0.0,0.0,0.0,0.0,0.0,0.00182083,0.0,0.0,0.0,0.0,0.0,0.152949745,0.0,0.0,0.120538966,0.0,0.0,0.000364166,0.0,0.0,0.0,0.0,0.0,0.0,0.0,0.000849721,0.0,0.005098325,0.0,0.0,0.0,0.0,0.0,0.0,0.0,0.0,0.0,0.00279194,0.0,0.0,0.0,0.0,0.0,0.0,0.0,0.0,0.0,0.0,0.0,0.0,0.0,0.0,0.000606943,0.0,0.0,0.0,0.0,0.0,0.0,0.0,0.0,0.0,0.0,0.0,0.0,0.0,0.0,0.0,0.0,0.0,0.0,0.001456664,0.0,0.0,0.0,0.0,0.0,0.002184996,0.0,0.003156106,0.0,0.003520272,0.0,0.0,0.0,0.0,0.0,0.011410537,0.0,0.0,0.0,0.0,0.0,0.0,0.0,0.0,0.0,0.0,0.002306385,0.0,0.047462976,0.000242777,0.0,0.0,0.0,0.0,0.0,0.0,0.0,0.0,0.0,0.0,0.0,0.0,0.0,0.0,0.0,0.0,0.0,0.001699442,0.0,0.0,0.0,0.0,0.0,0.0,0.0,0.0,0.0,0.0,0.0,0.0,0.0,0.0,0.0,0.0,0.0,0.0,0.0,0.0,0.0,0.0,0.0,0.0,0.0,0.0,0.0,0.0,0.0,0.0,0.0,0.0,0.0,0.0,0.0,0.0,0.0,0.0,0.0,0.0,0.0,0.0,0.0,0.0,0.0,0.0,0.0,0.0,0.0,0.0,0.0,0.0,0.0,0.0,0.0,0.0,0.0,0.007526099,0.0,0.0,0.0,0.0,0.0,0.0,0.0,0.0,0.0,0.0,0.0,0.0,0.0,0.0,0.0,0.0,0.0,0.002670551,0.0,0.0,0.0,0.0,0.0,0.0,0.0,0.0,0.0,0.0,0.0,0.053532411,0.0,0.0,0.0,0.021728575,0.0,0.0,0.0,0.0,0.0,0.0,0.0,0.0,0.0,0.0,0.0,0.0,0.0,0.0,0.0,0.0,0.0,0.0,0.0,0.0,0.0,0.0,0.0,0.0,0.0,0.0,0.0,0.0,0.0,0.0,0.0,0.0,0.0,0.0,0.0,0.0,0.0,0.0,0.0,0.0,0.0,0.0,0.0,0.0,0.000728332,0.0,0.0,0.0,0.0,0.0,0.0,0.0,0.0,0.0,0.0,0.0,0.0,0.0,0.0,0.0,0.0,0.0,0.0,0.0,0.0,0.0,0.0,0.0,0.0,0.0,0.0,0.0,0.0,0.0,0.0,0.0,0.0,0.0,0.0,0.0,0.0,0.0,0.0,0.0,0.0,0.0,0.0,0.0,0.0,0.0,0.0,0.0,0.0,0.0,0.0,0.0,0.0,0.0,0.0,0.0,0.0,0.0,0.0,0.0,0.0,0.0,0.0,0.0,0.0,0.0,0.0,0.0,0.002063608,0.0,0.0,0.0,0.0,0.0,0.0,0.0,0.0,0.0,0.0,0.0,0.0,0.0,0.001699442,0.0,0.0,0.001578053,0.0,0.003641661,0.0,0.000364166,0.0,0.0,0.053653799,0.0,0.0,0.0,0.0,0.001699442,0.0,0.000849721,0.0,0.0,0.0,0.001092498,0.0,0.000606943,0.0,0.0,0.0,0.0,0.0,0.0,0.0,0.0,0.0,0.004976936,0.0,0.0,0.0,0.0,0.0,0.0,0.0,0.0,0.0,0.0,0.0,0.0,0.0,0.0,0.0,0.0,0.0,0.0,0.0,0.0,0.0,0.0,0.0,0.0,0.0,0.0,0.0,0.000971109,0.0,0.0,0.0,0.0,0.0,0.0,0.152100024,0.0,0.0,0.0,0.0,0.0,0.0,0.0,0.0,0.0,0.0,0.0,0.0,0.0,0.0,0.001092498,0.0,0.0,0.000971109,0.0,0.0,0.0,0.0,0.0,0.000728332,0.0,0.0,0.0,0.0,0.0,0.0,0.0,0.0,0.0,0.0,0.0,0.0,0.0
78,0.0,0.0,0.0,0.0,0.0,0.0,0.00279194,0.0,0.0,0.0,0.01104637,0.000364166,0.0,0.010682204,0.0,0.0,0.0,0.0,0.0,0.001335276,0.0,0.0,0.00182083,0.000121389,0.0,0.0,0.0,0.0,0.0,0.0,0.0,0.0,0.0,0.000606943,0.0,0.0,0.000364166,0.0,0.0,0.0,0.0,0.0,0.0,0.0,0.0,0.0,0.000849721,0.0,0.0,0.0,0.0,0.0,0.0,0.0,0.0,0.0,0.0,0.0,0.0,0.001699442,0.000121389,0.0,0.0,0.0,0.0,0.0,0.0,0.000606943,0.002184996,0.0,0.0,0.013959699,0.0,0.0,0.0,0.000485555,0.008497208,0.001092498,0.000121389,0.0,0.0,0.002306385,0.0,0.007040544,0.0,0.0,0.0,0.0,0.0,0.0,0.0,0.0,0.000606943,0.0,0.0,0.0,0.0,0.000121389,0.0,0.0,0.0,0.0,0.000121389,0.0,0.000485555,0.0,0.000364166,0.000485555,0.0,0.0,0.0,0.0,0.0,0.008011653,0.0,0.0,0.0,0.0,0.0,0.0,0.00461277,0.0,0.0,0.0,0.0,0.0,0.0,0.0,0.0,0.0,0.0,0.0,0.0,0.0,0.0,0.0,0.0,0.0,0.001092498,0.0,0.0,0.0,0.0,0.000242777,0.000606943,0.0,0.0,0.003520272,0.0,0.00182083,0.00279194,0.000485555,0.0,0.000242777,0.0,0.0,0.156470017,0.0,0.001578053,0.0,0.0,0.0933479,0.000242777,0.0,0.001092498,0.0,0.00279194,0.0,0.0,0.0,0.0,0.0,0.0,0.0,0.0,0.003156106,0.0,0.0,0.0,0.0,0.0,0.0,0.0,0.0,0.0,0.0,0.0,0.0,0.0,0.0,0.0,0.0,0.0,0.0,0.0,0.0,0.0,0.0,0.00279194,0.0,0.000242777,0.0,0.022942462,0.0,0.0,0.0,0.001213887,0.0,0.000121389,0.0,0.0,0.011531925,0.0,0.0,0.000121389,0.0,0.0,0.0,0.0,0.0,0.176377762,0.0,0.0,0.0,0.0,0.0,0.0,0.0,0.0,0.0,0.0,0.0,0.0,0.0,0.0,0.0,0.0,0.0,0.000121389,0.0,0.0,0.0,0.0,0.0,0.0,0.0,0.0,0.0,0.008133042,0.0,0.0,0.0,0.0,0.0,0.0,0.0,0.0,0.0,0.021728575,0.0,0.0,0.0,0.0,0.000121389,0.0,0.000849721,0.0,0.0,0.0,0.000364166,0.0,0.0,0.0,0.0,0.0,0.0,0.0,0.0,0.000485555,0.0,0.0,0.0,0.0,0.006554989,0.0,0.0,0.005098325,0.000364166,0.0,0.0,0.0,0.0,0.0,0.0,0.0,0.0,0.0,0.0,0.0,0.0,0.0,0.0,0.0,0.0,0.005098325,0.0,0.0,0.0,0.0,0.0,0.0,0.0,0.0,0.000364166,0.0,0.000121389,0.011653314,0.0,0.0,0.0,0.0,0.0,0.0,0.0,0.0,0.0,0.0,0.0,0.0,0.0,0.0,0.0,0.0,0.0,0.000364166,0.0,0.0,0.0,0.0,0.000242777,0.0,0.0,0.0,0.0,0.0,0.0,0.0,0.0,0.0,0.0,0.0,0.0,0.0,0.0,0.0,0.0,0.0,0.0,0.0,0.009346929,0.035931051,0.000606943,0.001942219,0.0,0.0,0.0,0.0,0.0,0.0,0.0,0.0,0.0,0.0,0.0,0.0,0.0,0.0,0.0,0.0,0.0,0.0,0.0,0.0,0.0,0.0,0.0,0.0,0.000121389,0.0,0.000971109,0.0,0.0,0.0,0.0,0.0,0.0,0.0,0.0,0.0,0.0,0.0,0.0,0.001213887,0.0,0.0,0.0,0.0,0.0,0.0,0.0,0.0,0.0,0.0,0.0,0.0,0.0,0.0,0.0,0.000606943,0.0,0.0,0.000364166,0.0,0.0,0.0,0.0,0.0,0.0,0.001092498,0.0,0.0,0.0,0.000364166,0.0,0.0,0.0,0.0,0.0,0.0,0.0,0.0,0.0,0.0,0.0,0.007768876,0.0,0.0,0.0,0.0,0.0,0.0,0.0,0.0,0.0,0.0,0.0,0.0,0.0,0.0,0.000849721,0.0,0.0,0.002184996,0.0,0.0,0.003641661,0.0,0.0,0.028040787,0.135955329,0.0,0.0,0.0,0.000728332,0.002063608,0.0,0.0,0.0,0.000121389,0.0,0.0,0.0,0.0,0.000485555,0.0,0.001942219,0.0,0.0,0.0,0.0,0.0,0.000242777,0.0,0.0,0.0,0.0,0.0,0.000121389,0.0,0.0,0.0,0.0,0.0,0.0,0.000242777,0.0,0.0,0.0,0.0,0.002184996,0.0,0.0,0.0,0.01019665,0.0,0.0,0.0,0.0,0.000242777,0.001699442,0.0,0.0,0.0,0.0,0.000728332,0.000485555,0.0,0.0,0.0,0.001578053,0.000121389,0.0,0.0,0.0,0.0,0.001578053,0.0,0.0,0.0,0.0,0.0,0.0,0.0,0.0,0.0,0.0,0.0,0.0,0.0,0.0,0.0,0.0,0.0,0.0,0.0,0.0,0.0,0.0,0.000606943,0.0,0.000364166,0.0,0.0,0.0,0.0,0.0,0.0,0.0,0.0,0.0,0.0,0.0,0.0,0.0,0.0,0.0,0.0,0.000242777,0.0,0.0,0.0,0.0,0.0,0.016387473,0.0,0.0,0.0,0.0,0.0,0.0,0.0,0.0,0.0,0.0,0.0,0.0,0.0,0.0,0.0,0.0,0.0,0.0,0.0,0.0,0.0,0.044185482,0.0,0.001213887,0.0,0.0,0.0,0.0,0.0,0.0,0.0,0.0,0.0,0.002670551,0.0,0.0,0.000364166,0.0,0.0,0.0,0.0,0.0,0.0,0.0,0.0,0.0,0.0,0.0,0.0,0.0,0.0,0.0,0.0,0.0,0.0,0.0,0.0,0.0,0.0,0.000364166,0.0,0.0,0.0,0.000364166,0.0,0.0,0.0,0.0,0.000364166,0.0,0.000364166,0.0,0.0,0.000971109,0.0,0.00279194,0.000971109,0.000242777,0.005948046,0.0,0.0,0.000364166,0.0,0.000242777,0.0,0.0,0.0,0.000121389,0.0,0.0,0.000971109,0.0,0.0,0.0,0.0,0.0,0.0,0.0,0.0,0.0,0.0,0.0,0.0,0.0,0.0,0.0,0.005219714,0.0,0.000849721,0.0,0.001335276,0.0,0.0,0.0,0.0,0.0,0.0,0.000485555,0.0,0.0,0.0,0.000971109,0.000121389,0.0,0.025491624,0.0,0.0,0.0,0.0,0.0,0.000121389,0.0,0.0,0.0,0.0,0.0,0.0,0.0,0.0,0.0,0.0,0.0,0.0,0.0,0.0,0.0,0.0,0.0,0.0,0.0,0.000121389,0.0,0.0,0.0,0.0,0.0,0.0,0.0,0.0,0.0,0.0,0.0
79,0.0,0.0,0.0,0.0,0.0,0.0,0.0,0.0,0.0,0.0,0.0,0.0,0.0,0.0,0.0,0.0,0.008254431,0.0,0.0,0.0,0.0,0.0,0.0,0.0,0.0,0.0,0.0,0.0,0.0,0.0,0.0,0.0,0.0,0.000242777,0.0,0.0,0.000364166,0.0,0.0,0.0,0.0,0.0,0.0,0.0,0.0,0.0,0.0,0.0,0.0,0.0,0.0,0.0,0.0,0.0,0.0,0.0,0.0,0.0,0.0,0.0,0.000242777,0.0,0.0,0.0,0.0,0.0,0.0,0.0,0.0,0.0,0.0,0.0,0.0,0.0,0.0,0.0,0.0,0.0,0.0,0.0,0.0,0.000971109,0.0,0.0,0.0,0.0,0.0,0.0,0.0,0.0,0.0,0.0,0.0,0.0,0.0,0.0,0.0,0.0,0.0,0.0,0.0,0.0,0.0,0.0,0.0,0.0,0.0,0.0,0.0,0.0,0.0,0.0,0.0,0.0,0.0,0.0,0.0,0.0,0.0,0.0,0.0,0.0,0.20890993,0.0,0.0,0.000606943,0.0,0.0,0.0,0.0,0.0,0.002427774,0.0,0.0,0.0,0.0,0.0,0.0,0.15707696,0.0,0.0,0.0,0.0,0.001942219,0.011653314,0.0,0.0,0.001942219,0.021607186,0.018936635,0.028283564,0.023185239,0.0,0.0,0.0,0.0,0.001213887,0.0,0.0,0.0,0.001942219,0.0,0.0,0.0,0.002306385,0.0,0.0,0.0,0.0,0.0,0.0,0.0,0.0,0.0,0.0,0.0,0.0,0.0,0.0,0.0,0.0,0.0,0.0,0.0,0.0,0.0,0.0,0.0,0.0,0.0,0.0,0.0,0.0,0.0,0.0,0.0,0.0,0.0,0.0,0.0,0.0,0.0,0.0,0.0,0.0,0.0,0.0,0.0,0.0,0.0,0.0,0.0,0.0,0.0,0.0,0.0,0.0,0.0,0.0,0.0,0.0,0.0,0.0,0.0,0.0,0.0,0.0,0.0,0.0,0.0,0.0,0.0,0.0,0.0,0.0,0.0,0.0,0.0,0.000485555,0.0,0.0,0.0,0.0,0.0,0.0,0.0,0.0,0.0,0.0,0.0,0.0,0.0,0.0,0.0,0.0,0.0,0.0,0.0,0.0,0.0,0.0,0.0,0.0,0.0,0.0,0.0,0.0,0.0,0.0,0.0,0.0,0.0,0.0,0.0,0.0,0.0,0.0,0.0,0.000242777,0.0,0.0,0.0,0.0,0.000121389,0.0,0.0,0.001213887,0.0,0.0,0.0,0.0,0.0,0.0,0.0,0.0,0.0,0.0,0.0,0.0,0.0,0.0,0.0,0.0,0.0,0.0,0.0,0.0,0.000606943,0.0,0.0,0.0,0.0,0.0,0.123695072,0.0,0.0,0.005705268,0.0,0.0,0.0,0.0,0.0,0.0,0.0,0.0,0.0,0.0,0.0,0.0,0.0,0.0,0.0,0.0,0.0,0.0,0.0,0.0,0.0,0.0,0.0,0.0,0.0,0.0,0.0,0.0,0.0,0.0,0.0,0.0,0.0,0.0,0.0,0.0,0.0,0.000121389,0.0,0.0,0.0,0.0,0.003763049,0.0,0.0,0.0,0.0,0.0,0.0,0.0,0.0,0.0,0.0,0.0,0.0,0.0,0.0,0.0,0.0,0.0,0.0,0.0,0.005098325,0.0,0.000728332,0.0,0.0,0.0,0.000606943,0.0,0.0,0.0,0.0,0.0,0.0,0.0,0.0,0.0,0.0,0.0,0.0,0.0,0.0,0.0,0.0,0.011410537,0.0,0.0,0.0,0.0,0.0,0.0,0.0,0.0,0.0,0.0,0.0,0.0,0.0,0.0,0.0,0.0,0.0,0.0,0.0,0.0,0.0,0.0,0.0,0.0,0.0,0.000121389,0.0,0.0,0.0,0.0,0.0,0.0,0.0,0.0,0.0,0.0,0.0,0.0,0.0,0.0,0.0,0.0,0.007647487,0.0,0.0,0.0,0.0,0.0,0.0,0.0,0.0,0.0,0.0,0.0,0.0,0.0,0.0,0.0,0.0,0.0,0.0,0.0,0.0,0.0,0.0,0.01019665,0.0,0.010560816,0.0,0.0,0.0,0.0,0.0,0.0,0.0,0.0,0.0,0.0,0.0,0.0,0.0,0.0,0.0,0.0,0.0,0.0,0.0,0.0,0.0,0.0,0.0,0.0,0.0,0.0,0.0,0.0,0.0,0.0,0.0,0.0,0.0,0.0,0.0,0.0,0.0,0.0,0.0,0.0,0.0,0.0,0.0,0.0,0.0,0.0,0.0,0.0,0.0,0.0,0.0,0.0,0.0,0.0,0.0,0.0,0.0,0.0,0.0,0.0,0.0,0.0,0.0,0.0,0.0,0.0,0.0,0.0,0.0,0.0,0.0,0.0,0.0,0.0,0.0,0.0,0.0,0.0,0.0,0.0,0.000121389,0.0,0.0,0.0,0.0,0.0,0.0,0.0,0.0,0.000971109,0.0,0.0,0.0,0.0,0.0,0.000485555,0.0,0.0,0.0,0.0,0.0,0.0,0.0,0.0,0.0,0.0,0.0,0.0,0.0,0.0,0.0,0.0,0.0,0.0,0.0,0.0,0.0,0.0,0.0,0.0,0.0,0.0,0.0,0.0,0.0,0.0,0.0,0.0,0.0,0.0,0.0,0.0,0.0,0.0,0.0,0.0,0.0,0.0,0.0,0.0,0.0,0.0,0.0,0.0,0.0,0.0,0.0,0.0,0.0,0.0,0.0,0.0,0.0,0.0,0.0,0.0,0.0,0.0,0.0,0.0,0.0,0.0,0.0,0.0,0.0,0.0,0.0,0.0,0.0,0.0,0.0,0.0,0.0,0.0,0.0,0.0,0.0,0.0,0.0,0.0,0.0,0.0,0.0,0.0,0.0,0.0,0.0,0.0,0.0,0.0,0.0,0.0,0.0,0.0,0.0,0.0,0.0,0.0,0.0,0.0,0.0,0.0,0.0,0.0,0.0,0.0,0.0,0.0,0.0,0.0,0.0,0.0,0.0,0.0,0.0,0.0,0.0,0.0,0.0,0.000485555,0.0,0.0,0.0,0.0,0.0,0.0,0.0,0.0,0.0,0.0,0.004127215,0.0,0.0,0.0,0.0,0.0,0.0,0.010318038,0.0,0.0,0.0,0.0,0.0,0.011531925,0.0,0.0,0.0,0.0,0.0,0.0,0.0,0.0,0.0,0.0,0.0,0.0,0.0,0.0,0.0,0.0,0.0,0.0,0.0,0.231609614,0.000364166,0.060451566,0.005098325,0.0,0.0,0.0,0.0,0.0,0.0,0.0,0.0
80,0.0,0.0,0.0,0.0,0.0,0.0,0.000606943,0.0,0.0,0.000121389,0.0,0.03787327,0.00182083,0.0,0.0,0.0,0.000485555,0.0,0.0,0.000242777,0.0,0.000121389,0.0,0.001578053,0.0,0.0,0.000364166,0.0,0.0,0.0,0.0,0.0,0.0,0.000121389,0.0,0.001578053,0.006312212,0.0,0.0,0.0,0.0,0.0,0.0,0.000121389,0.0,0.0,0.036537995,0.0,0.0,0.0,0.0,0.0,0.0,0.0,0.0,0.0,0.0,0.0,0.0,0.000242777,0.000121389,0.0,0.0,0.0,0.0,0.000121389,0.0,0.002670551,0.002670551,0.000849721,0.0,0.021364409,0.0,0.0,0.0,0.002184996,0.01104637,0.000121389,0.004369993,0.0,0.00182083,0.001578053,0.0,0.0,0.0,0.0,0.0,0.0,0.0,0.0,0.0,0.0,0.000364166,0.0,0.0,0.0,0.0,0.0,0.0,0.0,0.0,0.000121389,0.0,0.0,0.000242777,0.0,0.000121389,0.000728332,0.0,0.0,0.0,0.0,0.0,0.0,0.0,0.0,0.0,0.0,0.0,0.000121389,0.0,0.0,0.020150522,0.0,0.0,0.0,0.0,0.0,0.0,0.003277495,0.001942219,0.0,0.0,0.0,0.007526099,0.0,0.0,0.0,0.004369993,0.0,0.0,0.0,0.000485555,0.000971109,0.049647973,0.008497208,0.0,0.0,0.008011653,0.015780529,0.046006312,0.000485555,0.008133042,0.002306385,0.0,0.0,0.007647487,0.000242777,0.0,0.0,0.0,0.000485555,0.003641661,0.0,0.001699442,0.0,0.000121389,0.0,0.0,0.0,0.0,0.0,0.0,0.0,0.000121389,0.000971109,0.0,0.0,0.0,0.000242777,0.0,0.0,0.000242777,0.0,0.0,0.0,0.0,0.0,0.0,0.0,0.0,0.0,0.000242777,0.0,0.0,0.000121389,0.0,0.0,0.007161933,0.0,0.0,0.0,0.0,0.0,0.000364166,0.0,0.000242777,0.0,0.000121389,0.000364166,0.000849721,0.000364166,0.0,0.0,0.000242777,0.0,0.0,0.000728332,0.0,0.001578053,0.0,0.0,0.0,0.0,0.0,0.0,0.0,0.0,0.0,0.0,0.0,0.0,0.000121389,0.0,0.0,0.0,0.0,0.0,0.001942219,0.0,0.0,0.0,0.000121389,0.0,0.0,0.0,0.0,0.0,0.001942219,0.0,0.0,0.0,0.0,0.0,0.0,0.0,0.0,0.0,0.000606943,0.0,0.000242777,0.0,0.0,0.0,0.000121389,0.0,0.0,0.0,0.0,0.000606943,0.0,0.0,0.0,0.0,0.0,0.00558388,0.0,0.00182083,0.0,0.0,0.0,0.0,0.0,0.0,0.0,0.0,0.000606943,0.000242777,0.0,0.0,0.0,0.0,0.0,0.0,0.000606943,0.0,0.0,0.0,0.000728332,0.0,0.000606943,0.0,0.0,0.0,0.0,0.0,0.0,0.0,0.0,0.0,0.0,0.0,0.0,0.000364166,0.0,0.0,0.00558388,0.0,0.0,0.0,0.0,0.0,0.0,0.0,0.0,0.0,0.0,0.0,0.0,0.000849721,0.000242777,0.0,0.0,0.0,0.000242777,0.0,0.0,0.0,0.0,0.000121389,0.000121389,0.0,0.0,0.0,0.0,0.0,0.0,0.0,0.0,0.0,0.0,0.0,0.0,0.0,0.0,0.0,0.0,0.0,0.0,0.0,0.001335276,0.000242777,0.0,0.0,0.000121389,0.0,0.0,0.0,0.0,0.0,0.0,0.0,0.0,0.0,0.000121389,0.0,0.0,0.0,0.0,0.000121389,0.0,0.001213887,0.0,0.0,0.0,0.000364166,0.0,0.000971109,0.0,0.000242777,0.0,0.000606943,0.0,0.0,0.0,0.0,0.0,0.0,0.000121389,0.0,0.000121389,0.0,0.008861374,0.0,0.0,0.0,0.0,0.0,0.0,0.0,0.0,0.0,0.0,0.000606943,0.0,0.0,0.0,0.0,0.000606943,0.0,0.0,0.004491381,0.001092498,0.0,0.0,0.0,0.0,0.000364166,0.0,0.0,0.0,0.0,0.0,0.0,0.0,0.0,0.0,0.0,0.0,0.000121389,0.0,0.0,0.0,0.0,0.0,0.0,0.0,0.0,0.0,0.0,0.0,0.0,0.0,0.0,0.0,0.0,0.0,0.0,0.0,0.0,0.0,0.0,0.0,0.0,0.0,0.007161933,0.0,0.000121389,0.197135227,0.030347172,0.0,0.0,0.0,0.000485555,0.002549162,0.0,0.0,0.0,0.0,0.0,0.0,0.0,0.0,0.000485555,0.0,0.0,0.0,0.0,0.0,0.0,0.0,0.003277495,0.0,0.0,0.000121389,0.0,0.0,0.008254431,0.0,0.001213887,0.000242777,0.0,0.0,0.0,0.001213887,0.0,0.0,0.0,0.0,0.010924982,0.0,0.0,0.0,0.026341345,0.004976936,0.000242777,0.0,0.0,0.000121389,0.003520272,0.0,0.0,0.0,0.0,0.004855547,0.0,0.0,0.0,0.000242777,0.000121389,0.001335276,0.0,0.0,0.000121389,0.0,0.000971109,0.0,0.0,0.000485555,0.0,0.000121389,0.0,0.0,0.0,0.0,0.0,0.0,0.0,0.0,0.0,0.0,0.0,0.0,0.001578053,0.0,0.0,0.0,0.0,0.046127701,0.0,0.0,0.0,0.0,0.0,0.0,0.0,0.0,0.0,0.0,0.0,0.0,0.0,0.0,0.0,0.0,0.0,0.0,0.0,0.0,0.0,0.0,0.0,0.0,0.079266812,0.014081088,0.0,0.000728332,0.000121389,0.0,0.0,0.0,0.0,0.0,0.0,0.001578053,0.0,0.0,0.0,0.0,0.0,0.0,0.0,0.0,0.0,0.0,0.042121874,0.0,0.0,0.063000728,0.0,0.0,0.0,0.0,0.0,0.0,0.0,0.0,0.004005827,0.0,0.0,0.0,0.0,0.0,0.0,0.0,0.0,0.0,0.0,0.0,0.0,0.0,0.0,0.0,0.0,0.0,0.0,0.0,0.0,0.0,0.0,0.000364166,0.0,0.0,0.005219714,0.000121389,0.001092498,0.0,0.0,0.0,0.0,0.001213887,0.0,0.000121389,0.0,0.0,0.003641661,0.000242777,0.0,0.000364166,0.001699442,0.000728332,0.001578053,0.005219714,0.000971109,0.0,0.000606943,0.000364166,0.0,0.0,0.0,0.0,0.0,0.0,0.001456664,0.000485555,0.0,0.0,0.0,0.0,0.0,0.0,0.002063608,0.0,0.0,0.001942219,0.0,0.0,0.0,0.0,0.0,0.000121389,0.0,0.000242777,0.0,0.000728332,0.0,0.0,0.0,0.0,0.0,0.0,0.000728332,0.0,0.0,0.0,0.000606943,0.0,0.0,0.016508861,0.0,0.0,0.000849721,0.0,0.0,0.0,0.0,0.0,0.0,0.0,0.000242777,0.0,0.0,0.0,0.001092498,0.0,0.0,0.0,0.0,0.000242777,0.0,0.0,0.0,0.0,0.0,0.0,0.0,0.0,0.0,0.0,0.0,0.0,0.0,0.000242777,0.0,0.0,0.0
81,0.0,0.0,0.0,0.0,0.0,0.0,0.0,0.0,0.0,0.0,0.0,0.0,0.0,0.0,0.0,0.0,0.008982763,0.0,0.0,0.0,0.0,0.0,0.0,0.000121389,0.0,0.0,0.0,0.0,0.0,0.0,0.0,0.0,0.0,0.0,0.0,0.001456664,0.0,0.0,0.0,0.0,0.0,0.0,0.0,0.0,0.0,0.0,0.0,0.0,0.0,0.0,0.0,0.0,0.0,0.0,0.0,0.0,0.0,0.0,0.0,0.000364166,0.0,0.0,0.0,0.0,0.000242777,0.0,0.0,0.000121389,0.0,0.0,0.0,0.0,0.0,0.0,0.0,0.000242777,0.0,0.000121389,0.0,0.0,0.0,0.0,0.0,0.0,0.0,0.0,0.0,0.0,0.0,0.0,0.0,0.0,0.0,0.0,0.0,0.0,0.0,0.000121389,0.0,0.0,0.0,0.0,0.0,0.0,0.0,0.0,0.0,0.0,0.0,0.0,0.0,0.0,0.0,0.0,0.0,0.0,0.0,0.0,0.0,0.0,0.0,0.0,0.000485555,0.0,0.0,0.0,0.0,0.0,0.0,0.000121389,0.0,0.014566642,0.0,0.0,0.0,0.0,0.0,0.0,0.0,0.0,0.0,0.0,0.0,0.0,0.021849964,0.0,0.0,0.000121389,0.000242777,0.000971109,0.007161933,0.0,0.0,0.0,0.0,0.0,0.0,0.0,0.0,0.0,0.0,0.0,0.001335276,0.0,0.000485555,0.0,0.0,0.0,0.0,0.0,0.0,0.0,0.0,0.0,0.0,0.0,0.0,0.0,0.0,0.0,0.0,0.0,0.000121389,0.0,0.0,0.0,0.0,0.0,0.0,0.0,0.0,0.0,0.0,0.0,0.0,0.0,0.0,0.0,0.0,0.0,0.0,0.0,0.0,0.0,0.0,0.0,0.0,0.0,0.0,0.0,0.0,0.0,0.0,0.0,0.0,0.0,0.0,0.014688031,0.0,0.0,0.0,0.0,0.0,0.0,0.0,0.0,0.0,0.0,0.0,0.0,0.0,0.0,0.0,0.0,0.0,0.0,0.0,0.0,0.0,0.0,0.0,0.0,0.0,0.0,0.0,0.0,0.0,0.0,0.000606943,0.0,0.0,0.0,0.0,0.0,0.0,0.0,0.0,0.0,0.0,0.0,0.0,0.0,0.0,0.0,0.0,0.0,0.0,0.0,0.0,0.0,0.0,0.0,0.0,0.0,0.0,0.0,0.0,0.0,0.0,0.0,0.0,0.0,0.0,0.0,0.0,0.0,0.000849721,0.0,0.0,0.0,0.0,0.0,0.0,0.0,0.0,0.0,0.0,0.0,0.0,0.0,0.029376062,0.0,0.0,0.0,0.0,0.0,0.0,0.0,0.0,0.0,0.0,0.0,0.0,0.008497208,0.0,0.0,0.002913328,0.0,0.0,0.0,0.0,0.0,0.0,0.0,0.0,0.0,0.0,0.0,0.0,0.0,0.0,0.0,0.0,0.0,0.0,0.0,0.0,0.0,0.0,0.0,0.0,0.0,0.0,0.0,0.0,0.0,0.0,0.0,0.0,0.0,0.0,0.0,0.0,0.0,0.0,0.0,0.0,0.0,0.0,0.0,0.001213887,0.0,0.0,0.0,0.0,0.0,0.0,0.0,0.0,0.0,0.0,0.0,0.0,0.0,0.0,0.0,0.0,0.0,0.0,0.0,0.0,0.003520272,0.0,0.0,0.0,0.0,0.0,0.0,0.0,0.005219714,0.0,0.0,0.0,0.0,0.0,0.0,0.0,0.0,0.0,0.0,0.0,0.0,0.000485555,0.0,0.0,0.0,0.0,0.0,0.0,0.0,0.0,0.0,0.0,0.0,0.0,0.0,0.0,0.0,0.0,0.0,0.0,0.001335276,0.000364166,0.0,0.0,0.0,0.0,0.0,0.0,0.0,0.0,0.0,0.0,0.0,0.0,0.0,0.0,0.0,0.0,0.0,0.0,0.0,0.0,0.0,0.0,0.0,0.0,0.0,0.0,0.0,0.0,0.0,0.0,0.0,0.0,0.0,0.0,0.0,0.0,0.0,0.0,0.0,0.514930808,0.0,0.0,0.274217043,0.0,0.0,0.0,0.0,0.0,0.0,0.0,0.0,0.0,0.0,0.0,0.0,0.0,0.000121389,0.0,0.0,0.0,0.0,0.0,0.0,0.0,0.0,0.0,0.0,0.0,0.0,0.0,0.0,0.0,0.0,0.0,0.0,0.0,0.0,0.0,0.0,0.0,0.0,0.0,0.0,0.0,0.0,0.0,0.000485555,0.0,0.0,0.0,0.0,0.0,0.0,0.0,0.0,0.0,0.0,0.0,0.0,0.0,0.0,0.0,0.0,0.0,0.0,0.0,0.0,0.0,0.0,0.0,0.0,0.0,0.0,0.0,0.0,0.0,0.0,0.0,0.0,0.0,0.0,0.0,0.0,0.0,0.0,0.0,0.0,0.0,0.0,0.0,0.0,0.0,0.0,0.0,0.0,0.002306385,0.0,0.0,0.0,0.0,0.0,0.0,0.0,0.0,0.0,0.0,0.0,0.0,0.0,0.0,0.0,0.0,0.0,0.0,0.0,0.0,0.0,0.0,0.0,0.0,0.007890265,0.002427774,0.0,0.001092498,0.0,0.0,0.0,0.0,0.0,0.0,0.0,0.000606943,0.0,0.0,0.0,0.0,0.0,0.0,0.0,0.0,0.0,0.0,0.025734402,0.0,0.000364166,0.003641661,0.0,0.0,0.0,0.0,0.0,0.0,0.0,0.0,0.00182083,0.0,0.0,0.0,0.0,0.0,0.0,0.0,0.0,0.0,0.0,0.0,0.0,0.0,0.0,0.0,0.0,0.029983006,0.0,0.0,0.0,0.0,0.0,0.0,0.0,0.0,0.004491381,0.0,0.0,0.0,0.000364166,0.0,0.0,0.0,0.0,0.0,0.0,0.0,0.0,0.0,0.0,0.0,0.0,0.0,0.0,0.0,0.0,0.0,0.0,0.0,0.0,0.0,0.0,0.0,0.0,0.0,0.0,0.0,0.0,0.0,0.0,0.0,0.0,0.0,0.0,0.0,0.0,0.0,0.0,0.0,0.0,0.0,0.0,0.0,0.0,0.0,0.0,0.0,0.0,0.0,0.0,0.0,0.0,0.0,0.0,0.0,0.0,0.0,0.0,0.0,0.0,0.000849721,0.0,0.0,0.0,0.0,0.0,0.0,0.0,0.0,0.0,0.0,0.0,0.0,0.0,0.0,0.000242777,0.0,0.0,0.0,0.0,0.0,0.0,0.0,0.000121389,0.0,0.0,0.0,0.0,0.0,0.0,0.0,0.0,0.0,0.0,0.0,0.0,0.0,0.0
82,0.0,0.0,0.0,0.0,0.0,0.0,0.0,0.0,0.0,0.0,0.000121389,0.0,0.0,0.0,0.0,0.0,0.000728332,0.0,0.0,0.000728332,0.0,0.0,0.0,0.0,0.0,0.0,0.000971109,0.0,0.0,0.0,0.0,0.0,0.0,0.0,0.0,0.000364166,0.0064336,0.0,0.0,0.0,0.0,0.0,0.0,0.0,0.0,0.0,0.0,0.0,0.0,0.0,0.0,0.0,0.0,0.0,0.0,0.0,0.0,0.0,0.0,0.000485555,0.0,0.0,0.0,0.0,0.0,0.0,0.0,0.0,0.0,0.0,0.0,0.0,0.0,0.0,0.0,0.0,0.0,0.0,0.0,0.0,0.0,0.000606943,0.0,0.0,0.0,0.0,0.0,0.0,0.0,0.0,0.0,0.0,0.0,0.0,0.0,0.0,0.0,0.005826657,0.0,0.0,0.0,0.0,0.0,0.0,0.0,0.0,0.0,0.0,0.0,0.0,0.0,0.0,0.0,0.0,0.0,0.0,0.0,0.0,0.0,0.0,0.0,0.0,0.083029862,0.0,0.0,0.042728818,0.0,0.0,0.0,0.0,0.0,0.0,0.0,0.0,0.0,0.0,0.0,0.0,0.002306385,0.0,0.0,0.0,0.0,0.000364166,0.264870114,0.0,0.0,0.0,0.001942219,0.003277495,0.240228211,0.0,0.0,0.0,0.0,0.0,0.00182083,0.0,0.0,0.0,0.0,0.000606943,0.0,0.0,0.006190823,0.0,0.000242777,0.000242777,0.0,0.0,0.0,0.0,0.0,0.0,0.0,0.0,0.0,0.0,0.0,0.0,0.0,0.0,0.0,0.0,0.0,0.0,0.0,0.0,0.0,0.0,0.0,0.0,0.0,0.0,0.0,0.0,0.0,0.0,0.0,0.0,0.0,0.0,0.0,0.0,0.0,0.0,0.0,0.0,0.0,0.0,0.0,0.0,0.0,0.0,0.0,0.0,0.0,0.0,0.0,0.0,0.0,0.0,0.0,0.0,0.0,0.0,0.0,0.0,0.0,0.0,0.0,0.0,0.0,0.0,0.0,0.0,0.0,0.0,0.000121389,0.0,0.0,0.0,0.000121389,0.0,0.0,0.0,0.0,0.0,0.001578053,0.0,0.0,0.0,0.0,0.0,0.0,0.0,0.0,0.0,0.0,0.000606943,0.0,0.0,0.0,0.0,0.0,0.0,0.0,0.0,0.0,0.0,0.0,0.0,0.0,0.0,0.0,0.0,0.0,0.0,0.0,0.0,0.014081088,0.0,0.0,0.0,0.0,0.0,0.0,0.000728332,0.0,0.0,0.0,0.0,0.0,0.0,0.0,0.0,0.0,0.0,0.0,0.0,0.0,0.0,0.0,0.0,0.0,0.0,0.0,0.0,0.0,0.0,0.0,0.0,0.000121389,0.002063608,0.0,0.0,0.059844622,0.0,0.0,0.0,0.0,0.0,0.0,0.0,0.0,0.0,0.0,0.0,0.0,0.000485555,0.0,0.0,0.0,0.0,0.0,0.0,0.0,0.0,0.0,0.003520272,0.0,0.0,0.0,0.0,0.0,0.0,0.000364166,0.0,0.0,0.0,0.0,0.0,0.0,0.0,0.0,0.0,0.0,0.0,0.0,0.0,0.0,0.0,0.0,0.0,0.0,0.0,0.0,0.0,0.0,0.0,0.0,0.0,0.0,0.0,0.0,0.0,0.0,0.0,0.0,0.0,0.0,0.000971109,0.0,0.0,0.0,0.001578053,0.0,0.0,0.0,0.000121389,0.0,0.0,0.0,0.0,0.0,0.0,0.0,0.0,0.0,0.0,0.000364166,0.0,0.0,0.0,0.0,0.0,0.0,0.0,0.0,0.0,0.0,0.0,0.0,0.002913328,0.0,0.0,0.0,0.0,0.0,0.0,0.0,0.004976936,0.0,0.0,0.0,0.0,0.000728332,0.0,0.0,0.0,0.0,0.0,0.0,0.0,0.0,0.0,0.0,0.0,0.0,0.0,0.0,0.0,0.0,0.0,0.0,0.0,0.0,0.0,0.0,0.0,0.0,0.0,0.0,0.0,0.0,0.0,0.0,0.0,0.0,0.0,0.0,0.0,0.0,0.0,0.0,0.0,0.0,0.0,0.0,0.0,0.000121389,0.0,0.0,0.007283321,0.00740471,0.0,0.0,0.0,0.0,0.000121389,0.0,0.0,0.0,0.0,0.0,0.0,0.0,0.0,0.0,0.0,0.0,0.0,0.0,0.0,0.0,0.0,0.0,0.001092498,0.0,0.0,0.0,0.0,0.0,0.0,0.0,0.0,0.0,0.0,0.0,0.0,0.0,0.0,0.0,0.0,0.0,0.0,0.0,0.0,0.0,0.0,0.0,0.0,0.0,0.0,0.0,0.0,0.0,0.0,0.000121389,0.0,0.0,0.0,0.0,0.0,0.0,0.0,0.0,0.0,0.0,0.0,0.0,0.0,0.0,0.0,0.0,0.0,0.0,0.0,0.0,0.0,0.0,0.0,0.0,0.0,0.0,0.0,0.0,0.0,0.011653314,0.0,0.0,0.0,0.0,0.0,0.003398883,0.0,0.007526099,0.0,0.0,0.0,0.0,0.0,0.0,0.0,0.0,0.0,0.0,0.0,0.0,0.0,0.0,0.0,0.0,0.0,0.0,0.0,0.0,0.0,0.0,0.0,0.0,0.0,0.0,0.0,0.0,0.0,0.0,0.0,0.0,0.0,0.0,0.0,0.0,0.0,0.0,0.194707453,0.0,0.0,0.0,0.0,0.0,0.0,0.0,0.0,0.0,0.0,0.0,0.0,0.0,0.0,0.0,0.0,0.0,0.0,0.0,0.0,0.0,0.0,0.0,0.0,0.0,0.0,0.0,0.0,0.0,0.0,0.0,0.0,0.0,0.0,0.0,0.0,0.0,0.004976936,0.0,0.0,0.0,0.0,0.0,0.0,0.0,0.0,0.0,0.0,0.0,0.0,0.0,0.000242777,0.0,0.000121389,0.0,0.0,0.0,0.000121389,0.0,0.0,0.0,0.0,0.0,0.0,0.0,0.0,0.0,0.0,0.0,0.0,0.0,0.0,0.0,0.0,0.0,0.0,0.0,0.0,0.0,0.0,0.0,0.0,0.000121389,0.0,0.0,0.0,0.0,0.0,0.0,0.0,0.0,0.0,0.0,0.0,0.0,0.0,0.0,0.0,0.0,0.0,0.0,0.0,0.000242777,0.0,0.0,0.0,0.0,0.0,0.0,0.0,0.0,0.0,0.0,0.0,0.0,0.0,0.0,0.000121389,0.0,0.0,0.0,0.0,0.0,0.0,0.0,0.000242777,0.000728332,0.0,0.000242777,0.0,0.0,0.0,0.0,0.0,0.0,0.0,0.0,0.0,0.0,0.0
83,0.0,0.0,0.0,0.0,0.0,0.0,0.0,0.0,0.0,0.0,0.0,0.001213887,0.001213887,0.0,0.0,0.0,0.022821073,0.000121389,0.0,0.0,0.0,0.0,0.0,0.000364166,0.0,0.0,0.000121389,0.0,0.0,0.0,0.0,0.0,0.0,0.0,0.0,0.0,0.000364166,0.0,0.0,0.0,0.0,0.0,0.0,0.0,0.0,0.0,0.0,0.0,0.0,0.0,0.0,0.0,0.0,0.0,0.0,0.0,0.0,0.0,0.0,0.003884438,0.0,0.0,0.0,0.0,0.0,0.0,0.0,0.018086914,0.0,0.0,0.0,0.0,0.0,0.0,0.000242777,0.0,0.0,0.0,0.000242777,0.0,0.002063608,0.000121389,0.0,0.0,0.0,0.0,0.0,0.0,0.0,0.0,0.0,0.0,0.0,0.0,0.0,0.0,0.0,0.000971109,0.0,0.0,0.0,0.0,0.0,0.0,0.0,0.0,0.000121389,0.000364166,0.0,0.0,0.0,0.0,0.0,0.0,0.0,0.0,0.0,0.0,0.0,0.0,0.0,0.0,0.039815489,0.0,0.011774703,0.000364166,0.0,0.0,0.0,0.000485555,0.0,0.180383588,0.015537752,0.0,0.0,0.0,0.0,0.0,0.0,0.0,0.0,0.0,0.0,0.003398883,0.278951202,0.0,0.0,0.0,0.001456664,0.005462491,0.003398883,0.000728332,0.003277495,0.0,0.0,0.0,0.001335276,0.0,0.0,0.0,0.0,0.000849721,0.003277495,0.0,0.000606943,0.0,0.0,0.0,0.0,0.0,0.0,0.0,0.0,0.0,0.0,0.0,0.0,0.0,0.0,0.0,0.0,0.0,0.000728332,0.0,0.0,0.0,0.0,0.0,0.0,0.0,0.0,0.0,0.0,0.0,0.0,0.0,0.0,0.0,0.0,0.0,0.0,0.0,0.0,0.0,0.0,0.0,0.0,0.0,0.0,0.0,0.0,0.000121389,0.0,0.0,0.000121389,0.0,0.0,0.0,0.0,0.0,0.0,0.0,0.0,0.0,0.0,0.0,0.0,0.0,0.0,0.0,0.0,0.0,0.0,0.0,0.0,0.0,0.0,0.0,0.0,0.0,0.0,0.0,0.000364166,0.0,0.0,0.0,0.0,0.0,0.000242777,0.0,0.0,0.0,0.0,0.0,0.0,0.0,0.0,0.0,0.001456664,0.0,0.0,0.0,0.0,0.0,0.0,0.0,0.0,0.0,0.0,0.0,0.0,0.0,0.0,0.0,0.0,0.0,0.0,0.000364166,0.0,0.0,0.0,0.0,0.0,0.0,0.0,0.0,0.000242777,0.000121389,0.0,0.0,0.0,0.0,0.0,0.0,0.0,0.0,0.0,0.0,0.0,0.0,0.0,0.0,0.0,0.0,0.0,0.0,0.0,0.0,0.0,0.0,0.0,0.0,0.000849721,0.000242777,0.0,0.0,0.068827385,0.002549162,0.0,0.0,0.0,0.0,0.0,0.0,0.0,0.0,0.0,0.0,0.0,0.001213887,0.000364166,0.0,0.0,0.0,0.0,0.0,0.0,0.0,0.0,0.0,0.0,0.0,0.0,0.0,0.0,0.0,0.0,0.0,0.0,0.0,0.0,0.0,0.0,0.0,0.0,0.000485555,0.0,0.0,0.0,0.004005827,0.001092498,0.000121389,0.0,0.0,0.0,0.0,0.0,0.0,0.0,0.0,0.0,0.0,0.0,0.0,0.0,0.0,0.0,0.0,0.0,0.0,0.0,0.000728332,0.0,0.0,0.0,0.0,0.0,0.001699442,0.0,0.018693858,0.0,0.0,0.0,0.0,0.0,0.0,0.0,0.001456664,0.0,0.0,0.000242777,0.0,0.003520272,0.0,0.0,0.0,0.0,0.0,0.0,0.0,0.0,0.0,0.0,0.003156106,0.0,0.0,0.0,0.0,0.003398883,0.0,0.0,0.005219714,0.0,0.001699442,0.0,0.000364166,0.0,0.0,0.0,0.0,0.0,0.0,0.0,0.0,0.0,0.0,0.0,0.0,0.0,0.0,0.0,0.0,0.0,0.0,0.0,0.0,0.0,0.0,0.0,0.0,0.0,0.0,0.0,0.0,0.0,0.0,0.0,0.000242777,0.0,0.0,0.0,0.0,0.010924982,0.0,0.0,0.04248604,0.020514688,0.0,0.0,0.0,0.0,0.0,0.0,0.000121389,0.0,0.0,0.0,0.0,0.0,0.000606943,0.0,0.0,0.0,0.0,0.0,0.0,0.0,0.0,0.0,0.0,0.0,0.000364166,0.0,0.0,0.0,0.0,0.0,0.004855547,0.0,0.0,0.0,0.0,0.000606943,0.0,0.000485555,0.0,0.0,0.0,0.0,0.003884438,0.000121389,0.0,0.0,0.007647487,0.000121389,0.003520272,0.0,0.000242777,0.0,0.000971109,0.000242777,0.0,0.0,0.0,0.000606943,0.0,0.0,0.0,0.0,0.000485555,0.000849721,0.0,0.0,0.000121389,0.0,0.0,0.0,0.0,0.0,0.0,0.0,0.0,0.0,0.0,0.0,0.0,0.0,0.0,0.0,0.0,0.0,0.0,0.0,0.0,0.0,0.0,0.0,0.0,0.002913328,0.0,0.0,0.0,0.0,0.0,0.0,0.0,0.000242777,0.0,0.0,0.0,0.0,0.0,0.0,0.0,0.0,0.0,0.0,0.0,0.0,0.0,0.0,0.0,0.0,0.049283807,0.0,0.0,0.000606943,0.0,0.0,0.0,0.0,0.0,0.0,0.0,0.0,0.0,0.0,0.0,0.0,0.0,0.0,0.0,0.0,0.0,0.0,0.052925467,0.0,0.002427774,0.0,0.0,0.0,0.0,0.0,0.0,0.0,0.0,0.0,0.0,0.0,0.0,0.0,0.0,0.0,0.019058024,0.0,0.0,0.0,0.0,0.0,0.0,0.0,0.0,0.0,0.0,0.0,0.0,0.0,0.0,0.0,0.0,0.0,0.0,0.0,0.005341102,0.0,0.000242777,0.0,0.0,0.0,0.0,0.0,0.0,0.0,0.0,0.0,0.0,0.0,0.0,0.0,0.0,0.000849721,0.0,0.0,0.0,0.0,0.0,0.0,0.0,0.0,0.0,0.0,0.0,0.0,0.0,0.0,0.0,0.0,0.0,0.0,0.0,0.0,0.0,0.0,0.0,0.0,0.0,0.0,0.0,0.0,0.0,0.0,0.0,0.0,0.0,0.0,0.0,0.0,0.0,0.0,0.0,0.0,0.0,0.0,0.0,0.0,0.000121389,0.0,0.0,0.037994659,0.0,0.0,0.0,0.0,0.0,0.0,0.0,0.0,0.0,0.0,0.0,0.0,0.0,0.0,0.000606943,0.0,0.0,0.0,0.0,0.0,0.0,0.0,0.0,0.0,0.0,0.0,0.0,0.0,0.0,0.0,0.0,0.0,0.0,0.000242777,0.0,0.0,0.0
84,0.0,0.0,0.0,0.0,0.0,0.0,0.0,0.0,0.0,0.0,0.000364166,0.0,0.0,0.0,0.0,0.0,0.000121389,0.0,0.0,0.000485555,0.0,0.0,0.000485555,0.0,0.0,0.0,0.0,0.000242777,0.0,0.0,0.0,0.0,0.0,0.0,0.0,0.000121389,0.003763049,0.0,0.0,0.0,0.0,0.0,0.0,0.0,0.0,0.0,0.0,0.0,0.0,0.0,0.0,0.0,0.0,0.0,0.0,0.0,0.0,0.0,0.0,0.002549162,0.000364166,0.0,0.0,0.0,0.0,0.0,0.0,0.0,0.0,0.0,0.0,0.000242777,0.0,0.0,0.0,0.0,0.0,0.0,0.0,0.0,0.0,0.0,0.093712066,0.0,0.020757465,0.0,0.0,0.0,0.0,0.0,0.0,0.0,0.0,0.0,0.0,0.0,0.0,0.005705268,0.0,0.0,0.0,0.0,0.0,0.0,0.0,0.0,0.0,0.0,0.0,0.0,0.0,0.0,0.0,0.0,0.0,0.0,0.0,0.0,0.0,0.0,0.0,0.0,0.000242777,0.0,0.0,0.0,0.0,0.0,0.0,0.000849721,0.0,0.0,0.0,0.0,0.0,0.0,0.0,0.0,0.000728332,0.0,0.0,0.0,0.0,0.000728332,0.0,0.0,0.0,0.005219714,0.001092498,0.002063608,0.019543579,0.000364166,0.0,0.0,0.0,0.0,0.000242777,0.0,0.0,0.0,0.0,0.000364166,0.0,0.0,0.002427774,0.0,0.000606943,0.0,0.0,0.0,0.0,0.0,0.0,0.0,0.0,0.000242777,0.0,0.0,0.0,0.0,0.0,0.0,0.0,0.0,0.0,0.0,0.0,0.0,0.0,0.0,0.0,0.0,0.0,0.0,0.0,0.0,0.0,0.0,0.0,0.0,0.0,0.0,0.0,0.0,0.0,0.0,0.0,0.0,0.0,0.0,0.0,0.0,0.0,0.0,0.0,0.0,0.0,0.0,0.0,0.0,0.0,0.0,0.0,0.0,0.0,0.0,0.0,0.0,0.0,0.0,0.0,0.0,0.0,0.0,0.0,0.0,0.0,0.0,0.000485555,0.0,0.0,0.0,0.000485555,0.0,0.0,0.0,0.0,0.0,0.0,0.0,0.0,0.0,0.0,0.0,0.0,0.0,0.0,0.0,0.0,0.000728332,0.0,0.0,0.0,0.0,0.0,0.0,0.0,0.0,0.0,0.0,0.0,0.0,0.0,0.0,0.0,0.0,0.0,0.0,0.000849721,0.004248604,0.0,0.0,0.0,0.0,0.0,0.0,0.001335276,0.000728332,0.0,0.0,0.0,0.0,0.0,0.0,0.0,0.0,0.0,0.0,0.0,0.0,0.0,0.0,0.0,0.0,0.0,0.0,0.0,0.0,0.0,0.0,0.0,0.0,0.000849721,0.0,0.0,0.0,0.012867201,0.0,0.0,0.0,0.0,0.0,0.0,0.0,0.0,0.0,0.0,0.0,0.0,0.0,0.0,0.0,0.0,0.0,0.0,0.0,0.0,0.0,0.0,0.000121389,0.0,0.0,0.0,0.0,0.0,0.0,0.0,0.0,0.0,0.007647487,0.0,0.0,0.0,0.0,0.0,0.0,0.0,0.0,0.0,0.0,0.0,0.0,0.0,0.0,0.0,0.0,0.0,0.0,0.0,0.0,0.0,0.0,0.0,0.0,0.0,0.0,0.0,0.0,0.0,0.0,0.0,0.001578053,0.0,0.0,0.0,0.0,0.0,0.001578053,0.0,0.005705268,0.0,0.0,0.0,0.0,0.0,0.0,0.0,0.0,0.0,0.0,0.0,0.0,0.000606943,0.0,0.0,0.0,0.0,0.0,0.0,0.0,0.0,0.0,0.0,0.000364166,0.0,0.0,0.0,0.0,0.0,0.0,0.0,0.001699442,0.0,0.0,0.0,0.0,0.0,0.0,0.0,0.0,0.0,0.0,0.0,0.0,0.0,0.0,0.0,0.0,0.0,0.0,0.0,0.0,0.0,0.0,0.0,0.0,0.0,0.0,0.0,0.0,0.000121389,0.0,0.0,0.0,0.0,0.0,0.000121389,0.0,0.0,0.0,0.0,0.0,0.0,0.0,0.0,0.0,0.0,0.0,0.0,0.0,0.0,0.0,0.0,0.002184996,0.000485555,0.0,0.0,0.0,0.0,0.0,0.0,0.0,0.0,0.0,0.0,0.0,0.0,0.0,0.0,0.0,0.0,0.0,0.0,0.0,0.0,0.0,0.0,0.000242777,0.0,0.0,0.0,0.0,0.0,0.0,0.0,0.0,0.0,0.0,0.0,0.0,0.0,0.0,0.0,0.0,0.0,0.000849721,0.0,0.0,0.0,0.0,0.0,0.0,0.0,0.0,0.0,0.0,0.0,0.0,0.0,0.0,0.0,0.0,0.0,0.0,0.0,0.0,0.0,0.0,0.0,0.0,0.0,0.0,0.0,0.0,0.0,0.0,0.0,0.0,0.0,0.0,0.0,0.0,0.0,0.000121389,0.0,0.0,0.0,0.0,0.009346929,0.0,0.0,0.0,0.0,0.0,0.001335276,0.0,0.0,0.0,0.0,0.0,0.0,0.0,0.0,0.0,0.0,0.0,0.0,0.0,0.0,0.0,0.0,0.0,0.0,0.0,0.0,0.0,0.008254431,0.0,0.0,0.0,0.0,0.0,0.0,0.0,0.056567128,0.0,0.0,0.0,0.0,0.0,0.0,0.0,0.0,0.0,0.0,0.513959699,0.0,0.0,0.127822287,0.0,0.0,0.0,0.0,0.0,0.0,0.0,0.0,0.067249332,0.0,0.0,0.0,0.0,0.0,0.0,0.0,0.0,0.0,0.0,0.0,0.0,0.0,0.0,0.0,0.0,0.0,0.0,0.0,0.0,0.0,0.0,0.00182083,0.0,0.0,0.000485555,0.0,0.0,0.0,0.0,0.0,0.0,0.000121389,0.0,0.0,0.0,0.0,0.0,0.0,0.000121389,0.0,0.0,0.0,0.0,0.0,0.0,0.0,0.0,0.0,0.0,0.0,0.0,0.0,0.0,0.0,0.0,0.000121389,0.0,0.0,0.0,0.0,0.0,0.0,0.0,0.0,0.0,0.0,0.0,0.0,0.0,0.0,0.0,0.0,0.0,0.0,0.0,0.0,0.0,0.0,0.0,0.0,0.0,0.0,0.0,0.0,0.0,0.0,0.0,0.0,0.0,0.002427774,0.0,0.0,0.0,0.0,0.0,0.0,0.0,0.0,0.0,0.0,0.0,0.0,0.0,0.0,0.0,0.0,0.0,0.0,0.0,0.0,0.0,0.0,0.000242777,0.0,0.000485555,0.0,0.0,0.0,0.0,0.0,0.0,0.0,0.0,0.0,0.0,0.0,0.0
85,0.0,0.0,0.0,0.0,0.0,0.0,0.0,0.0,0.0,0.0,0.000364166,0.0,0.0,0.0,0.0,0.0,0.0,0.0,0.0,0.000242777,0.0,0.0,0.0,0.0,0.0,0.0,0.000242777,0.0,0.0,0.0,0.0,0.0,0.0,0.0,0.0,0.015780529,0.012503035,0.0,0.0,0.0,0.0,0.0,0.0,0.0,0.0,0.0,0.0,0.0,0.0,0.0,0.0,0.0,0.0,0.0,0.0,0.0,0.0,0.0,0.0,0.025977179,0.0,0.0,0.0,0.0,0.0,0.0,0.0,0.0,0.0,0.0,0.0,0.0,0.0,0.0,0.0,0.0,0.0,0.0,0.0,0.0,0.0,0.002913328,0.0,0.0,0.0,0.0,0.0,0.0,0.0,0.0,0.0,0.0,0.0,0.0,0.0,0.0,0.0,0.000606943,0.0,0.0,0.0,0.0,0.0,0.0,0.0,0.0,0.0,0.0,0.0,0.0,0.0,0.0,0.0,0.0,0.0,0.0,0.0,0.0,0.0,0.0,0.0,0.0,0.002306385,0.0,0.0,0.0,0.0,0.0,0.0,0.0,0.0,0.0,0.040058267,0.0,0.0,0.0,0.000121389,0.0,0.003034717,0.0,0.0,0.0,0.0,0.000606943,0.367079388,0.0,0.0,0.01104637,0.0,0.011410537,0.038722991,0.0,0.0,0.0,0.0,0.0,0.002670551,0.0,0.0,0.0,0.0,0.000849721,0.000121389,0.0,0.001213887,0.0,0.0,0.0,0.0,0.0,0.0,0.0,0.0,0.0,0.0,0.0,0.0,0.001699442,0.0,0.0,0.0,0.0,0.0,0.0,0.0,0.0,0.0,0.0,0.0,0.0,0.0,0.0,0.0,0.0,0.0,0.0,0.0,0.0,0.0,0.0,0.0,0.0,0.0,0.0,0.0,0.0,0.0,0.0,0.0,0.0,0.0,0.0,0.0,0.0,0.0,0.0,0.0,0.0,0.0,0.0,0.0,0.0,0.0,0.0,0.0,0.0,0.0,0.0,0.0,0.0,0.0,0.0,0.0,0.0,0.0,0.0,0.0,0.000121389,0.0,0.0,0.0,0.0,0.0,0.0,0.0,0.0,0.0,0.0,0.0,0.0,0.0,0.0,0.0,0.0,0.0,0.0,0.000121389,0.0,0.0,0.000606943,0.0,0.0,0.0,0.0,0.0,0.0,0.0,0.0,0.0,0.0,0.0,0.0,0.0,0.0,0.0,0.0,0.0,0.0,0.0,0.0,0.0,0.0,0.000485555,0.0,0.0,0.0,0.002549162,0.000364166,0.0,0.0,0.0,0.0,0.0,0.0,0.0,0.0,0.0,0.0,0.0,0.0,0.000242777,0.0,0.0,0.0,0.0,0.0,0.0,0.0,0.0,0.0,0.0,0.0,0.000971109,0.001092498,0.0,0.0,0.050376305,0.0,0.0,0.0,0.0,0.0,0.0,0.0,0.0,0.0,0.0,0.0,0.0,0.000606943,0.0,0.0,0.0,0.001213887,0.0,0.0,0.0,0.0,0.0,0.000728332,0.0,0.0,0.005098325,0.0,0.0,0.0,0.0,0.0,0.0,0.0,0.0,0.0,0.0,0.0,0.0,0.000728332,0.0,0.0,0.0,0.0,0.000121389,0.0,0.0,0.0,0.0,0.0,0.0,0.0,0.0,0.0,0.0,0.0,0.0,0.0,0.0,0.0,0.0,0.0,0.0,0.0,0.0,0.002670551,0.0,0.0,0.0,0.001092498,0.0,0.005705268,0.0,0.04248604,0.0,0.0,0.0,0.0,0.0,0.0,0.0,0.0,0.0,0.0,0.000121389,0.0,0.000364166,0.0,0.0,0.0,0.0,0.0,0.0,0.0,0.0,0.0,0.0,0.001335276,0.0,0.0,0.0,0.000606943,0.0,0.0,0.0,0.010075261,0.0,0.0,0.0,0.0,0.0,0.0,0.000121389,0.0,0.0,0.0,0.0,0.0,0.0,0.0,0.0,0.0,0.0,0.0,0.0,0.0,0.0,0.0,0.0,0.0,0.0,0.0,0.0,0.0,0.0,0.0,0.0,0.0,0.0,0.0,0.0,0.0,0.0,0.0,0.0,0.0,0.0,0.0,0.0,0.092498179,0.0,0.0,0.0,0.0,0.0,0.0,0.0,0.0,0.0,0.0,0.0,0.0,0.0,0.0,0.0,0.0,0.0,0.0,0.0,0.0,0.0,0.0,0.0,0.0,0.0,0.0,0.0,0.0,0.0,0.0,0.0,0.000121389,0.0,0.0,0.0,0.0,0.0,0.0,0.0,0.0,0.0,0.0,0.0,0.0,0.0,0.0,0.0,0.0,0.0,0.0,0.0,0.0,0.0,0.0,0.0,0.0,0.0,0.0,0.0,0.0,0.0,0.0,0.0,0.0,0.0,0.0,0.0,0.0,0.0,0.0,0.0,0.0,0.0,0.0,0.0,0.0,0.0,0.0,0.0,0.0,0.0,0.0,0.0,0.0,0.0,0.0,0.0,0.0,0.0,0.0,0.0,0.0,0.002670551,0.0,0.0,0.001335276,0.0,0.0,0.0,0.0,0.0,0.0,0.0,0.0,0.0,0.0,0.0,0.0,0.0,0.0,0.0,0.0,0.0,0.0,0.0,0.0,0.0,0.0,0.0,0.0,0.011653314,0.0,0.0,0.0,0.0,0.0,0.0,0.0,0.180869143,0.0,0.0,0.0,0.0,0.0,0.0,0.0,0.0,0.0,0.0,0.000121389,0.0,0.0,0.0,0.0,0.0,0.0,0.0,0.0,0.0,0.0,0.0,0.0,0.0,0.0,0.0,0.0,0.0,0.0,0.0,0.0,0.0,0.0,0.000121389,0.0,0.0,0.0,0.0,0.0,0.0,0.0,0.0,0.0,0.0,0.0,0.000849721,0.0,0.0,0.012138869,0.0,0.0,0.0,0.0,0.0,0.0,0.000242777,0.0,0.0,0.0,0.0,0.0,0.0,0.002427774,0.0,0.0,0.0,0.0,0.0,0.0,0.0,0.0,0.0,0.0,0.0,0.0,0.0,0.0,0.0,0.0,0.0,0.0,0.0,0.0,0.0,0.0,0.0,0.0,0.0,0.0,0.0,0.0,0.0,0.0,0.0,0.0,0.0,0.0,0.0,0.0,0.0,0.0,0.0,0.0,0.0,0.0,0.0,0.001092498,0.0,0.0,0.0,0.0,0.0,0.0,0.0,0.0,0.0,0.0,0.0,0.002427774,0.0,0.0,0.0,0.0,0.007040544,0.0,0.000242777,0.0,0.000364166,0.0,0.0,0.0,0.0,0.001213887,0.0,0.0,0.0,0.0,0.001213887,0.0,0.011167759,0.0,0.000606943,0.0,0.0,0.0,0.0,0.0,0.0,0.0,0.0,0.0
86,0.0,0.0,0.0,0.0,0.0,0.0,0.002916869,0.0,0.0,0.0,0.0,0.005226057,0.0,0.0,0.0,0.0,0.0,0.0,0.0,0.0,0.0,0.0,0.0,0.0,0.0,0.0,0.0,0.0,0.0,0.0,0.0,0.0,0.0,0.0,0.0,0.00352455,0.0,0.0,0.0,0.0,0.0,0.0,0.0,0.0,0.0,0.0,0.0,0.0,0.0,0.0,0.0,0.0,0.0,0.0,0.0,0.0,0.0,0.0,0.0,0.0,0.0,0.0,0.0,0.0,0.0,0.0,0.0,0.0,0.00097229,0.0,0.0,0.006076811,0.0,0.0,0.0,0.0,0.0,0.0,0.0,0.0,0.0,0.0,0.0,0.0,0.0,0.0,0.0,0.0,0.0,0.0,0.0,0.0,0.0,0.0,0.0,0.0,0.0,0.0,0.0,0.0,0.0,0.0,0.0,0.0,0.0,0.0,0.0,0.0,0.0,0.0,0.0,0.0,0.0,0.0,0.0,0.0,0.0,0.0,0.0,0.0,0.0,0.0,0.713174526,0.0,0.0,0.0,0.0,0.000121536,0.0,0.003159942,0.0,0.0,0.0,0.0,0.0,0.0,0.0,0.0,0.0,0.0,0.0,0.0,0.0,0.0,0.0,0.004861449,0.0,0.005590666,0.000121536,0.0224842,0.0,0.0,0.0,0.0,0.0,0.0,0.0,0.0,0.0,0.0,0.000243072,0.0,0.00097229,0.0,0.0,0.0,0.0,0.0,0.0,0.0,0.0,0.0,0.0,0.0,0.0,0.0,0.0,0.0,0.0,0.0,0.0,0.0,0.0,0.0,0.0,0.0,0.0,0.0,0.0,0.0,0.0,0.0,0.0,0.0,0.0,0.000364609,0.0,0.0,0.0,0.0,0.0,0.0,0.0,0.0,0.0,0.0,0.0,0.0,0.0,0.000364609,0.0,0.0,0.0,0.0,0.0,0.0,0.0,0.0,0.0,0.0,0.0,0.0,0.0,0.0,0.0,0.0,0.0,0.0,0.0,0.0,0.0,0.0,0.0,0.0,0.0,0.0,0.0,0.0,0.0,0.0,0.0,0.0,0.0,0.0,0.0,0.0,0.0,0.0,0.0,0.0,0.0,0.0,0.0,0.0,0.000121536,0.0,0.0,0.0,0.0,0.000121536,0.0,0.0,0.0,0.0,0.0,0.000121536,0.0,0.0,0.0,0.0,0.0,0.0,0.0,0.0,0.0,0.0,0.0,0.0,0.0,0.0,0.0,0.0,0.0,0.0,0.0,0.0,0.0,0.0,0.0,0.0,0.0,0.0,0.0,0.0,0.0,0.000243072,0.0,0.0,0.0,0.0,0.001701507,0.0,0.000607681,0.0,0.0,0.0,0.0,0.0,0.0,0.0,0.0,0.0,0.0,0.002795333,0.0,0.0,0.001458435,0.0,0.0,0.0,0.0,0.0,0.0,0.0,0.0,0.0,0.0,0.0,0.0,0.000486145,0.0,0.0,0.0,0.0,0.0,0.0,0.0,0.0,0.0,0.0,0.0,0.0,0.04788527,0.0,0.0,0.0,0.0,0.0,0.0,0.0,0.0,0.0,0.0,0.0,0.0,0.0,0.0,0.0,0.000243072,0.0,0.0,0.0,0.000121536,0.0,0.0,0.0,0.000486145,0.0,0.0,0.0,0.0,0.0,0.0,0.0,0.0,0.0,0.0,0.0,0.0,0.0,0.0,0.00644142,0.0,0.0,0.0,0.0,0.0,0.0,0.0,0.0,0.0,0.0,0.0,0.0,0.0,0.0,0.0,0.0,0.0,0.0,0.0,0.0,0.0,0.0,0.0,0.0,0.0,0.0,0.0,0.0,0.0,0.0,0.0,0.0,0.0,0.0,0.0,0.0,0.0,0.0,0.0,0.000121536,0.0,0.0,0.0,0.0,0.0,0.0,0.0,0.0,0.0,0.0,0.0,0.0,0.0,0.0,0.0,0.000243072,0.0,0.0,0.0,0.0,0.0,0.0,0.0,0.0,0.0,0.0,0.0,0.0,0.0,0.0,0.0,0.0,0.0,0.0,0.0,0.0,0.0,0.0,0.0,0.0,0.0,0.0,0.0,0.0,0.0,0.0,0.0,0.0,0.0,0.0,0.0,0.0,0.0,0.0,0.0,0.0,0.0,0.0,0.0,0.0,0.0,0.0,0.0,0.0,0.0,0.0,0.0,0.0,0.0,0.0,0.0,0.0,0.0,0.0,0.0,0.004132231,0.0,0.0,0.0,0.0,0.0,0.0,0.0,0.0,0.000243072,0.0,0.0,0.0,0.0,0.0,0.0,0.0,0.0,0.0,0.0,0.0,0.0,0.0,0.0,0.0,0.0,0.0,0.0,0.0,0.0,0.0,0.0,0.000243072,0.000121536,0.0,0.0,0.0,0.0,0.0,0.0,0.0,0.0,0.0,0.0,0.0,0.0,0.0,0.0,0.0,0.0,0.0,0.0,0.0,0.0,0.0,0.0,0.0,0.0,0.0,0.0,0.0,0.09929509,0.0,0.0,0.0,0.0,0.0,0.0,0.0,0.0,0.0,0.0,0.0,0.0,0.0,0.0,0.0,0.0,0.0,0.0,0.0,0.0,0.0,0.0,0.0,0.0,0.00802139,0.0,0.0,0.009722897,0.0,0.0,0.0,0.0,0.0,0.0,0.0,0.017379679,0.0,0.0,0.0,0.0,0.0,0.0,0.0,0.0,0.0,0.0,0.000121536,0.0,0.0,0.0,0.0,0.0,0.0,0.0,0.0,0.0,0.0,0.0,0.004253768,0.000607681,0.0,0.0,0.0,0.0,0.0,0.0,0.0,0.0,0.0,0.0,0.0,0.0,0.0,0.0,0.0,0.0,0.0,0.0,0.0,0.0,0.0,0.0,0.0,0.0,0.0,0.0,0.0,0.0,0.0,0.0,0.0,0.0,0.0,0.0,0.0,0.0,0.0,0.0,0.000486145,0.0,0.012153622,0.0,0.0,0.0,0.0,0.0,0.0,0.0,0.0,0.0,0.0,0.0,0.0,0.0,0.0,0.0,0.0,0.0,0.0,0.0,0.0,0.0,0.0,0.0,0.0,0.0,0.0,0.0,0.0,0.0,0.0,0.0,0.0,0.0,0.0,0.0,0.0,0.0,0.0,0.0,0.0,0.0,0.000121536,0.0,0.000121536,0.0,0.0,0.0,0.0,0.0,0.0,0.0,0.0,0.0,0.0,0.0,0.0,0.0,0.002916869,0.0,0.0,0.0,0.0,0.0,0.0,0.0,0.0,0.0,0.0,0.0,0.0,0.0,0.000607681,0.00352455,0.0,0.002430724,0.0,0.0,0.0,0.0,0.0,0.000121536,0.0,0.0,0.0,0.0,0.0
87,0.0,0.0,0.0,0.0,0.0,0.0,0.0,0.0,0.0,0.0,0.0,0.0,0.0,0.0,0.0,0.0,0.008133042,0.0,0.0,0.000242777,0.0,0.0,0.0,0.0,0.0,0.0,0.000242777,0.003641661,0.0,0.0,0.0,0.0,0.0,0.0,0.0,0.000728332,0.0,0.0,0.0,0.0,0.0,0.0,0.0,0.0,0.002184996,0.0,0.000121389,0.0,0.0,0.0,0.0,0.0,0.0,0.0,0.0,0.0,0.0,0.0,0.0,0.003763049,0.0,0.0,0.0,0.0,0.0,0.0,0.0,0.0,0.0,0.0,0.0,0.0,0.0,0.0,0.0,0.0,0.0,0.0,0.0,0.0,0.0,0.0,0.0,0.0,0.0,0.0,0.0,0.0,0.0,0.0,0.0,0.0,0.0,0.0,0.0,0.0,0.0,0.0,0.0,0.0,0.0,0.0,0.0,0.0,0.0,0.0,0.0,0.0,0.0,0.0,0.0,0.0,0.0,0.0,0.0,0.0,0.0,0.0,0.0,0.0,0.0,0.0,0.046856033,0.0,0.0,0.0,0.0,0.0,0.0,0.004248604,0.0,0.496236951,0.0,0.0,0.0,0.0,0.0,0.0,0.035688274,0.0,0.0,0.0,0.0,0.048312697,0.0,0.0,0.0,0.044185482,0.03046856,0.036902161,0.179169701,0.0,0.0,0.0,0.0,0.0,0.000364166,0.0,0.0,0.0,0.0,0.000485555,0.0,0.0,0.0,0.0,0.0,0.0,0.0,0.0,0.0,0.0,0.0,0.0,0.0,0.0,0.0,0.0,0.0,0.0,0.0,0.0,0.0,0.0,0.0,0.0,0.0,0.0,0.0,0.0,0.0,0.0,0.0,0.0,0.0,0.0,0.0,0.0,0.0,0.0,0.0,0.0,0.0,0.0,0.0,0.0,0.0,0.0,0.0,0.0,0.0,0.0,0.0,0.0,0.0,0.0,0.0,0.0,0.0,0.0,0.0,0.0,0.0,0.0,0.0,0.0,0.0,0.0,0.0,0.0,0.0,0.0,0.0,0.0,0.0,0.0,0.000242777,0.0,0.000728332,0.000364166,0.0,0.0,0.000485555,0.0,0.0,0.0,0.0,0.0,0.0,0.0,0.0,0.0,0.0,0.0,0.0,0.0,0.0,0.0,0.0,0.0,0.0,0.0,0.0,0.0,0.0,0.0,0.0,0.0,0.0,0.0,0.0,0.0,0.0,0.0,0.0,0.0,0.0,0.0,0.0,0.0,0.0,0.0,0.0,0.0,0.0,0.0,0.0,0.000121389,0.0,0.0,0.0,0.0,0.0,0.0,0.0,0.0,0.0,0.0,0.0,0.0,0.0,0.0,0.0,0.0,0.0,0.0,0.0,0.0,0.0,0.0,0.0,0.0,0.0,0.000364166,0.0,0.0,0.000121389,0.0,0.0,0.0,0.0,0.0,0.0,0.0,0.0,0.0,0.0,0.0,0.0,0.000121389,0.0,0.0,0.0,0.0,0.0,0.0,0.0,0.0,0.0,0.0,0.0,0.0,0.001942219,0.0,0.0,0.0,0.0,0.0,0.0,0.0,0.0,0.0,0.0,0.0,0.0,0.001456664,0.0,0.0,0.0,0.0,0.0,0.0,0.0,0.0,0.0,0.0,0.0,0.0,0.000728332,0.0,0.0,0.0,0.0,0.0,0.0,0.0,0.0,0.0,0.0,0.0,0.0,0.001942219,0.0,0.0,0.0,0.0,0.0,0.0,0.0,0.003520272,0.0,0.0,0.0,0.0,0.0,0.0,0.0,0.0,0.0,0.0,0.0,0.0,0.003763049,0.0,0.0,0.0,0.0,0.0,0.0,0.0,0.0,0.0,0.0,0.000485555,0.0,0.0,0.0,0.0,0.0,0.0,0.0,0.000485555,0.0,0.0,0.0,0.0,0.0,0.0,0.0,0.0,0.0,0.0,0.0,0.0,0.0,0.0,0.0,0.0,0.0,0.0,0.0,0.0,0.0,0.0,0.0,0.0,0.0,0.0,0.0,0.0,0.0,0.0,0.0,0.0,0.0,0.0,0.0,0.0,0.0,0.0,0.0,0.0,0.000606943,0.0,0.0,0.003277495,0.000364166,0.0,0.0,0.004127215,0.000364166,0.0,0.0,0.0,0.0,0.0,0.0,0.0,0.0,0.000242777,0.0,0.0,0.0,0.0,0.0,0.0,0.0,0.0,0.0,0.0,0.0,0.0,0.0,0.0,0.0,0.0,0.0,0.0,0.0,0.0,0.0,0.0,0.0,0.0,0.0,0.0,0.0,0.0,0.0,0.0,0.0,0.0,0.0,0.0,0.0,0.0,0.000242777,0.0,0.0,0.0,0.0,0.0,0.0,0.0,0.0,0.0,0.0,0.0,0.0,0.0,0.0,0.0,0.0,0.0,0.0,0.0,0.0,0.0,0.0,0.0,0.0,0.0,0.0,0.0,0.0,0.0,0.0,0.0,0.0,0.0,0.0,0.0,0.0,0.001092498,0.0,0.0,0.0,0.0,0.000242777,0.0,0.0,0.0,0.0,0.0,0.0,0.0,0.0,0.0,0.0,0.0,0.0,0.0,0.0,0.0,0.0,0.0,0.0,0.0,0.0,0.0,0.0,0.0,0.0,0.0,0.0,0.0,0.011167759,0.0,0.0,0.0,0.0,0.0,0.0,0.0,0.0,0.0,0.0,0.0,0.0,0.0,0.0,0.0,0.0,0.0,0.0,0.000485555,0.0,0.0,0.0,0.0,0.0,0.0,0.0,0.0,0.0,0.0,0.0,0.0,0.0,0.0,0.0,0.0,0.0,0.0,0.0,0.0,0.0,0.0,0.0,0.0,0.0,0.0,0.0,0.0,0.0,0.0,0.0,0.0,0.0,0.0,0.000364166,0.0,0.0,0.00558388,0.000849721,0.0,0.0,0.0,0.0,0.0,0.0,0.0,0.0,0.0,0.0,0.0,0.0,0.0,0.0,0.000364166,0.001213887,0.0,0.0,0.0,0.0,0.0,0.0,0.0,0.0,0.00182083,0.0,0.0,0.0,0.0,0.0,0.0,0.0,0.0,0.0,0.0,0.0,0.0,0.0,0.0,0.0,0.0,0.0,0.0,0.0,0.0,0.0,0.0,0.0,0.0,0.0,0.0,0.0,0.0,0.0,0.0,0.0,0.000121389,0.0,0.0,0.0,0.0,0.0,0.0,0.0,0.0,0.0,0.0,0.0,0.0,0.000606943,0.0,0.0,0.0,0.0,0.000121389,0.0,0.0,0.0,0.0,0.0,0.000849721,0.0,0.0,0.000606943,0.0,0.0,0.0,0.000364166,0.0,0.004127215,0.0,0.000971109,0.000971109,0.0,0.0,0.0,0.0,0.0,0.0,0.0,0.0
88,0.0,0.000121389,0.0,0.0,0.0,0.0,0.0,0.0,0.0,0.0,0.0,0.0,0.000485555,0.0,0.0,0.0,0.007890265,0.0,0.0,0.0,0.0,0.0,0.0,0.0,0.0,0.0,0.0,0.0,0.0,0.0,0.0,0.0,0.0,0.0,0.0,0.000728332,0.0,0.0,0.0,0.0,0.0,0.0,0.0,0.0,0.0,0.0,0.0,0.0,0.0,0.0,0.0,0.0,0.0,0.0,0.0,0.0,0.0,0.0,0.0,0.002184996,0.0,0.0,0.0,0.0,0.0,0.0,0.0,0.003520272,0.0,0.0,0.0,0.010803593,0.0,0.0,0.0,0.0,0.0,0.0,0.0,0.0,0.0,0.0,0.0,0.0,0.0,0.0,0.0,0.0,0.0,0.0,0.0,0.0,0.0,0.0,0.0,0.0,0.0,0.001335276,0.0,0.0,0.0,0.0,0.0,0.0,0.0,0.0,0.0,0.0,0.0,0.0,0.0,0.0,0.0,0.0,0.0,0.0,0.0,0.0,0.0,0.0,0.0,0.0,0.025006069,0.0,0.0,0.0,0.0,0.0,0.0,0.0,0.0,0.000121389,0.0,0.0,0.0,0.0,0.0,0.0,0.004491381,0.0,0.0,0.0,0.0,0.00279194,0.10997815,0.0,0.0,0.010560816,0.00461277,0.009953872,0.052925467,0.0,0.0,0.0,0.0,0.0,0.0,0.0,0.0,0.0,0.0,0.0,0.001092498,0.0,0.000242777,0.0,0.0,0.0,0.0,0.0,0.0,0.0,0.0,0.0,0.0,0.0,0.0,0.000242777,0.0,0.0,0.0,0.0,0.0,0.0,0.0,0.0,0.000121389,0.000242777,0.0,0.0,0.0,0.0,0.0,0.0,0.0,0.0,0.0,0.0,0.0,0.0,0.0,0.0,0.0,0.0,0.0,0.0,0.0,0.0,0.0,0.0,0.0,0.0,0.0,0.0,0.0,0.0,0.0,0.0,0.0,0.0,0.0,0.0,0.0,0.0,0.0,0.0,0.0,0.0,0.0,0.0,0.0,0.0,0.0,0.0,0.0,0.0,0.0,0.000121389,0.001213887,0.0,0.0,0.0,0.000485555,0.0,0.0,0.0,0.0,0.0,0.000121389,0.0,0.0,0.0,0.0,0.0,0.0,0.0,0.0,0.0,0.0,0.0,0.0,0.0,0.0,0.0,0.0,0.0,0.0,0.0,0.0,0.0,0.0,0.0,0.0,0.0,0.0,0.0,0.0,0.0,0.0,0.0,0.002427774,0.0,0.0,0.0,0.0,0.0,0.0,0.0,0.0,0.0,0.0,0.0,0.0,0.0,0.0,0.0,0.0,0.0,0.0,0.0,0.0,0.0,0.000121389,0.0,0.0,0.0,0.0,0.0,0.0,0.0,0.0,0.0,0.0,0.005341102,0.0,0.0,0.001699442,0.0,0.0,0.0,0.0,0.000242777,0.0,0.0,0.0,0.0,0.0,0.0,0.0,0.0,0.000485555,0.0,0.0,0.0,0.0,0.0,0.0,0.0,0.0,0.000364166,0.0,0.0,0.0,0.0,0.0,0.0,0.0,0.0,0.0,0.0,0.0,0.0,0.0,0.0,0.000121389,0.025977179,0.0,0.0,0.0,0.0,0.0,0.0,0.0,0.0,0.0,0.0,0.0,0.0,0.000242777,0.0,0.0,0.0,0.0,0.0,0.0,0.0,0.0,0.0,0.0,0.0,0.0,0.000606943,0.0,0.0,0.0,0.001092498,0.0,0.0,0.0,0.001699442,0.0,0.0,0.0,0.0,0.0,0.0,0.0,0.0,0.0,0.0,0.0,0.0,0.0,0.0,0.0,0.0,0.0,0.0,0.0,0.0,0.0,0.0,0.0,0.0,0.0,0.0,0.0,0.0,0.000242777,0.0,0.0,0.000971109,0.0,0.0,0.0,0.0,0.0,0.0,0.000121389,0.0,0.0,0.0,0.0,0.0,0.0,0.0,0.0,0.0,0.0,0.0,0.0,0.0,0.0,0.0,0.0,0.0,0.0,0.0,0.0,0.0,0.000364166,0.0,0.0,0.0,0.0,0.0,0.0,0.0,0.0,0.0,0.0,0.0,0.0,0.0,0.0,0.0,0.0,0.0,0.0,0.0,0.000485555,0.0,0.0,0.0,0.0,0.0,0.0,0.0,0.0,0.0,0.0,0.0,0.0,0.0,0.0,0.0,0.0,0.0,0.0,0.0,0.0,0.000121389,0.0,0.0,0.0,0.0,0.0,0.0,0.0,0.0,0.0,0.0,0.0,0.0,0.0,0.0,0.001092498,0.0,0.0,0.0,0.0,0.0,0.0,0.0,0.0,0.0,0.0,0.0,0.0,0.0,0.0,0.0,0.0,0.0,0.0,0.0,0.0,0.0,0.0,0.0,0.0,0.0,0.0,0.0,0.0,0.0,0.0,0.0,0.0,0.0,0.0,0.0,0.0,0.0,0.0,0.0,0.0,0.0,0.0,0.0,0.0,0.0,0.0,0.000121389,0.0,0.0,0.0,0.0,0.003034717,0.0,0.0,0.0,0.0,0.0,0.0,0.0,0.0,0.0,0.0,0.0,0.0,0.0,0.0,0.0,0.0,0.0,0.0,0.0,0.0,0.0,0.0,0.0,0.0,0.0,0.0,0.0,0.001456664,0.0,0.0,0.0,0.0,0.0,0.0,0.0,0.0,0.0,0.0,0.0,0.0,0.0,0.0,0.0,0.0,0.0,0.0,0.609492595,0.0,0.0,0.0,0.0,0.0,0.0,0.0,0.0,0.0,0.0,0.000121389,0.0,0.0,0.0,0.0,0.0,0.0,0.0,0.0,0.0,0.0,0.0,0.0,0.0,0.0,0.0,0.0,0.0,0.0,0.0,0.0,0.0,0.0,0.0,0.0,0.0,0.0,0.000364166,0.0,0.000728332,0.0,0.0,0.0,0.0,0.0,0.0,0.0,0.0,0.0,0.0,0.0,0.0,0.0,0.0,0.0,0.0,0.0,0.0,0.0,0.0,0.0,0.0,0.0,0.0,0.0,0.0,0.0,0.0,0.0,0.0,0.0,0.0,0.0,0.000121389,0.0,0.0,0.0,0.0,0.0,0.0,0.0,0.0,0.000242777,0.0,0.0,0.0,0.0,0.0,0.0,0.0,0.0,0.0,0.0,0.0,0.0,0.000606943,0.000121389,0.0,0.0,0.001456664,0.0,0.0,0.000121389,0.0,0.0,0.0,0.0,0.0,0.0,0.0,0.0,0.0,0.0,0.0,0.032896334,0.0,0.000971109,0.0,0.0,0.0,0.0,0.0,0.0,0.0,0.0,0.0,0.001699442,0.0,0.043699927,0.0,0.007283321,0.0,0.0,0.0,0.0,0.0,0.000242777,0.0,0.0,0.0
89,0.0,0.0,0.0,0.0,0.0,0.0,0.000485555,0.0,0.0,0.0,0.001335276,0.00558388,0.000606943,0.0,0.0,0.000121389,0.001092498,0.0,0.0,0.000121389,0.0,0.0,0.000849721,0.0,0.0,0.0,0.001456664,0.0,0.0,0.0,0.0,0.000364166,0.0,0.000242777,0.0,0.0,0.000606943,0.0,0.0,0.0,0.0,0.0,0.0,0.0,0.0,0.0,0.0,0.0,0.0,0.0,0.0,0.0,0.0,0.0,0.0,0.0,0.0,0.0,0.0,0.000971109,0.0,0.0,0.0,0.0,0.0,0.001456664,0.0,0.017722748,0.000849721,0.000971109,0.0,0.073197378,0.0,0.000121389,0.0,0.000485555,0.0,0.0,0.002427774,0.0,0.003884438,0.0,0.0,0.0,0.0,0.0,0.0,0.0,0.0,0.0,0.0,0.0,0.0,0.0,0.0,0.0,0.0,0.000121389,0.0,0.0,0.0,0.0,0.0,0.0,0.000121389,0.0,0.000242777,0.0,0.0,0.0,0.0,0.0,0.0,0.0,0.0,0.0,0.0,0.0,0.0,0.0,0.0,0.0,0.055353241,0.0,0.0,0.000121389,0.0,0.0,0.0,0.000606943,0.0,0.023913571,0.0,0.001335276,0.000606943,0.0,0.001456664,0.0,0.0,0.00279194,0.0,0.00740471,0.000728332,0.000606943,0.041272153,0.0,0.0,0.000242777,0.006797766,0.024520515,0.029983006,0.0,0.0,0.010682204,0.000728332,0.0,0.0,0.0,0.0,0.0,0.0,0.0,0.000242777,0.0,0.000242777,0.0,0.000242777,0.0,0.0,0.0,0.0,0.0,0.0,0.0,0.0,0.0,0.0,0.0,0.0,0.004127215,0.001942219,0.0,0.0,0.0,0.0,0.0,0.0,0.0,0.0,0.0,0.0,0.0,0.0,0.0,0.0,0.0,0.0,0.0,0.000606943,0.000242777,0.0,0.0,0.000121389,0.0,0.0,0.000121389,0.0,0.0,0.0,0.0,0.0,0.000242777,0.0,0.0,0.0,0.0,0.0,0.0,0.0,0.000121389,0.000242777,0.0,0.0,0.0,0.0,0.000121389,0.0,0.0,0.0,0.0,0.0,0.0,0.0,0.0,0.0,0.0,0.0,0.0,0.0,0.0,0.0,0.0,0.0,0.0,0.0,0.0,0.0,0.0,0.0,0.0,0.0,0.0,0.0,0.0,0.0,0.000606943,0.0,0.0,0.0,0.0,0.001092498,0.0,0.0,0.0,0.0,0.0,0.0,0.0,0.0,0.0,0.0,0.0,0.0,0.0,0.0,0.000849721,0.0,0.000121389,0.0,0.0,0.0,0.0,0.0,0.0,0.0,0.0,0.000485555,0.000121389,0.0,0.0,0.0,0.0,0.0,0.0,0.0,0.0,0.010560816,0.0,0.0,0.0,0.0,0.0,0.0,0.0,0.0,0.0,0.0,0.0,0.0,0.0,0.0,0.0,0.000242777,0.007526099,0.0,0.0,0.013352756,0.000728332,0.0,0.0,0.0,0.0,0.0,0.0,0.0,0.0,0.0,0.000121389,0.0,0.0,0.0,0.0,0.0,0.0,0.0,0.0,0.0,0.0,0.0,0.000242777,0.0,0.0,0.0,0.0,0.0,0.0,0.0,0.006676378,0.0,0.0,0.0,0.0,0.0,0.0,0.0,0.0,0.0,0.0,0.0,0.0,0.000485555,0.0,0.0,0.0,0.0,0.0,0.0,0.0,0.001213887,0.0,0.0,0.0,0.0,0.0,0.0,0.0,0.0,0.0,0.0,0.0,0.0,0.0,0.0,0.0,0.0,0.0,0.0,0.0,0.0,0.003156106,0.0,0.0,0.0,0.0,0.0,0.0,0.0,0.000242777,0.0,0.0,0.000121389,0.0,0.010803593,0.0,0.0,0.0,0.0,0.0,0.0,0.0,0.0,0.001456664,0.0,0.0,0.0,0.0,0.0,0.0,0.0,0.0,0.0,0.00279194,0.0,0.0,0.0,0.0,0.0,0.0,0.0,0.0,0.0,0.0,0.0,0.0,0.0,0.0,0.0,0.0,0.0,0.000121389,0.0,0.0,0.0,0.0,0.0,0.0,0.0,0.0,0.0,0.0,0.0,0.0,0.0,0.0,0.0,0.0,0.0,0.0,0.0,0.0,0.0,0.0,0.0,0.0,0.0,0.000849721,0.000121389,0.0,0.0,0.0,0.0,0.0,0.0,0.000121389,0.0,0.0,0.000364166,0.0,0.000121389,0.0,0.0,0.0,0.0,0.0,0.0,0.007526099,0.0,0.0,0.0,0.0,0.0,0.007161933,0.0,0.0,0.0,0.0,0.0,0.0,0.0,0.000485555,0.0,0.0,0.0,0.0,0.000364166,0.000485555,0.0,0.0,0.000364166,0.013352756,0.0,0.0,0.0,0.000728332,0.002306385,0.000849721,0.0,0.0,0.0,0.000242777,0.0,0.0,0.0,0.0,0.000849721,0.0,0.0,0.0,0.000364166,0.0,0.0,0.0,0.0,0.000242777,0.0,0.006554989,0.0,0.000121389,0.001335276,0.0,0.0,0.0,0.000121389,0.0,0.0,0.0,0.0,0.0,0.0,0.0,0.0,0.000121389,0.0,0.0,0.0,0.0,0.000849721,0.0,0.008739985,0.0,0.002063608,0.0,0.0,0.0,0.0,0.0,0.000121389,0.0,0.003034717,0.0,0.0,0.0,0.0,0.0,0.0,0.0,0.0,0.0,0.000121389,0.0,0.0,0.0,0.0,0.015659141,0.0,0.0,0.000121389,0.0,0.0,0.0,0.0,0.0,0.0,0.0,0.0,0.0,0.0,0.0,0.0,0.0,0.0,0.0,0.0,0.0,0.0,0.493687788,0.0,0.0,0.0,0.0,0.0,0.0,0.0,0.0,0.0,0.0,0.0,0.0,0.0,0.0,0.0,0.0,0.0,0.002670551,0.00558388,0.0,0.0,0.0,0.0,0.0,0.0,0.0,0.0,0.0,0.0,0.0,0.0,0.0,0.0,0.0,0.0,0.0,0.000121389,0.003763049,0.008982763,0.0,0.0,0.0,0.0,0.0,0.0,0.000364166,0.0,0.0,0.0,0.0,0.0,0.0,0.0,0.0,0.0,0.000728332,0.000121389,0.0,0.0,0.000606943,0.0,0.0,0.0,0.0,0.0,0.000242777,0.0,0.0,0.0,0.0,0.0,0.0,0.0,0.0,0.0,0.0,0.0,0.0,0.0,0.0,0.0,0.0,0.0,0.0,0.0,0.0,0.0,0.0,0.0,0.0,0.0,0.0,0.0,0.0,0.0,0.000121389,0.0,0.0,0.0,0.000606943,0.0,0.0,0.000849721,0.0,0.0,0.0,0.0,0.0,0.000971109,0.0,0.0,0.0,0.0,0.0,0.0,0.003884438,0.0,0.004491381,0.0,0.0,0.0,0.0,0.0,0.0,0.0,0.0,0.0,0.0,0.0,0.0,0.0,0.0,0.0,0.0,0.0,0.0,0.0,0.0,0.0,0.0
90,0.0,0.000364166,0.0,0.0,0.0,0.0,0.0,0.0,0.0,0.0,0.0,0.0,0.0,0.0,0.0,0.0,0.0,0.0,0.0,0.0,0.0,0.0,0.0,0.0,0.0,0.0,0.0,0.0,0.0,0.0,0.0,0.0,0.0,0.0,0.0,0.037509104,0.0,0.0,0.0,0.0,0.0,0.0,0.0,0.0,0.0,0.0,0.0,0.0,0.0,0.0,0.0,0.0,0.0,0.0,0.0,0.0,0.0,0.0,0.0,0.0,0.0,0.0,0.0,0.0,0.0,0.0,0.0,0.000728332,0.0,0.0,0.0,0.0,0.0,0.0,0.0,0.0,0.0,0.0,0.0,0.0,0.0,0.0,0.0,0.0,0.0,0.0,0.0,0.0,0.0,0.0,0.0,0.0,0.0,0.0,0.0,0.0,0.0,0.012867201,0.0,0.001092498,0.0,0.0,0.0,0.0,0.0,0.0,0.0,0.0,0.0,0.0,0.0,0.0,0.0,0.0,0.0,0.0,0.0,0.0,0.0,0.0,0.0,0.0,0.090191794,0.0,0.0,0.0,0.0,0.0,0.0,0.000728332,0.0,0.0,0.0,0.0,0.0,0.0,0.0,0.0,0.0,0.0,0.0,0.0,0.0,0.0,0.0,0.0,0.0,0.0,0.0,0.083758194,0.080844865,0.043214372,0.0,0.0,0.0,0.0,0.039451323,0.0,0.001335276,0.0,0.0,0.000485555,0.0,0.0,0.000849721,0.025248847,0.0,0.0,0.0,0.0,0.0,0.0,0.0,0.0,0.0,0.00740471,0.0,0.0,0.0,0.0,0.0,0.0,0.0,0.0,0.0,0.0,0.0,0.0,0.0,0.0,0.0,0.0,0.0,0.0,0.0,0.0,0.0,0.0,0.0,0.0,0.0,0.0,0.0,0.0,0.0,0.0,0.0,0.0,0.0,0.0,0.0,0.0,0.0,0.0,0.0,0.0,0.0,0.0,0.0,0.0,0.0,0.0,0.0,0.0,0.0,0.0,0.0,0.0,0.0,0.0,0.0,0.0,0.0,0.0,0.0,0.0,0.0,0.0,0.0,0.0,0.0,0.0,0.0,0.0,0.0,0.0,0.0,0.0,0.0,0.0,0.0,0.0,0.0,0.0,0.0,0.0,0.0,0.0,0.01104637,0.0,0.0,0.0,0.0,0.0,0.0,0.0,0.0,0.0,0.0,0.0,0.0,0.0,0.0,0.0,0.0,0.0,0.0,0.0,0.0,0.0,0.0,0.0,0.0,0.0,0.0,0.0,0.013716922,0.000971109,0.0,0.000849721,0.0,0.0,0.0,0.0,0.0,0.0,0.0,0.0,0.0,0.0,0.0,0.0,0.0,0.0,0.0,0.0,0.0,0.0,0.0,0.0,0.0,0.0,0.001213887,0.041636319,0.0,0.0,0.0,0.0,0.0,0.0,0.0,0.0,0.0,0.0,0.0,0.0,0.0,0.0,0.0,0.006312212,0.0,0.0,0.0,0.0,0.0,0.0,0.0,0.0,0.0,0.0,0.0,0.0,0.0,0.0,0.0,0.0,0.0,0.0,0.0,0.0,0.0,0.0,0.0,0.0,0.0,0.0,0.0,0.0,0.0,0.0,0.0,0.0,0.0,0.0,0.0,0.0,0.0,0.0,0.0,0.0,0.0,0.0,0.0,0.0,0.0,0.0,0.0,0.0,0.0,0.0,0.0,0.002063608,0.0,0.000971109,0.0,0.0,0.0,0.028769119,0.0,0.11738286,0.0,0.0,0.0,0.0,0.0,0.0,0.0,0.0,0.0,0.0,0.0,0.0,0.0,0.0,0.0,0.0,0.0,0.0,0.0,0.0,0.0,0.0,0.0,0.0,0.0,0.0,0.0,0.0,0.0,0.0,0.0,0.002670551,0.0,0.0,0.0,0.0,0.0,0.0,0.0,0.0,0.0,0.0,0.003277495,0.0,0.0,0.0,0.0,0.0,0.0,0.0,0.0,0.0,0.0,0.0,0.0,0.0,0.0,0.0,0.0,0.0,0.0,0.0,0.0,0.0,0.0,0.0,0.0,0.0,0.0,0.0,0.0,0.0,0.0,0.0,0.0,0.0,0.0,0.0,0.0,0.0,0.0,0.0,0.0,0.0,0.0,0.0,0.0,0.0,0.0,0.0,0.0,0.0,0.0,0.0,0.0,0.0,0.0,0.0,0.0,0.0,0.0,0.0,0.0,0.0,0.0,0.0,0.0,0.0,0.0,0.0,0.0,0.0,0.0,0.0,0.0,0.0,0.0,0.0,0.0,0.0,0.0,0.0,0.0,0.0,0.0,0.0,0.0,0.0,0.0,0.0,0.0,0.0,0.0,0.0,0.0,0.0,0.0,0.0,0.0,0.0,0.0,0.0,0.0,0.0,0.0,0.0,0.0,0.0,0.0,0.0,0.0,0.0,0.0,0.0,0.0,0.0,0.0,0.0,0.0,0.0,0.0,0.0,0.0,0.0,0.0,0.0,0.0,0.0,0.01104637,0.0,0.01104637,0.004369993,0.0,0.0,0.0,0.0,0.068341831,0.0,0.0,0.0,0.0,0.0,0.0,0.0,0.0,0.0,0.0,0.0,0.0,0.0,0.0,0.0,0.0,0.0,0.0,0.0,0.100631221,0.0,0.0,0.0,0.0,0.0,0.0,0.0,0.0,0.0,0.0,0.0,0.0,0.0,0.0,0.0,0.0,0.0,0.0,0.0,0.0,0.0,0.0,0.0,0.0,0.0,0.0,0.0,0.0,0.0,0.0,0.0,0.0,0.0,0.0,0.0,0.0,0.0,0.0,0.0,0.0,0.0,0.0,0.0,0.0,0.0,0.0,0.0,0.0,0.0,0.0,0.0,0.0,0.0,0.0,0.0,0.0,0.053289633,0.0,0.0,0.0,0.0,0.0,0.0,0.0,0.0,0.0,0.0,0.0,0.0,0.0,0.000849721,0.0,0.000971109,0.0,0.0,0.0,0.0,0.0,0.0,0.0,0.0,0.0,0.0,0.0,0.0,0.0,0.0,0.0,0.0,0.0,0.0,0.0,0.0,0.0,0.0,0.0,0.0,0.0,0.0,0.0,0.0,0.0,0.0,0.0,0.0,0.0,0.0,0.0,0.0,0.0,0.0,0.0,0.0,0.0,0.0,0.0,0.0,0.0,0.0,0.0,0.0,0.0,0.0,0.0,0.0,0.0,0.0,0.0,0.0,0.0,0.0,0.0,0.0,0.0,0.0,0.0,0.0,0.0,0.0,0.0,0.0,0.0,0.0,0.0,0.000728332,0.0,0.0,0.004005827,0.0,0.08776402,0.0,0.0,0.0,0.0,0.0,0.0,0.0,0.0,0.0
91,0.0,0.0,0.0,0.0,0.000121389,0.0,0.0,0.0,0.0,0.0,0.0,0.0,0.000728332,0.0,0.0,0.0,0.004005827,0.0,0.0,0.0,0.0,0.0,0.0,0.0,0.0,0.0,0.0,0.0,0.0,0.0,0.0,0.0,0.0,0.000364166,0.0,0.000485555,0.000728332,0.0,0.0,0.0,0.0,0.0,0.0,0.0,0.0,0.0,0.0,0.0,0.0,0.0,0.0,0.0,0.0,0.0,0.0,0.0,0.0,0.0,0.0,0.001456664,0.0,0.0,0.0,0.0,0.0,0.0,0.0,0.006797766,0.0,0.0,0.0,0.0,0.0,0.0,0.0,0.0,0.0,0.0,0.0,0.0,0.000728332,0.0,0.0,0.0,0.0,0.0,0.0,0.0,0.0,0.0,0.0,0.0,0.0,0.0,0.0,0.0,0.000242777,0.000606943,0.0,0.0,0.0,0.0,0.0,0.0,0.0,0.0,0.0,0.0,0.0,0.0,0.0,0.0,0.0,0.0,0.0,0.0,0.0,0.0,0.0,0.0,0.0,0.0,0.042728818,0.0,0.0,0.0,0.0,0.002306385,0.0,0.0,0.0,0.266084001,0.0,0.0,0.0,0.0,0.0,0.0,0.004005827,0.000364166,0.0,0.0,0.0,0.008375819,0.25418791,0.0,0.0,0.0,0.001578053,0.006797766,0.047220199,0.000849721,0.0,0.013716922,0.0,0.0,0.0,0.0,0.0,0.0,0.0,0.0,0.00182083,0.0,0.001092498,0.0,0.0,0.0,0.0,0.0,0.0,0.0,0.0,0.0,0.0,0.0,0.0,0.0,0.0,0.0,0.0,0.0,0.0,0.0,0.0,0.0,0.0,0.0,0.0,0.0,0.0,0.0,0.0,0.0,0.0,0.0,0.0,0.0,0.0,0.0,0.0,0.0,0.0,0.0,0.0,0.0,0.0,0.0,0.0,0.0,0.0,0.0,0.0,0.0,0.0,0.0,0.0,0.0,0.0,0.0,0.0,0.0,0.0,0.0,0.0,0.0,0.0,0.0,0.0,0.0,0.0,0.0,0.0,0.0,0.0,0.0,0.0,0.0,0.0,0.0,0.0,0.0,0.000606943,0.0,0.0,0.0,0.0,0.0,0.0,0.0,0.0,0.0,0.0,0.0,0.0,0.0,0.0,0.0,0.0,0.000121389,0.0,0.0,0.0,0.0,0.0,0.0,0.0,0.0,0.0,0.0,0.0,0.0,0.0,0.0,0.0,0.0,0.0,0.0,0.0,0.0,0.0,0.0,0.0,0.0,0.0,0.0,0.000121389,0.000242777,0.0,0.0,0.0,0.0,0.0,0.0,0.0,0.0,0.0,0.0,0.000364166,0.0,0.000121389,0.0,0.0,0.0,0.0,0.0,0.0,0.0,0.0,0.0,0.0,0.0,0.000971109,0.0,0.0,0.0,0.003277495,0.0,0.0,0.0,0.0,0.0,0.0,0.0,0.0,0.0,0.0,0.0,0.0,0.000606943,0.0,0.0,0.0,0.0,0.0,0.0,0.0,0.0,0.0,0.000121389,0.0,0.0,0.192036902,0.0,0.0,0.0,0.000121389,0.0,0.0,0.0,0.0,0.0,0.0,0.0,0.0,0.0,0.0,0.0,0.0,0.000485555,0.0,0.000121389,0.0,0.0,0.0,0.0,0.0,0.0,0.0,0.0,0.0,0.0,0.0,0.0,0.0,0.0,0.0,0.0,0.0,0.0,0.0,0.001699442,0.0,0.0,0.0,0.0,0.0,0.0,0.0,0.008618597,0.0,0.0,0.0,0.0,0.0,0.0,0.0,0.000121389,0.0,0.0,0.000606943,0.0,0.000971109,0.0,0.0,0.0,0.0,0.0,0.0,0.0,0.0,0.0,0.0,0.0,0.0,0.0,0.0,0.000364166,0.001456664,0.0,0.0,0.00279194,0.000121389,0.0,0.0,0.0,0.0,0.0,0.0,0.0,0.0,0.0,0.0,0.0,0.0,0.0,0.0,0.0,0.0,0.0,0.0,0.0,0.0,0.0,0.0,0.0,0.0,0.0,0.0,0.0,0.0,0.0,0.0,0.0,0.0,0.0,0.0,0.0,0.0,0.0,0.0,0.0,0.0,0.0,0.0,0.007526099,0.0,0.0,0.0,0.0,0.0,0.0,0.0,0.0,0.0,0.0,0.0,0.0,0.0,0.0,0.0,0.0,0.0,0.0,0.0,0.0,0.0,0.0,0.0,0.0,0.0,0.0,0.0,0.0,0.0,0.0,0.0,0.000121389,0.0,0.0,0.0,0.0,0.0,0.0,0.0,0.0,0.0,0.0,0.0,0.0,0.0,0.0,0.0,0.0,0.0,0.0,0.0,0.0,0.0,0.0,0.0,0.0,0.0,0.0,0.0,0.0,0.0,0.0,0.0,0.0,0.0,0.0,0.0,0.0,0.0,0.0,0.0,0.0,0.0,0.0,0.0,0.0,0.0,0.0,0.0,0.0,0.0,0.0,0.0,0.0,0.0,0.0,0.0,0.0,0.0,0.0,0.0,0.0,0.008254431,0.0,0.002427774,0.005098325,0.0,0.0,0.0,0.0,0.0,0.0,0.0,0.0,0.0,0.0,0.0,0.0,0.0,0.0,0.0,0.0,0.0,0.0,0.0,0.0,0.0,0.009711095,0.0,0.0,0.067977664,0.0,0.0,0.0,0.0,0.0,0.0,0.0,0.0,0.0,0.0,0.0,0.0,0.0,0.0,0.0,0.0,0.0,0.0,0.000728332,0.0,0.0,0.0,0.0,0.0,0.0,0.0,0.0,0.0,0.0,0.0,0.0,0.0,0.0,0.0,0.0,0.0,0.0,0.0,0.0,0.0,0.0,0.0,0.0,0.0,0.0,0.0,0.0,0.0,0.0,0.0,0.0,0.0,0.0,0.000364166,0.0,0.0,0.009953872,0.0,0.0,0.0,0.0,0.0,0.0,0.002670551,0.0,0.0,0.0,0.0,0.0,0.0,0.0,0.0,0.000121389,0.0,0.0,0.0,0.000364166,0.0,0.000121389,0.0,0.0,0.0,0.0,0.0,0.0,0.0,0.0,0.0,0.0,0.0,0.0,0.0,0.0,0.0,0.0,0.0,0.0,0.0,0.0,0.0,0.0,0.0,0.0,0.0,0.0,0.0,0.0,0.0,0.0,0.0,0.0,0.0,0.0,0.0,0.0,0.0,0.0,0.0,0.0,0.0,0.0,0.0,0.0,0.0,0.0,0.0,0.0,0.0,0.0,0.0,0.0,0.0,0.0,0.000849721,0.0,0.0,0.000121389,0.0,0.0,0.0,0.0,0.0,0.0,0.0,0.0,0.000121389,0.0,0.0,0.0,0.0,0.0,0.0,0.0,0.0,0.0,0.0,0.0,0.0,0.0
92,0.0,0.0,0.0,0.0,0.0,0.0,0.0,0.0,0.0,0.0,0.000364166,0.0,0.0,0.0,0.0,0.0,0.0,0.0,0.0,0.001092498,0.0,0.0,0.0,0.0,0.0,0.0,0.002670551,0.0,0.0,0.0,0.0,0.0,0.0,0.0,0.0,0.007040544,0.010803593,0.0,0.0,0.0,0.0,0.0,0.0,0.0,0.0,0.0,0.0,0.0,0.0,0.0,0.0,0.0,0.0,0.0,0.0,0.0,0.0,0.0,0.0,0.00279194,0.0,0.0,0.0,0.0,0.000364166,0.0,0.0,0.000728332,0.001335276,0.0,0.0,0.005826657,0.0,0.0,0.0,0.0,0.0,0.001578053,0.0,0.0,0.0,0.0,0.0,0.0,0.0,0.0,0.0,0.0,0.0,0.0,0.0,0.0,0.0,0.0,0.0,0.0,0.0,0.0,0.0,0.0,0.0,0.0,0.0,0.0,0.0,0.0,0.0,0.0,0.0,0.0,0.0,0.0,0.0,0.0,0.0,0.0,0.0,0.0,0.0,0.0,0.0,0.0,0.001942219,0.0,0.0,0.0,0.0,0.0,0.0,0.0,0.0,0.031682447,0.0,0.0,0.002184996,0.0,0.0,0.0,0.0,0.0,0.0,0.006312212,0.0,0.000971109,0.0,0.0,0.0,0.0,0.001578053,0.0,0.017358582,0.0,0.0,0.0,0.000121389,0.0,0.006312212,0.0,0.000364166,0.0,0.0,0.001942219,0.003277495,0.0,0.005462491,0.001213887,0.0,0.0,0.0,0.0,0.0,0.0,0.0,0.0,0.0,0.018208303,0.0,0.0,0.001213887,0.0,0.0,0.0,0.0,0.0,0.0,0.0,0.0,0.0,0.0,0.0,0.0,0.0,0.0,0.0,0.0,0.0,0.0,0.0,0.017844137,0.0,0.0,0.0,0.0,0.0,0.0,0.0,0.0,0.0,0.0,0.0,0.0,0.0,0.0,0.0,0.0,0.0,0.0,0.030589949,0.000242777,0.0,0.0,0.0,0.0,0.0,0.0,0.0,0.0,0.0,0.0,0.0,0.0,0.0,0.0,0.0,0.0,0.0,0.0,0.0,0.001092498,0.0,0.0,0.0,0.006554989,0.0,0.0,0.0,0.0,0.0,0.004491381,0.0,0.0,0.0,0.0,0.0,0.0,0.0,0.0,0.0,0.022456907,0.0,0.0,0.0,0.0,0.0,0.0,0.0,0.0,0.0,0.0,0.0,0.0,0.0,0.0,0.0,0.0,0.0,0.0,0.0,0.000242777,0.0,0.0,0.0,0.0,0.0,0.0,0.0,0.000728332,0.0,0.0,0.0,0.001092498,0.0,0.0,0.0,0.0,0.0,0.0,0.0,0.120903132,0.0,0.163996116,0.0,0.0,0.0,0.0,0.0,0.0,0.0,0.0,0.0,0.0,0.0,0.0,0.006676378,0.0,0.0,0.0064336,0.0,0.0,0.0,0.0,0.0,0.0,0.0,0.0,0.0,0.0,0.0,0.0,0.0,0.0,0.0,0.0,0.0,0.0,0.0,0.0,0.0,0.0,0.000728332,0.0,0.0,0.0,0.0,0.0,0.0,0.0,0.0,0.0,0.0,0.0,0.0,0.0,0.0,0.003520272,0.000971109,0.0,0.0,0.0,0.0,0.0,0.0,0.002549162,0.0,0.0,0.0,0.0,0.0,0.0,0.0,0.0,0.0,0.0,0.0,0.0,0.0,0.0,0.0,0.0,0.053289633,0.0,0.003277495,0.0,0.0,0.0,0.0,0.0,0.0,0.0,0.0,0.0,0.0,0.0,0.0,0.0,0.0,0.0,0.0,0.0,0.0,0.0,0.0,0.0,0.0,0.0,0.0,0.0,0.0,0.0,0.0,0.0,0.0,0.0,0.0,0.0,0.0,0.0,0.0,0.0,0.0,0.0,0.004369993,0.0,0.0,0.0,0.0,0.0,0.0,0.0,0.0,0.0,0.0,0.0,0.0,0.0,0.0,0.0,0.0,0.0,0.0,0.0,0.0,0.0,0.0,0.0,0.0,0.0,0.0,0.0,0.0,0.0,0.0,0.000121389,0.0,0.0,0.0,0.0,0.0,0.0,0.0,0.0,0.0,0.0,0.0,0.0,0.0,0.0,0.0,0.0,0.0,0.0,0.0,0.0,0.0,0.0,0.0,0.0,0.0,0.0,0.009346929,0.0,0.0,0.000364166,0.0,0.0,0.0,0.0,0.0,0.0,0.0,0.0,0.000485555,0.0,0.0,0.0,0.0,0.0,0.0,0.0,0.0,0.0,0.0,0.0,0.0,0.0,0.0,0.0,0.0,0.0,0.0,0.0,0.0,0.0,0.0,0.000242777,0.0,0.0,0.0,0.0,0.000242777,0.0,0.0,0.0,0.0,0.0,0.0,0.0,0.0,0.0,0.000849721,0.0,0.0,0.0,0.0,0.0,0.0,0.0,0.0,0.0,0.0,0.0,0.0,0.0,0.0,0.0,0.0,0.0,0.0,0.0,0.0,0.0,0.0,0.0,0.0,0.0,0.0,0.0,0.0,0.000728332,0.0,0.0,0.0,0.0,0.0,0.0,0.0,0.0,0.0,0.0,0.0,0.0,0.0,0.0,0.0,0.0,0.0,0.0,0.0,0.0,0.0,0.0,0.0,0.0,0.0,0.0,0.0,0.018208303,0.0,0.0,0.0,0.0,0.0,0.0,0.0,0.0,0.0,0.0,0.0,0.0,0.0,0.0,0.0,0.0,0.0,0.0,0.0,0.0,0.0,0.0,0.0,0.0,0.0,0.0,0.0,0.0,0.0,0.0,0.0,0.0,0.0,0.0,0.0,0.0,0.0,0.0,0.0,0.0,0.0,0.0,0.0,0.0,0.0,0.0,0.0,0.009953872,0.0,0.0,0.0,0.0,0.0,0.023913571,0.0,0.0,0.0,0.0,0.0,0.0,0.0,0.0,0.0,0.013352756,0.0,0.000364166,0.0,0.0,0.0,0.000485555,0.003763049,0.0,0.002549162,0.018329692,0.0,0.0,0.000364166,0.0,0.0,0.0,0.0,0.0,0.000606943,0.0,0.0,0.0,0.0,0.0,0.0,0.0,0.0,0.000121389,0.0,0.0,0.0,0.0,0.0,0.0,0.0,0.0,0.0,0.0,0.000242777,0.000242777,0.0,0.0,0.0,0.0,0.0,0.0,0.0,0.0,0.0,0.0,0.06749211,0.0,0.0,0.0,0.055596018,0.000364166,0.0,0.158412236,0.0,0.0,0.0,0.0,0.000849721,0.0,0.0,0.0,0.0,0.0,0.0,0.0,0.0,0.0,0.0,0.0,0.0,0.000364166,0.0,0.0,0.0,0.0,0.023792183,0.0,0.000849721,0.000606943,0.0,0.0,0.0,0.0,0.0,0.0,0.0,0.0,0.0,0.0,0.0
93,0.0,0.0,0.0,0.0,0.0,0.0,0.0,0.0,0.0,0.0,0.0,0.0,0.0,0.0,0.000121389,0.0,0.047705754,0.0,0.0,0.0,0.0,0.0,0.0,0.0,0.0,0.0,0.000121389,0.0,0.0,0.0,0.0,0.0,0.0,0.0,0.0,0.0,0.000606943,0.0,0.0,0.0,0.0,0.0,0.000242777,0.0,0.0,0.0,0.0,0.0,0.0,0.0,0.0,0.0,0.0,0.0,0.0,0.0,0.0,0.0,0.0,0.004976936,0.000485555,0.0,0.0,0.0,0.0,0.0,0.0,0.0,0.0,0.0,0.0,0.0,0.0,0.0,0.0,0.007040544,0.0,0.000121389,0.0,0.0,0.0,0.0,0.0,0.0,0.0,0.0,0.0,0.0,0.0,0.0,0.0,0.0,0.0,0.0,0.0,0.0,0.000121389,0.000728332,0.0,0.0,0.0,0.0,0.0,0.0,0.0,0.0,0.0,0.0,0.0,0.0,0.0,0.0,0.0,0.0,0.0,0.0,0.0,0.0,0.0,0.0,0.0,0.0,0.0,0.0,0.0,0.0,0.0,0.0,0.0,0.0,0.0,0.0,0.0,0.0,0.0,0.0,0.0,0.0,0.129157563,0.0,0.0,0.0,0.0,0.0,0.000242777,0.0,0.0,0.19871328,0.130250061,0.270696771,0.0,0.0,0.086185967,0.0,0.0,0.0,0.0,0.0,0.0,0.0,0.0,0.0,0.001335276,0.000364166,0.000849721,0.0,0.000606943,0.0,0.0,0.0,0.0,0.0,0.0,0.0,0.0,0.000121389,0.0,0.0,0.0,0.0,0.0,0.0,0.0,0.0,0.0,0.0,0.0,0.000728332,0.0,0.0,0.0,0.0,0.0,0.0,0.0,0.0,0.0,0.0,0.0,0.0,0.0,0.0,0.0,0.0,0.0,0.0,0.0,0.0,0.0,0.0,0.0,0.0,0.0,0.0,0.0,0.0,0.0,0.0,0.0,0.0,0.0,0.0,0.000728332,0.0,0.0,0.0,0.0,0.0,0.0,0.0,0.0,0.0,0.0,0.0,0.0,0.0,0.0,0.0,0.0,0.0,0.0,0.0,0.000485555,0.0,0.0,0.0,0.0,0.0,0.0,0.0,0.0,0.0,0.0,0.0,0.0,0.0,0.0,0.0,0.0,0.000242777,0.0,0.0,0.0,0.0,0.0,0.0,0.0,0.0,0.0,0.000121389,0.0,0.0,0.0,0.0,0.0,0.0,0.0,0.0,0.0,0.0,0.0,0.0,0.0,0.0,0.0,0.0,0.000121389,0.0,0.0,0.0,0.0,0.0,0.0,0.0,0.0,0.0,0.0,0.0,0.0,0.0,0.0,0.0,0.0,0.0,0.0,0.0,0.0,0.0,0.0,0.0,0.000121389,0.0,0.0,0.000242777,0.0,0.0,0.011289148,0.0,0.0,0.0,0.0,0.0,0.0,0.0,0.0,0.0,0.0,0.0,0.0,0.0,0.0,0.0,0.0,0.0,0.0,0.0,0.0,0.0,0.0,0.000606943,0.0,0.0,0.0,0.000121389,0.0,0.0,0.0,0.0,0.0,0.0,0.0,0.0,0.0,0.0,0.0,0.003156106,0.0,0.0,0.0,0.0,0.0,0.0,0.000364166,0.0,0.0,0.000121389,0.0,0.0,0.000121389,0.0,0.0,0.0,0.0,0.000121389,0.0,0.0,0.0,0.0,0.0,0.000364166,0.0,0.001335276,0.0,0.000121389,0.0,0.0,0.0,0.0,0.0,0.023792183,0.0,0.0,0.0,0.0,0.0,0.0,0.0,0.000121389,0.0,0.0,0.0,0.0,0.011774703,0.0,0.0,0.0,0.0,0.0,0.0,0.0,0.0,0.0,0.0,0.000121389,0.0,0.0,0.0,0.0,0.0,0.0,0.0,0.002549162,0.0,0.0,0.0,0.0,0.0,0.0,0.0,0.0,0.0,0.0,0.0,0.0,0.0,0.0,0.0,0.0,0.0,0.000121389,0.0,0.0,0.0,0.0,0.0,0.0,0.0,0.0,0.0,0.0,0.0,0.0,0.0,0.0,0.0,0.0,0.0,0.0,0.0,0.0,0.0,0.0,0.001213887,0.0,0.0,0.000849721,0.0,0.0,0.0,0.0,0.001335276,0.0,0.0,0.0,0.0,0.0,0.0,0.0,0.0,0.0,0.0,0.0,0.0,0.0,0.0,0.0,0.0,0.0,0.0,0.0,0.0,0.0,0.0,0.0,0.0,0.0,0.0,0.002063608,0.0,0.0,0.0,0.0,0.0,0.0,0.0,0.0,0.0,0.0,0.0,0.000849721,0.0,0.0,0.0,0.0,0.0,0.0,0.0,0.0,0.0,0.0,0.000606943,0.0,0.0,0.0,0.0,0.0,0.0,0.0,0.0,0.0,0.000242777,0.0,0.0,0.0,0.0,0.0,0.0,0.0,0.0,0.0,0.0,0.0,0.0,0.0,0.0,0.0,0.0,0.0,0.0,0.0,0.0,0.0,0.0,0.0,0.0,0.000121389,0.0,0.0,0.0,0.0,0.0,0.0,0.0,0.0,0.0,0.0,0.0,0.0,0.0,0.0,0.0,0.0,0.0,0.0,0.0,0.0,0.0,0.0,0.0,0.0,0.0,0.0,0.0,0.0,0.0,0.0,0.0,0.0,0.0,0.0,0.0,0.0,0.0,0.0,0.0,0.0,0.0,0.0,0.0,0.0,0.001942219,0.0,0.0,0.0,0.0,0.000121389,0.0,0.0,0.0,0.0,0.000121389,0.0,0.0,0.0,0.0,0.0,0.0,0.0,0.0,0.0,0.0,0.0,0.0,0.0,0.0,0.0,0.0,0.0,0.0,0.0,0.0,0.0,0.0,0.0,0.0,0.0,0.003520272,0.0,0.0,0.0,0.003763049,0.0,0.0,0.010075261,0.0,0.001092498,0.0,0.0,0.0,0.0,0.008254431,0.0,0.0,0.0,0.000242777,0.0,0.0,0.000121389,0.0,0.000242777,0.0,0.0,0.0,0.000485555,0.0,0.0,0.0,0.0,0.0,0.0,0.0,0.0,0.0,0.0,0.0,0.0,0.0,0.0,0.0,0.0,0.0,0.0,0.0,0.0,0.0,0.0,0.0,0.0,0.0,0.0,0.0,0.0,0.0,0.0,0.0,0.0,0.0,0.0,0.0,0.0,0.0,0.000849721,0.0,0.0,0.0,0.000485555,0.0,0.0,0.0,0.0,0.0,0.0,0.0,0.0,0.0,0.0,0.0,0.0,0.0,0.0,0.0,0.0,0.0,0.0,0.0,0.0,0.0,0.0,0.0,0.0,0.0,0.0,0.0,0.0,0.005826657,0.005341102,0.010439427,0.0,0.0,0.0,0.0,0.0,0.0,0.0,0.0,0.0
94,0.0,0.0,0.0,0.0,0.0,0.0,0.0,0.0,0.0,0.0,0.020029133,0.0,0.0,0.0,0.0,0.0,0.004005827,0.0,0.0,0.0,0.0,0.0,0.007647487,0.0,0.0,0.0,0.0,0.0,0.0,0.0,0.000364166,0.0,0.0,0.000606943,0.0,0.0,0.000971109,0.0,0.0,0.0,0.0,0.0,0.0,0.0,0.001578053,0.0,0.000485555,0.0,0.0,0.0,0.0,0.0,0.0,0.0,0.0,0.0,0.0,0.0,0.0,0.016508861,0.0,0.0,0.0,0.0,0.0,0.0,0.0,0.017844137,0.001335276,0.0,0.0,0.02961884,0.0,0.0,0.0,0.0,0.00182083,0.0,0.0,0.0,0.001942219,0.0,0.0,0.0,0.0,0.0,0.0,0.0,0.0,0.0,0.0,0.0,0.0,0.0,0.0,0.0,0.0,0.001092498,0.0,0.0,0.0,0.0,0.0,0.0,0.0,0.0,0.0,0.0,0.0,0.0,0.0,0.0,0.0,0.0,0.0,0.0,0.0,0.0,0.0,0.0,0.0,0.0,0.013959699,0.0,0.0,0.0,0.000971109,0.0,0.0,0.000242777,0.0,0.0,0.071376548,0.0,0.0,0.0,0.000485555,0.0,0.001456664,0.0,0.0,0.0,0.0,0.002063608,0.020878854,0.000485555,0.0,0.097839281,0.002063608,0.006312212,0.034717164,0.000364166,0.004005827,0.0,0.0,0.0,0.0,0.0,0.0,0.0,0.000606943,0.0,0.000728332,0.0,0.000971109,0.0,0.000121389,0.0,0.0,0.0,0.0,0.0,0.0,0.0,0.0,0.000242777,0.0,0.0,0.0,0.004855547,0.0,0.000485555,0.000849721,0.0,0.0,0.0,0.0,0.0,0.0,0.0,0.0,0.0,0.0,0.0,0.0,0.0,0.0,0.0,0.0,0.0,0.0,0.0,0.000121389,0.0,0.0,0.0,0.0,0.0,0.0,0.0,0.0,0.000364166,0.0,0.0,0.0,0.0,0.0,0.0,0.0,0.0,0.002306385,0.0,0.0,0.0,0.000485555,0.0,0.0,0.0,0.0,0.0,0.0,0.0,0.0,0.0,0.0,0.0,0.0,0.0,0.0,0.0,0.0,0.0,0.000242777,0.0,0.0,0.0,0.0,0.0,0.000485555,0.0,0.0,0.0,0.0,0.0,0.0,0.0,0.0,0.0,0.0,0.000242777,0.0,0.0,0.0,0.0,0.0,0.0,0.0,0.0,0.0,0.0,0.0,0.0,0.0,0.0,0.0,0.000606943,0.0,0.0,0.001699442,0.0,0.0,0.0,0.0,0.001213887,0.0,0.0,0.000121389,0.000485555,0.0,0.0,0.0,0.0,0.0,0.0,0.0,0.0,0.0,0.0,0.0,0.0,0.000364166,0.0,0.001699442,0.0,0.0,0.0,0.0,0.0,0.0,0.0,0.0,0.0,0.000121389,0.0,0.0,0.0,0.024763292,0.005219714,0.0,0.0,0.0,0.0,0.0,0.0,0.0,0.0,0.0,0.0,0.0,0.0,0.0,0.0,0.0,0.0,0.0,0.0,0.0,0.0,0.0,0.000485555,0.0,0.000242777,0.0,0.0,0.0,0.0,0.0,0.0,0.0,0.0,0.0,0.0,0.0,0.0,0.0,0.015537752,0.0,0.0,0.0,0.001213887,0.00182083,0.0,0.0,0.0,0.0,0.0,0.0,0.0,0.000606943,0.0,0.0,0.0,0.0,0.0,0.0,0.0,0.0,0.0,0.0,0.0,0.0,0.000728332,0.0,0.0,0.0,0.0,0.0,0.000242777,0.0,0.01104637,0.0,0.000242777,0.0,0.000242777,0.0,0.0,0.0,0.0,0.0,0.0,0.001578053,0.0,0.003763049,0.0,0.0,0.0,0.0,0.0,0.0,0.004248604,0.001213887,0.000485555,0.001092498,0.001092498,0.0,0.0,0.0,0.0,0.0,0.0,0.0,0.004369993,0.000121389,0.0,0.0,0.0,0.0,0.0,0.000242777,0.0,0.0,0.0,0.0,0.0,0.0,0.0,0.0,0.0,0.0,0.0,0.0,0.0,0.0,0.0,0.000971109,0.0,0.0,0.0,0.0,0.0,0.0,0.0,0.0,0.0,0.0,0.0,0.0,0.0,0.0,0.0,0.0,0.0,0.000971109,0.0,0.0,0.000121389,0.0,0.0,0.0,0.00279194,0.0,0.0,0.0,0.0,0.0,0.0,0.0,0.0,0.0,0.000121389,0.0,0.0,0.0,0.0,0.000364166,0.0,0.0,0.001213887,0.0,0.0,0.0,0.000242777,0.0,0.0,0.0,0.0,0.0,0.0,0.0,0.0,0.0,0.0,0.0,0.0,0.0,0.0,0.001942219,0.0,0.000242777,0.007161933,0.0,0.0,0.0,0.00461277,0.000242777,0.000606943,0.0,0.0,0.0,0.0,0.0,0.0,0.0,0.0,0.000364166,0.0,0.0,0.0,0.0,0.0,0.0,0.0,0.0,0.000242777,0.0,0.0,0.0,0.0,0.0,0.0,0.0,0.0,0.0,0.0,0.0,0.0,0.0,0.0,0.0,0.0,0.0,0.0,0.0,0.0,0.0,0.0,0.0,0.0,0.012381646,0.0,0.0,0.0,0.0,0.0,0.000121389,0.0,0.0,0.0,0.0,0.0,0.0,0.0,0.0,0.0,0.0,0.0,0.0,0.0,0.0,0.0,0.0,0.0,0.0,0.0,0.0,0.0,0.0,0.0,0.0,0.0,0.0,0.0,0.0,0.0,0.010318038,0.0,0.0,0.0,0.0,0.0,0.0,0.0,0.0,0.0,0.0,0.410779315,0.0,0.0,0.0,0.0,0.0,0.0,0.0,0.0,0.0,0.0,0.0,0.010318038,0.0,0.0,0.0,0.0,0.0,0.0,0.0,0.0,0.0,0.0,0.0,0.0,0.0,0.0,0.0,0.0,0.0,0.0,0.0,0.0,0.0,0.0,0.000242777,0.0,0.000121389,0.001578053,0.000121389,0.001335276,0.0,0.0,0.0,0.0,0.0,0.0,0.0,0.0,0.000121389,0.0,0.0,0.0,0.0,0.0,0.000485555,0.0,0.0,0.0,0.0,0.000121389,0.0,0.0,0.0,0.0,0.0,0.000971109,0.0,0.020029133,0.0,0.0,0.0,0.0,0.0,0.0,0.0,0.0,0.0,0.0,0.0,0.0,0.0,0.0,0.0,0.0,0.0,0.0,0.0,0.0,0.0,0.0,0.0,0.0,0.0,0.0,0.0,0.010560816,0.0,0.0,0.000242777,0.02124302,0.0,0.0,0.002913328,0.0,0.0,0.0,0.0,0.0,0.0,0.0,0.0,0.0,0.001092498,0.0,0.0,0.0,0.0,0.002184996,0.0,0.0,0.0,0.0,0.0,0.0,0.0,0.0,0.0,0.0,0.003277495,0.001092498,0.00279194,0.0,0.0,0.0,0.0,0.000242777,0.0,0.0,0.0,0.0
95,0.0,0.000485555,0.0,0.0,0.0,0.0,0.0,0.0,0.0,0.0,0.000242777,0.0,0.0,0.0,0.0,0.0,0.000364166,0.0,0.0,0.000364166,0.0,0.0,0.0,0.0,0.0,0.0,0.0,0.0,0.0,0.0,0.0,0.0,0.0,0.0,0.0,0.027191066,0.018815246,0.0,0.0,0.0,0.0,0.0,0.0,0.0,0.0,0.0,0.0,0.0,0.0,0.0,0.0,0.0,0.0,0.0,0.0,0.0,0.0,0.0,0.0,0.0,0.000121389,0.0,0.0,0.0,0.0,0.0,0.0,0.0,0.0,0.0,0.0,0.045035203,0.0,0.0,0.0,0.0,0.0,0.0,0.0,0.0,0.0,0.0,0.0,0.0,0.0,0.0,0.0,0.0,0.0,0.0,0.0,0.0,0.0,0.0,0.0,0.0,0.001578053,0.0,0.0,0.0,0.0,0.0,0.0,0.0,0.0,0.0,0.0,0.0,0.0,0.0,0.000606943,0.0,0.0,0.0,0.0,0.0,0.0,0.0,0.0,0.0,0.0,0.0,0.010439427,0.0,0.0,0.0,0.0,0.0,0.0,0.0,0.0,0.000121389,0.0,0.0,0.0,0.0,0.0,0.0,0.0,0.0,0.0,0.0,0.004127215,0.002306385,0.000121389,0.0,0.0,0.0,0.012138869,0.0,0.000121389,0.0,0.0,0.0,0.0,0.0,0.0,0.0,0.0,0.0,0.0,0.000849721,0.017844137,0.0,0.001456664,0.0,0.000364166,0.0,0.0,0.0,0.0,0.0,0.0,0.0,0.0,0.001456664,0.0,0.001213887,0.0,0.0,0.0,0.0,0.0,0.0,0.0,0.0,0.0,0.0,0.0,0.0,0.0,0.0,0.0,0.0,0.0,0.0,0.0,0.0,0.0,0.0,0.0,0.0,0.0,0.0,0.0,0.0,0.0,0.0,0.0,0.0,0.0,0.0,0.0,0.0,0.0,0.0,0.0,0.0,0.0,0.0,0.0,0.0,0.0,0.0,0.0,0.0,0.0,0.0,0.0,0.0,0.0,0.0,0.0,0.0,0.0,0.0,0.000242777,0.0,0.000121389,0.0,0.0,0.0,0.006676378,0.0,0.0,0.0,0.0,0.0,0.0,0.0,0.0,0.0,0.0,0.0,0.0,0.0,0.0,0.0,0.0,0.0,0.0,0.0,0.0,0.0,0.0,0.0,0.0,0.0,0.0,0.0,0.0,0.0,0.0,0.0,0.0,0.0,0.0,0.0,0.0,0.0,0.0,0.0,0.0,0.0,0.0,0.0,0.000606943,0.000606943,0.0,0.0,0.0,0.0,0.0,0.0,0.0,0.0,0.0,0.0,0.001578053,0.0,0.002427774,0.0,0.0,0.0,0.0,0.0,0.0,0.001092498,0.0,0.0,0.0,0.0,0.0,0.296188395,0.0,0.0,0.0,0.0,0.0,0.0,0.0,0.014445254,0.0,0.0,0.0,0.0,0.0,0.0,0.0,0.000849721,0.0,0.0,0.0,0.0,0.0,0.0,0.0,0.0,0.0,0.0,0.001092498,0.0,0.0,0.004491381,0.0,0.0,0.261349842,0.0,0.0,0.0,0.000242777,0.0,0.0,0.0,0.00182083,0.000606943,0.0,0.0,0.0,0.0,0.0,0.000485555,0.0,0.0,0.0,0.000849721,0.0,0.0,0.0,0.0,0.0,0.0,0.0,0.0,0.0,0.0,0.0,0.0,0.0,0.148215586,0.0,0.009104151,0.001335276,0.0,0.0,0.000606943,0.0,0.000971109,0.007890265,0.012503035,0.0,0.0,0.0,0.000971109,0.0,0.0,0.0,0.0,0.0,0.0,0.0,0.0,0.000242777,0.0,0.0,0.0,0.0,0.0,0.0,0.0,0.0,0.0,0.0,0.0,0.0,0.0,0.0,0.0,0.0,0.0,0.0,0.002913328,0.0,0.0,0.0,0.0,0.0,0.0,0.0,0.0,0.0,0.0,0.0,0.0,0.0,0.0,0.0,0.0,0.0,0.000242777,0.0,0.0,0.0,0.0,0.0,0.0,0.0,0.0,0.0,0.0,0.001456664,0.0,0.0,0.0,0.0,0.0,0.0,0.0,0.0,0.0,0.0,0.0,0.0,0.0,0.0,0.0,0.0,0.0,0.0,0.0,0.0,0.0,0.0,0.0,0.0,0.0,0.0,0.0,0.0,0.0,0.0,0.0,0.0,0.0,0.0,0.0,0.0,0.0,0.0,0.0,0.0,0.0,0.0,0.0,0.0,0.0,0.0,0.0,0.0,0.0,0.0,0.0,0.0,0.0,0.0,0.0,0.0,0.0,0.0,0.0,0.0,0.0,0.0,0.0,0.0,0.0,0.0,0.0,0.0,0.0,0.0,0.0,0.0,0.0,0.0,0.0,0.0,0.0,0.0,0.0,0.0,0.0,0.0,0.000606943,0.0,0.0,0.0,0.0,0.0,0.0,0.0,0.0,0.0,0.0,0.0,0.0,0.0,0.0,0.0,0.0,0.0,0.0,0.0,0.0,0.0,0.000364166,0.0,0.0,0.0,0.0,0.0,0.0,0.0,0.0,0.0,0.0,0.0,0.0,0.0,0.0,0.0,0.0,0.0,0.0,0.0,0.0,0.0,0.0,0.0,0.0,0.0,0.0,0.0,0.0,0.0,0.0,0.0,0.0,0.0,0.0,0.0,0.0,0.0,0.0,0.0,0.0,0.0,0.0,0.0,0.0,0.0,0.0,0.0,0.0,0.0,0.000242777,0.0,0.0,0.0,0.0,0.0,0.0,0.0,0.0,0.0,0.0,0.0,0.0,0.0,0.0,0.0,0.0,0.0,0.0,0.0,0.0,0.0,0.0,0.000364166,0.0,0.0,0.0,0.0,0.0,0.0,0.0,0.0,0.0,0.0,0.0,0.003763049,0.0,0.0,0.033503277,0.0,0.0,0.0,0.000606943,0.0,0.0,0.0,0.0,0.0,0.0,0.0,0.0,0.0,0.0,0.0,0.004127215,0.0,0.0,0.0,0.000242777,0.0,0.0,0.0,0.0,0.0,0.0,0.0,0.0,0.0,0.0,0.0,0.0,0.0,0.0,0.0,0.0,0.0,0.0,0.0,0.0,0.0,0.0,0.0,0.0,0.0,0.0,0.0,0.0,0.0,0.0,0.0,0.0,0.0,0.0,0.0,0.0,0.0,0.006919155,0.0,0.0,0.0,0.000606943,0.0,0.0,0.0,0.0,0.0,0.0,0.0,0.0,0.0,0.0,0.0,0.0,0.0,0.0,0.0,0.0,0.0,0.0,0.0,0.0,0.0,0.0,0.0,0.0,0.0,0.0,0.00279194,0.0,0.013231367,0.0,0.002427774,0.000606943,0.0,0.0,0.0,0.0,0.0,0.0,0.0,0.0
96,0.0,0.0,0.0,0.0,0.0,0.0,0.0,0.0,0.0,0.0,0.0,0.0,0.0,0.0,0.0,0.0,0.0,0.0,0.0,0.000121389,0.0,0.0,0.0,0.0,0.0,0.0,0.000606943,0.0,0.0,0.0,0.0,0.0,0.0,0.0,0.0,0.001335276,0.0,0.0,0.0,0.0,0.0,0.0,0.0,0.0,0.0,0.0,0.0,0.0,0.0,0.0,0.0,0.0,0.0,0.0,0.0,0.0,0.0,0.0,0.0,0.0,0.0,0.0,0.0,0.0,0.0,0.0,0.0,0.0,0.0,0.0,0.0,0.0,0.0,0.0,0.0,0.0,0.0,0.0,0.0,0.0,0.0,0.0,0.0,0.0,0.0,0.0,0.0,0.0,0.0,0.0,0.0,0.0,0.0,0.0,0.0,0.0,0.0,0.0,0.0,0.0,0.0,0.0,0.0,0.0,0.0,0.0,0.0,0.0,0.0,0.0,0.0,0.0,0.0,0.0,0.0,0.0,0.0,0.0,0.0,0.0,0.0,0.0,0.0,0.0,0.0,0.0,0.0,0.0,0.0,0.0,0.0,0.000242777,0.0,0.0,0.0,0.103058995,0.0,0.0,0.013716922,0.0,0.0,0.0,0.0,0.0,0.000606943,0.0,0.0,0.291697014,0.0,0.0,0.466011168,0.0,0.0,0.0,0.0,0.0,0.0,0.0,0.0,0.0,0.0,0.0,0.0,0.0,0.012867201,0.0,0.0,0.0,0.0,0.0,0.0,0.0,0.0,0.0,0.0,0.0,0.0,0.0,0.000121389,0.0,0.0,0.0,0.0,0.0,0.0,0.0,0.0,0.0,0.0,0.0,0.0,0.0,0.0,0.0,0.0,0.0,0.0,0.0,0.0,0.0,0.0,0.0,0.0,0.0,0.0,0.0,0.0,0.0,0.0,0.0,0.0,0.0,0.0,0.0,0.0,0.0,0.0,0.0,0.0,0.0,0.0,0.0,0.0,0.0,0.0,0.0,0.0,0.0,0.0,0.0,0.0,0.0,0.0,0.0,0.0,0.0,0.0,0.0,0.0,0.0,0.0,0.0,0.0,0.0,0.0,0.0,0.0,0.0,0.000485555,0.0,0.0,0.0,0.0,0.0,0.0,0.0,0.0,0.0,0.0,0.0,0.0,0.0,0.0,0.0,0.0,0.0,0.0,0.0,0.0,0.0,0.0,0.0,0.0,0.0,0.0,0.0,0.0,0.0,0.0,0.0,0.0,0.0,0.0,0.0,0.0,0.0,0.0,0.0,0.0,0.0,0.0,0.0,0.0,0.0,0.0,0.0,0.0,0.0,0.0,0.0,0.0,0.0,0.000242777,0.0,0.0,0.0,0.0,0.0,0.0,0.0,0.0,0.0,0.0,0.000364166,0.0,0.0,0.000121389,0.0,0.0,0.0,0.0,0.0,0.0,0.0,0.0,0.0,0.0,0.0,0.0,0.000606943,0.0,0.0,0.0,0.0,0.0,0.0,0.0,0.0,0.0,0.0,0.0,0.0,0.0,0.0,0.0,0.000606943,0.0,0.0,0.0,0.0,0.0,0.0,0.0,0.0,0.0,0.003884438,0.0,0.0,0.0,0.0,0.0,0.0,0.0,0.0,0.0,0.000121389,0.0,0.0,0.0,0.0,0.0,0.0,0.0,0.0,0.0,0.0,0.0,0.0,0.0,0.0,0.0,0.001456664,0.0,0.0,0.0,0.0,0.0,0.0,0.000364166,0.035324108,0.0,0.0,0.0,0.0,0.0,0.0,0.0,0.0,0.0,0.0,0.0,0.0,0.0,0.0,0.0,0.0,0.0,0.0,0.0,0.0,0.0,0.0,0.0,0.008497208,0.0,0.0,0.0,0.0,0.0,0.0,0.0,0.00279194,0.0,0.0,0.0,0.0,0.0,0.0,0.0,0.0,0.0,0.0,0.0,0.0,0.0,0.0,0.0,0.0,0.0,0.0,0.0,0.0,0.0,0.0,0.0,0.0,0.0,0.0,0.0,0.0,0.0,0.0,0.0,0.0,0.0,0.0,0.0,0.0,0.0,0.0,0.0,0.0,0.0,0.0,0.0,0.033867444,0.013716922,0.0,0.0,0.0,0.0,0.0,0.0,0.0,0.0,0.0,0.0,0.0,0.0,0.0,0.0,0.0,0.000242777,0.0,0.0,0.0,0.0,0.0,0.0,0.0,0.0,0.0,0.0,0.0,0.0,0.0,0.0,0.0,0.0,0.0,0.0,0.0,0.0,0.0,0.0,0.0,0.0,0.0,0.0,0.0,0.0,0.0,0.0,0.0,0.0,0.0,0.0,0.0,0.0,0.0,0.0,0.0,0.0,0.0,0.0,0.0,0.0,0.0,0.0,0.0,0.0,0.0,0.0,0.0,0.0,0.0,0.0,0.0,0.0,0.0,0.0,0.0,0.0,0.0,0.0,0.0,0.0,0.0,0.0,0.0,0.0,0.0,0.0,0.0,0.0,0.0,0.0,0.0,0.0,0.0,0.0,0.0,0.0,0.0,0.0,0.0,0.0,0.0,0.0,0.0,0.0,0.0,0.0,0.0,0.0,0.0,0.0,0.0,0.0,0.0,0.0,0.0,0.0,0.0,0.0,0.0,0.0,0.0,0.0,0.0,0.0,0.0,0.0,0.0,0.0,0.0,0.0,0.0,0.0,0.0,0.0,0.0,0.0,0.0,0.0,0.000728332,0.0,0.0,0.0,0.0,0.0,0.0,0.0,0.0,0.0,0.0,0.0,0.0,0.0,0.0,0.0,0.0,0.0,0.0,0.0,0.0,0.0,0.0,0.0,0.0,0.0,0.0,0.0,0.0,0.0,0.0,0.0,0.0,0.0,0.0,0.0,0.0,0.0,0.0,0.0,0.0,0.0,0.0,0.0,0.0,0.000121389,0.0,0.0,0.0,0.0,0.0,0.0,0.0,0.0,0.0,0.0,0.0,0.0,0.0,0.0,0.0,0.0,0.0,0.0,0.0,0.0,0.0,0.0,0.0,0.0,0.0,0.0,0.0,0.0,0.0,0.0,0.0,0.0,0.0,0.0,0.0,0.0,0.0,0.0,0.0,0.0,0.0,0.0,0.0,0.0,0.0,0.0,0.0,0.0,0.0,0.0,0.0,0.0,0.0,0.0,0.000242777,0.0,0.0,0.0,0.0,0.0,0.0,0.0,0.0,0.0,0.0,0.0,0.0,0.0,0.0,0.0,0.0,0.0,0.0,0.0,0.0,0.0,0.0,0.0,0.0,0.0,0.0,0.003520272,0.0,0.002306385,0.0,0.0,0.0,0.0,0.0,0.0,0.0,0.0,0.0,0.0,0.0
97,0.0,0.0,0.0,0.0,0.0,0.0,0.0,0.0,0.0,0.0,0.000606943,0.0,0.0,0.0,0.0,0.0,0.013959699,0.0,0.0,0.0,0.0,0.0,0.0,0.0,0.0,0.0,0.001699442,0.0,0.0,0.0,0.0,0.0,0.0,0.0,0.0,0.000242777,0.0,0.0,0.0,0.0,0.0,0.0,0.0,0.0,0.0,0.0,0.0,0.0,0.0,0.0,0.0,0.0,0.0,0.0,0.0,0.0,0.0,0.0,0.0,0.000121389,0.0,0.0,0.0,0.0,0.000121389,0.0,0.0,0.012503035,0.0,0.0,0.0,0.0,0.0,0.0,0.0,0.0,0.0,0.000728332,0.000121389,0.0,0.001456664,0.0,0.0,0.0,0.0,0.0,0.0,0.0,0.0,0.0,0.0,0.0,0.0,0.0,0.0,0.0,0.0,0.000364166,0.0,0.0,0.0,0.0,0.0,0.0,0.0,0.0,0.000121389,0.0,0.0,0.0,0.0,0.0,0.0,0.0,0.0,0.0,0.0,0.0,0.0,0.0,0.0,0.0,0.014081088,0.0,0.0,0.000242777,0.0,0.0,0.0,0.001213887,0.0,0.0,0.007283321,0.0,0.0,0.0,0.0,0.0,0.006069434,0.0,0.0,0.0,0.000971109,0.001092498,0.10536538,0.008011653,0.0,0.004976936,0.005341102,0.011410537,0.006190823,0.0,0.0,0.0,0.0,0.0,0.0,0.0,0.0,0.0,0.0,0.000242777,0.000971109,0.0,0.000364166,0.0,0.0,0.0,0.0,0.0,0.0,0.0,0.0,0.0,0.0,0.0,0.0,0.000121389,0.0,0.002184996,0.0,0.0,0.0,0.0,0.0,0.0,0.0,0.0,0.0,0.0,0.0,0.0,0.0,0.0,0.0,0.0,0.0,0.0,0.0,0.0,0.0,0.0,0.0,0.0,0.0,0.0,0.0,0.0,0.0,0.0,0.0,0.0,0.0,0.0,0.0,0.0,0.0,0.0,0.0,0.0,0.0,0.0,0.0,0.0,0.0,0.0,0.0,0.0,0.0,0.0,0.0,0.0,0.0,0.0,0.0,0.0,0.0,0.015294975,0.0,0.0,0.0,0.0,0.000606943,0.0,0.000485555,0.0,0.0,0.0,0.0,0.0,0.000242777,0.0,0.0,0.0,0.0,0.0,0.001456664,0.0,0.0,0.0,0.0,0.0,0.0,0.0,0.0,0.0,0.0,0.0,0.0,0.0,0.0,0.0,0.0,0.0,0.0,0.0,0.000121389,0.0,0.0,0.0,0.0,0.0,0.0,0.0,0.0,0.0,0.0,0.0,0.0,0.0,0.0,0.0,0.0,0.0,0.0,0.000242777,0.0,0.0,0.0,0.0,0.0,0.0,0.0,0.0,0.0,0.0,0.0,0.0,0.0,0.0,0.0,0.0,0.000364166,0.178441369,0.0,0.0,0.028162175,0.0,0.0,0.0,0.0,0.0,0.0,0.0,0.0,0.0,0.0,0.0,0.0,0.000364166,0.0,0.0,0.0,0.0,0.0,0.0,0.0,0.0,0.0,0.0,0.0,0.0,0.0,0.0,0.0,0.0,0.000849721,0.0,0.0,0.0,0.0,0.0,0.0,0.0,0.0,0.000121389,0.0,0.0,0.0,0.0,0.0,0.000121389,0.0,0.0,0.0,0.0,0.0,0.0,0.0,0.0,0.0,0.0,0.0,0.0,0.0,0.0,0.0,0.0,0.0,0.01019665,0.0,0.0,0.0,0.0,0.0,0.0,0.0,0.000121389,0.0,0.002306385,0.0,0.0,0.0,0.0,0.0,0.0,0.0,0.000364166,0.0,0.0,0.0,0.0,0.004127215,0.0,0.0,0.0,0.0,0.0,0.0,0.0,0.0,0.0,0.0,0.0,0.0,0.0,0.0,0.0,0.001578053,0.0,0.0,0.00182083,0.0,0.0,0.0,0.000242777,0.0,0.0,0.0,0.0,0.0,0.0,0.0,0.0,0.0,0.0,0.0,0.0,0.0,0.0,0.0,0.0,0.0,0.0,0.0,0.0,0.0,0.0,0.0,0.0,0.0,0.0,0.0,0.0,0.0,0.0,0.0,0.0,0.0,0.0,0.0,0.0,0.0,0.0,0.0,0.001335276,0.0,0.0,0.0,0.0,0.0,0.0,0.0,0.0,0.0,0.0,0.0,0.0,0.0,0.000121389,0.0,0.0,0.0,0.0,0.0,0.0,0.0,0.0,0.0,0.0,0.0,0.0,0.0,0.0,0.0,0.0,0.0,0.001942219,0.0,0.0,0.0,0.0,0.0,0.0,0.000606943,0.0,0.0,0.0,0.0,0.002427774,0.0,0.0,0.0,0.004491381,0.000971109,0.000242777,0.0,0.0,0.001456664,0.000121389,0.0,0.0,0.0,0.0,0.000728332,0.0,0.0,0.0,0.0,0.0,0.000485555,0.0,0.0,0.0,0.0,0.0,0.0,0.0,0.0,0.0,0.0,0.0,0.0,0.0,0.0,0.0,0.0,0.0,0.0,0.0,0.0,0.0,0.0,0.0,0.0,0.0,0.000606943,0.0,0.009832484,0.0,0.004127215,0.002306385,0.0,0.0,0.0,0.0,0.0,0.0,0.0,0.0,0.0,0.0,0.0,0.0,0.0,0.0,0.0,0.0,0.000121389,0.0,0.0,0.0,0.0,0.0,0.0,0.0,0.010439427,0.0,0.0,0.0,0.0,0.0,0.0,0.0,0.0,0.0,0.0,0.0,0.0,0.0,0.0,0.0,0.0,0.0,0.0,0.417455693,0.0,0.0,0.073561544,0.0,0.0,0.0,0.0,0.0,0.0,0.0,0.0,0.0,0.0,0.0,0.0,0.0,0.0,0.0,0.0,0.0,0.0,0.0,0.0,0.0,0.0,0.0,0.0,0.0,0.0,0.0,0.0,0.0,0.0,0.0,0.0,0.0,0.0,0.002427774,0.0,0.0,0.0,0.0,0.0,0.0,0.0,0.0,0.0,0.0,0.000121389,0.0,0.0,0.0,0.0,0.000485555,0.0,0.0,0.0,0.0,0.0,0.0,0.0,0.0,0.0,0.0,0.0,0.0,0.0,0.0,0.0,0.0,0.0,0.0,0.0,0.0,0.0,0.0,0.0,0.0,0.0,0.0,0.0,0.0,0.0,0.0,0.0,0.0,0.0,0.0,0.0,0.0,0.0,0.0,0.0,0.0,0.0,0.000242777,0.0,0.0,0.0,0.0,0.0,0.0,0.001213887,0.0,0.0,0.0,0.0,0.0,0.0,0.0,0.0,0.0,0.0,0.0,0.001942219,0.0,0.000121389,0.0,0.0,0.0,0.0,0.0,0.0,0.0,0.0,0.0,0.0,0.0,0.003884438,0.0,0.000364166,0.0,0.0,0.0,0.0,0.0,0.0,0.0,0.0,0.0
98,0.0,0.0,0.0,0.0,0.0,0.0,0.002913328,0.0,0.0,0.000121389,0.075989318,0.022578296,0.0,0.0,0.0,0.001456664,0.002427774,0.0,0.000728332,0.002063608,0.0,0.0,0.030347172,0.005219714,0.0,0.0,0.000364166,0.000121389,0.0,0.0,0.0,0.0,0.0,0.000121389,0.0,0.0,0.005098325,0.0,0.0,0.000121389,0.0,0.0,0.0,0.0,0.0,0.0,0.0,0.0,0.0,0.0,0.0,0.0,0.0,0.0,0.0,0.0,0.0,0.000121389,0.0,0.03143967,0.001213887,0.0,0.0,0.0,0.004855547,0.0,0.0,0.005341102,0.006919155,0.001335276,0.0,0.013231367,0.0,0.0,0.0,0.0,0.0,0.0,0.000485555,0.0,0.002670551,0.004248604,0.0,0.0,0.0,0.0,0.0,0.0,0.0,0.0,0.0,0.0,0.0,0.0,0.0,0.000242777,0.0,0.000364166,0.0,0.0,0.0,0.0,0.0,0.0,0.002063608,0.0,0.0,0.0,0.0,0.0,0.0,0.0,0.000364166,0.003277495,0.0,0.0,0.002427774,0.0,0.0,0.0,0.0,0.0,0.026584122,0.0,0.0,0.0,0.0,0.0,0.0,0.0,0.0,0.005826657,0.00279194,0.0,0.0,0.0,0.0,0.0,0.0,0.00182083,0.0,0.0,0.0,0.001942219,0.00558388,0.0,0.0,0.0,0.001092498,0.00182083,0.018815246,0.0,0.0,0.0,0.0,0.0,0.003520272,0.0,0.0,0.0,0.0,0.000364166,0.0,0.0,0.006069434,0.0,0.003884438,0.0,0.0,0.0,0.0,0.0,0.0,0.0,0.0,0.005219714,0.0,0.0,0.0,0.0,0.0,0.0,0.0,0.0,0.0,0.0,0.0,0.0,0.0,0.0,0.000121389,0.0,0.000121389,0.0,0.0,0.0,0.0,0.0,0.00558388,0.0,0.0,0.0,0.01019665,0.0,0.0,0.003884438,0.000606943,0.0,0.0,0.0,0.000121389,0.003398883,0.000121389,0.0,0.000728332,0.0,0.0,0.0,0.0,0.015052197,0.000606943,0.0,0.0,0.0,0.0,0.000121389,0.0,0.000121389,0.0,0.0,0.000606943,0.0,0.0,0.0,0.000121389,0.0,0.0,0.0,0.001335276,0.0,0.000242777,0.0,0.0,0.0,0.0,0.0,0.0,0.0,0.005341102,0.0,0.0,0.0,0.0,0.0,0.0,0.0,0.0,0.0,0.003884438,0.001213887,0.0,0.003641661,0.0,0.0,0.0,0.0,0.0,0.0,0.0,0.000121389,0.0,0.0,0.0,0.0,0.0,0.0,0.0,0.0,0.0,0.0,0.112284535,0.0,0.0,0.0,0.0,0.0,0.003641661,0.002670551,0.0,0.0,0.0,0.0,0.0,0.0,0.0,0.0,0.0,0.0,0.000606943,0.0,0.0,0.0,0.001942219,0.0,0.0,0.0,0.0,0.0,0.0,0.0,0.0,0.0,0.000121389,0.00558388,0.0,0.0,0.046977422,0.0,0.0,0.0,0.0,0.0,0.0,0.0,0.0,0.0,0.0,0.0,0.0,0.000728332,0.000728332,0.0,0.0,0.0,0.0,0.0,0.0,0.0,0.0,0.00182083,0.0,0.0,0.0,0.000121389,0.0,0.0,0.0,0.0,0.0,0.0,0.0,0.0,0.0,0.0,0.000121389,0.000728332,0.0,0.0,0.0,0.004127215,0.011653314,0.000485555,0.000364166,0.0,0.001092498,0.0,0.0,0.0,0.005826657,0.0,0.0,0.0,0.0,0.0,0.0,0.0,0.0,0.0,0.0,0.00279194,0.0,0.000242777,0.0,0.0,0.0,0.000121389,0.000121389,0.0,0.0,0.004491381,0.0,0.0,0.0,0.0,0.0,0.000728332,0.0,0.0,0.0,0.0,0.001213887,0.0,0.00922554,0.0,0.0,0.0,0.007161933,0.0,0.0,0.000121389,0.0,0.0,0.0,0.0,0.0,0.0,0.001699442,0.0,0.000485555,0.0,0.0,0.006919155,0.0,0.0,0.0,0.0,0.000971109,0.000121389,0.0,0.0,0.0,0.0,0.0,0.0,0.0,0.0,0.0,0.0,0.0,0.0,0.0,0.0,0.0,0.0,0.0,0.0,0.0,0.0,0.0,0.0,0.000485555,0.0,0.0,0.0,0.0,0.0,0.0,0.0,0.0,0.0,0.0,0.000849721,0.0,0.0,0.0,0.0,0.0,0.0,0.0,0.0,0.0,0.0,0.0,0.0,0.0,0.000849721,0.0,0.000121389,0.0,0.003398883,0.0,0.0,0.0,0.005705268,0.0,0.0,0.0,0.0,0.0,0.0,0.0,0.002549162,0.0,0.0,0.0,0.0,0.0,0.000606943,0.0,0.0,0.0,0.0,0.0,0.0,0.0,0.0,0.005098325,0.0,0.0,0.023670794,0.002427774,0.0,0.0,0.032653557,0.002913328,0.0,0.0,0.0,0.000242777,0.015294975,0.0,0.000971109,0.0,0.0,0.005341102,0.0,0.0,0.0,0.0,0.004005827,0.000485555,0.000364166,0.0,0.0,0.0,0.0,0.0,0.0,0.0,0.0,0.0,0.0,0.000364166,0.0,0.0,0.0,0.0,0.0,0.0,0.0,0.000364166,0.0,0.0,0.0,0.0,0.0,0.0,0.0,0.021000243,0.0,0.000606943,0.0,0.0,0.0,0.0,0.0,0.006312212,0.0,0.0,0.0,0.0,0.0,0.0,0.0,0.0,0.0,0.0,0.0,0.0,0.0,0.0,0.0,0.0,0.0,0.0,0.0,0.0,0.0,0.0,0.0,0.0,0.000121389,0.000121389,0.000485555,0.000728332,0.0,0.0,0.0,0.0,0.0,0.0,0.0,0.0,0.0,0.0,0.108035931,0.0,0.0,0.003277495,0.000364166,0.0,0.000485555,0.0,0.0,0.0,0.0,0.0,0.000485555,0.0,0.0,0.0,0.0,0.0,0.0,0.0,0.0,0.0,0.0,0.0,0.0,0.000242777,0.0,0.0,0.0,0.0,0.000242777,0.0,0.0,0.0,0.0,0.006676378,0.0,0.000121389,0.012260257,0.001578053,0.013959699,0.0,0.0,0.000364166,0.0,0.022092741,0.0,0.0,0.0,0.000485555,0.0,0.0,0.0,0.0,0.001699442,0.000121389,0.0,0.012624423,0.000242777,0.0,0.001213887,0.000121389,0.0,0.0,0.0,0.0,0.003520272,0.0,0.0,0.0,0.0,0.000121389,0.000364166,0.0,0.0,0.0,0.0,0.0,0.0,0.0,0.0,0.0,0.0,0.0,0.0,0.003641661,0.0,0.0,0.0,0.001578053,0.0,0.0,0.0,0.0,0.000606943,0.0,0.013231367,0.0,0.0,0.000121389,0.019664967,0.0,0.0,0.014081088,0.0,0.0,0.0,0.0,0.0,0.0,0.0,0.0,0.0,0.0,0.0,0.0,0.0,0.000242777,0.001335276,0.0,0.0,0.000121389,0.0,0.0,0.0,0.0,0.0,0.0,0.001092498,0.003277495,0.001213887,0.0,0.0,0.0,0.0,0.0,0.0,0.0,0.0,0.0,0.0
99,0.0,0.0,0.0,0.0,0.0,0.000364166,0.0,0.003641661,0.0,0.0,0.0,0.0,0.0,0.0,0.0,0.0,0.003763049,0.0,0.0,0.000121389,0.0,0.0,0.0,0.0,0.0,0.0,0.004734159,0.0,0.0,0.0,0.0,0.0,0.0,0.000485555,0.0,0.038358825,0.017358582,0.0,0.0,0.0,0.0,0.0,0.0,0.0,0.0,0.0,0.0,0.0,0.0,0.0,0.0,0.0,0.0,0.0,0.0,0.0,0.0,0.0,0.0,0.00461277,0.000971109,0.0,0.0,0.0,0.00182083,0.0,0.0,0.006919155,0.0,0.0,0.0,0.0,0.0,0.0,0.0,0.0,0.0,0.0,0.0,0.0,0.003398883,0.001213887,0.0,0.0,0.0,0.0,0.0,0.0,0.0,0.0,0.0,0.0,0.0,0.0,0.0,0.0,0.0,0.006554989,0.0,0.0,0.000121389,0.0,0.0,0.0,0.0,0.0,0.0,0.0,0.0,0.0,0.0,0.0,0.0,0.0,0.0,0.0,0.0,0.0,0.0,0.0,0.0,0.0,0.002063608,0.0,0.0,0.0,0.0,0.0,0.0,0.004855547,0.0,0.0,0.0,0.0,0.0,0.0,0.032168002,0.0,0.020150522,0.0,0.0,0.0,0.000971109,0.001699442,0.119325079,0.0,0.0,0.007890265,0.029376062,0.11094926,0.041272153,0.0,0.006312212,0.0,0.0,0.0,0.003884438,0.0,0.0,0.0,0.0,0.000242777,0.000606943,0.0,0.005948046,0.0,0.000485555,0.0,0.0,0.0,0.0,0.0,0.0,0.0,0.0,0.000242777,0.0,0.002549162,0.0,0.0,0.0,0.0,0.0,0.0,0.0,0.0,0.0,0.0,0.0,0.0,0.0,0.0,0.0,0.0,0.0,0.0,0.0,0.0,0.0,0.0,0.0,0.0,0.0,0.0,0.0,0.0,0.0,0.0,0.0,0.0,0.0,0.0,0.0,0.0,0.0,0.0,0.0,0.0,0.0,0.000364166,0.0,0.0,0.0,0.0,0.0,0.0,0.0,0.0,0.0,0.0,0.0,0.0,0.0,0.0,0.0,0.0,0.0,0.0,0.0,0.0,0.000121389,0.0,0.002306385,0.0,0.0,0.0,0.0,0.0,0.000242777,0.0,0.0,0.0,0.0,0.0,0.0,0.0,0.0,0.0,0.014323865,0.000364166,0.0,0.0,0.0,0.0,0.0,0.0,0.0,0.0,0.0,0.0,0.0,0.0,0.0,0.0,0.0,0.0,0.0,0.0,0.0,0.0,0.0,0.0,0.0,0.0,0.0,0.0,0.001213887,0.002063608,0.0,0.0,0.0,0.0,0.0,0.0,0.0,0.000242777,0.0,0.0,0.0,0.0,0.0,0.0,0.000242777,0.0,0.0,0.0,0.0,0.0,0.0,0.0,0.0,0.0,0.0,0.14603059,0.0,0.0,0.063607672,0.0,0.000242777,0.0,0.0,0.0,0.0,0.0,0.0,0.0,0.0,0.0,0.0,0.00182083,0.0,0.0,0.0,0.0,0.0,0.0,0.0,0.0,0.0,0.000728332,0.0,0.0,0.0,0.0,0.0,0.0,0.0,0.0,0.0,0.0,0.0,0.0,0.0,0.0,0.0,0.0,0.0,0.0,0.0,0.0,0.0,0.0,0.0,0.0,0.000606943,0.000849721,0.0,0.0,0.000606943,0.0,0.0,0.0,0.0,0.0,0.0,0.0,0.0,0.0,0.0,0.001092498,0.0,0.016387473,0.000485555,0.000364166,0.0,0.000242777,0.0,0.008375819,0.0,0.027191066,0.0,0.0,0.0,0.0,0.0,0.0,0.0,0.0,0.0,0.0,0.0,0.0,0.012624423,0.0,0.0,0.0,0.0,0.0,0.0,0.0,0.0,0.0,0.0,0.0,0.0,0.0,0.0,0.0,0.0,0.0,0.0,0.012138869,0.0,0.0,0.0,0.0,0.0,0.0,0.0,0.0,0.0,0.0,0.0,0.0,0.0,0.0,0.0,0.0,0.0,0.0,0.0,0.0,0.0,0.0,0.0,0.0,0.0,0.0,0.0,0.0,0.0,0.0,0.0,0.0,0.0,0.0,0.0,0.0,0.0,0.0,0.0,0.0,0.0,0.0,0.0,0.0,0.0,0.0,0.0,0.0,0.0,0.0,0.0,0.004369993,0.009468318,0.0,0.0,0.0,0.0,0.000728332,0.0,0.0,0.0,0.0,0.0,0.0,0.0,0.0,0.0,0.0,0.0,0.0,0.0,0.0,0.0,0.0,0.0,0.003884438,0.0,0.0,0.0,0.0,0.0,0.0,0.015294975,0.0,0.0,0.0,0.0,0.007526099,0.0,0.0,0.0,0.032896334,0.0,0.000364166,0.0,0.0,0.0,0.0,0.0,0.0,0.0,0.0,0.0,0.0,0.0,0.0,0.0,0.002063608,0.000971109,0.0,0.0,0.0,0.0,0.0,0.0,0.0,0.0,0.0,0.0,0.0,0.0,0.000121389,0.0,0.0,0.0,0.0,0.0,0.0,0.0,0.0,0.0,0.0,0.0,0.0,0.0,0.0,0.015052197,0.0,0.0,0.0,0.0,0.0,0.0,0.0,0.0,0.0,0.001335276,0.0,0.0,0.0,0.0,0.0,0.0,0.0,0.0,0.0,0.0,0.0,0.0,0.0,0.0,0.015294975,0.0,0.0,0.0,0.000485555,0.0,0.0,0.0,0.0,0.0,0.0,0.0,0.0,0.0,0.0,0.0,0.0,0.0,0.0,0.0,0.0,0.0,0.0,0.0,0.0,0.0,0.0,0.0,0.0,0.0,0.0,0.0,0.0,0.0,0.0,0.0,0.0,0.0,0.0,0.0,0.0,0.0,0.0,0.0,0.0,0.0,0.0,0.0,0.0,0.0,0.0,0.0,0.0,0.0,0.0,0.0,0.0,0.0,0.0,0.0,0.018086914,0.0,0.0,0.0,0.0,0.0,0.0,0.00182083,0.0,0.000242777,0.0,0.0,0.001578053,0.0,0.0,0.0,0.000121389,0.0,0.0,0.0,0.0,0.0,0.000364166,0.0,0.0,0.001456664,0.0,0.0,0.0,0.0,0.0,0.0,0.0,0.0,0.0,0.0,0.0,0.0,0.0,0.0,0.0,0.0,0.0,0.0,0.0,0.0,0.0,0.0,0.0,0.0,0.0,0.0,0.0,0.0,0.0,0.0,0.0,0.0,0.001578053,0.0,0.0,0.0,0.004005827,0.0,0.0,0.059844622,0.0,0.0,0.0,0.0,0.0,0.0,0.0,0.0,0.0,0.0,0.0,0.0,0.0,0.0,0.0,0.0,0.0,0.0,0.0,0.0,0.0,0.0,0.0,0.0,0.0,0.000606943,0.0,0.000121389,0.0,0.0,0.0,0.0,0.0,0.0,0.0,0.0,0.0
100,0.0,0.0,0.0,0.0,0.0,0.0,0.0,0.0,0.0,0.0,0.0,0.0,0.003520272,0.0,0.0,0.0,0.002427774,0.0,0.0,0.000485555,0.0,0.0,0.000242777,0.0,0.0,0.0,0.0,0.0,0.0,0.0,0.0,0.0,0.0,0.000364166,0.0,0.0,0.003398883,0.0,0.0,0.0,0.0,0.0,0.0,0.0,0.0,0.000606943,0.001456664,0.0,0.0,0.0,0.0,0.0,0.0,0.0,0.0,0.0,0.0,0.0,0.0,0.000485555,0.000606943,0.0,0.0,0.0,0.0,0.0,0.0,0.008011653,0.000728332,0.0,0.0,0.07113377,0.0,0.000242777,0.0,0.000364166,0.003398883,0.004491381,0.002427774,0.0,0.013595533,0.0,0.0,0.0,0.0,0.0,0.0,0.0,0.0,0.0,0.0,0.0,0.0,0.0,0.0,0.0,0.0,0.0,0.0,0.0,0.0,0.0,0.0,0.0,0.0,0.0,0.0,0.0,0.0,0.0,0.0,0.0,0.0,0.0,0.0,0.0,0.0,0.0,0.0,0.0,0.0,0.0,0.108885652,0.0,0.0,0.0,0.0,0.0,0.0,0.000242777,0.001456664,0.048434086,0.040422433,0.0,0.0,0.0,0.0,0.0,0.000364166,0.0,0.0,0.0,0.000121389,0.006190823,0.125151736,0.014323865,0.0,0.015173586,0.008375819,0.008861374,0.065428502,0.005341102,0.0,0.0,0.0,0.0,0.0,0.0,0.0,0.0,0.0,0.0,0.0,0.0,0.003156106,0.0,0.000849721,0.0,0.0,0.0,0.0,0.0,0.0,0.0,0.0,0.000242777,0.0,0.0,0.0,0.005462491,0.0,0.005826657,0.004734159,0.0,0.0,0.0,0.0,0.0,0.0,0.0,0.0,0.0,0.0,0.0,0.0,0.0,0.0,0.0,0.001213887,0.0,0.0,0.0,0.000121389,0.0,0.0,0.0,0.0,0.0,0.0,0.0,0.0,0.0,0.0,0.0,0.0,0.0,0.0,0.0,0.0,0.0,0.0,0.0,0.0,0.0,0.0,0.0,0.0,0.0,0.0,0.0,0.0,0.0,0.0,0.0,0.0,0.0,0.0,0.0,0.0,0.0,0.0,0.0,0.0,0.0,0.0,0.0,0.0,0.0,0.000242777,0.0,0.0,0.0,0.0,0.0,0.0,0.0,0.0,0.0,0.000606943,0.000606943,0.0,0.0,0.0,0.0,0.0,0.0,0.0,0.0,0.0,0.0,0.0,0.0,0.0,0.0,0.0,0.002913328,0.0,0.0,0.001456664,0.0,0.0,0.0,0.0,0.003641661,0.0,0.0,0.001092498,0.000849721,0.0,0.0,0.0,0.0,0.0,0.0,0.0,0.0,0.0,0.0,0.0,0.0,0.0,0.0,0.0,0.0,0.0,0.0,0.0,0.0,0.0,0.0,0.0,0.0,0.0,0.020878854,0.0,0.0,0.0268269,0.000606943,0.0,0.0,0.0,0.0,0.0,0.0,0.0,0.0,0.0,0.0,0.0,0.000485555,0.0,0.0,0.0,0.0,0.0,0.0,0.0,0.0,0.0,0.000728332,0.0,0.0,0.0,0.0,0.0,0.0,0.0,0.0,0.0,0.0,0.0,0.0,0.0,0.0,0.0,0.0,0.0,0.0,0.0,0.00182083,0.00182083,0.0,0.0,0.0,0.0,0.0,0.0,0.0,0.0,0.0,0.0,0.0,0.0,0.0,0.0,0.0,0.0,0.0,0.0,0.0,0.0,0.0,0.0,0.0,0.0,0.0,0.0,0.0,0.0,0.000364166,0.0,0.0,0.0,0.0,0.0,0.0,0.0,0.0,0.0,0.0,0.0,0.0,0.011653314,0.0,0.0,0.0,0.0,0.0,0.0,0.0,0.0,0.0,0.0,0.0,0.0,0.0,0.0,0.0,0.001699442,0.0,0.0,0.020271911,0.0,0.0,0.0,0.0,0.0,0.0,0.0,0.0,0.000121389,0.0,0.0,0.0,0.0,0.0,0.0,0.0,0.0,0.0,0.0,0.0,0.0,0.0,0.000485555,0.0,0.0,0.0,0.0,0.0,0.000121389,0.0,0.0,0.0,0.0,0.0,0.0,0.0,0.0,0.0,0.0,0.000364166,0.0,0.0,0.0,0.0,0.0,0.0,0.008739985,0.0,0.0,0.0,0.0,0.0,0.0,0.0,0.0,0.0,0.0,0.000242777,0.0,0.0,0.0,0.0,0.0,0.0,0.0,0.0,0.0,0.0,0.0,0.014445254,0.0,0.0,0.0,0.0,0.0,0.000242777,0.0,0.000728332,0.0,0.0,0.0,0.0,0.001335276,0.0,0.0,0.0,0.0,0.001942219,0.0,0.0,0.0,0.009832484,0.00279194,0.0,0.0,0.0,0.000606943,0.001092498,0.0,0.0,0.0,0.0,0.0,0.0,0.0,0.0,0.0,0.000242777,0.0,0.0,0.0,0.000485555,0.0,0.0,0.0,0.0,0.0,0.0,0.0,0.0,0.0,0.0,0.0,0.000121389,0.0,0.0,0.0,0.0,0.0,0.000849721,0.0,0.003277495,0.0,0.0,0.001092498,0.000606943,0.021607186,0.0,0.0,0.0,0.0,0.033139111,0.0,0.0,0.0,0.0,0.0,0.0,0.0,0.0,0.0,0.0,0.0,0.0,0.0,0.0,0.0,0.0,0.0,0.0,0.0,0.0,0.0,0.0,0.000728332,0.0,0.0,0.0,0.0,0.0,0.0,0.0,0.0,0.0,0.0,0.0,0.0,0.0,0.0,0.0,0.0,0.0,0.0,0.162296674,0.0,0.0,0.000121389,0.0,0.0,0.0,0.0,0.0,0.0,0.0,0.0,0.0,0.0,0.0,0.0,0.005462491,0.0,0.0,0.0,0.0,0.0,0.0,0.0,0.0,0.0,0.0,0.000485555,0.0,0.0,0.0,0.0,0.0,0.0,0.0,0.0,0.0,0.0,0.005948046,0.0,0.000485555,0.0,0.0,0.0,0.0,0.0,0.0,0.0,0.0,0.000121389,0.0,0.0,0.000242777,0.0,0.000242777,0.0,0.0,0.0,0.0,0.0,0.000242777,0.0,0.0,0.0,0.0,0.0,0.0,0.0,0.006919155,0.001578053,0.0,0.0,0.0,0.0,0.0,0.0,0.0,0.0,0.0,0.0,0.0,0.0,0.0,0.0,0.0,0.0,0.0,0.0,0.0,0.0,0.0,0.0,0.0,0.0,0.0,0.0,0.001456664,0.0,0.0,0.0,0.003641661,0.0,0.0,0.006676378,0.0,0.0,0.0,0.0,0.000728332,0.0,0.0,0.0,0.0,0.0,0.0,0.0,0.0,0.003156106,0.0,0.0,0.0,0.0,0.0,0.0,0.0,0.0,0.0,0.0,0.0,0.0064336,0.0,0.001578053,0.0,0.0,0.0,0.0,0.0,0.0,0.0,0.0,0.0
101,0.0,0.0,0.0,0.0,0.0,0.0,0.000121389,0.0,0.0,0.0,0.031318281,0.0,0.0,0.0,0.000121389,0.0,0.004491381,0.0,0.0,0.000364166,0.0,0.0,0.0,0.0,0.0,0.0,0.004491381,0.001578053,0.0,0.0,0.0,0.0,0.0,0.000485555,0.0,0.0,0.002670551,0.0,0.0,0.0,0.0,0.0,0.0,0.0,0.0,0.0,0.0,0.0,0.0,0.0,0.0,0.0,0.0,0.0,0.0,0.000121389,0.0,0.0,0.0,0.029376062,0.000121389,0.0,0.0,0.0,0.0,0.0,0.0,0.0,0.0,0.002306385,0.0,0.057538237,0.0,0.0,0.0,0.004855547,0.0,0.0,0.000485555,0.0,0.025977179,0.0,0.0,0.058145181,0.0,0.0,0.0,0.0,0.0,0.0,0.0,0.0,0.0,0.0,0.0,0.0,0.0,0.000485555,0.0,0.0,0.0,0.0,0.0,0.0,0.000121389,0.0,0.0,0.000121389,0.0,0.0,0.0,0.0,0.0,0.0,0.0,0.0,0.0,0.0,0.0,0.0,0.0,0.0,0.018693858,0.0,0.0,0.0,0.005098325,0.0,0.0,0.0,0.0,0.021728575,0.008133042,0.0,0.002427774,0.0,0.000606943,0.0,0.0,0.0,0.0,0.0,0.005341102,0.001942219,0.030954115,0.0,0.0,0.015901918,0.006797766,0.041272153,0.033017723,0.006190823,0.0,0.0,0.0,0.0,0.0,0.0,0.0,0.0,0.0,0.0,0.000364166,0.0,0.001335276,0.0,0.000485555,0.0,0.0,0.0,0.0,0.0,0.0,0.0,0.0,0.000364166,0.0,0.000121389,0.0,0.015052197,0.0,0.009346929,0.011167759,0.0,0.000485555,0.0,0.0,0.000121389,0.0,0.0,0.0,0.0,0.0,0.0,0.0,0.0,0.0,0.0,0.001456664,0.0,0.0,0.0,0.0,0.0,0.0,0.0,0.0,0.0,0.0,0.0,0.0,0.000364166,0.0,0.0,0.0,0.0,0.0,0.0,0.0,0.0,0.0,0.0,0.0,0.0,0.0,0.0,0.0,0.0,0.0,0.0,0.0,0.0,0.0,0.0,0.0,0.0,0.0,0.000485555,0.0,0.0,0.0,0.0,0.000364166,0.0,0.0,0.0,0.0,0.0,0.000606943,0.0,0.0,0.0,0.0,0.0,0.0,0.0,0.0,0.0,0.000485555,0.001699442,0.007890265,0.0,0.0,0.0,0.0,0.0,0.0,0.0,0.0,0.0,0.0,0.0,0.0,0.0,0.0,0.001699442,0.0,0.0,0.0,0.0,0.0,0.0,0.0,0.0,0.0,0.0,0.000485555,0.000849721,0.0,0.0,0.0,0.0,0.0,0.0,0.000364166,0.0,0.0,0.0,0.002427774,0.0,0.0,0.0,0.0,0.0,0.0,0.0,0.0,0.0,0.0,0.0,0.0,0.0,0.001213887,0.000121389,0.0,0.0,0.033746055,0.0,0.0,0.0,0.0,0.0,0.0,0.0,0.0,0.0,0.0,0.0,0.0,0.0,0.0,0.0,0.0,0.0,0.0,0.0,0.0,0.0,0.0,0.000606943,0.002063608,0.004369993,0.001092498,0.0,0.0,0.0,0.0,0.0,0.0,0.0,0.0,0.0,0.0,0.0,0.0,0.0,0.0,0.0,0.0,0.001456664,0.0,0.0,0.000121389,0.0,0.0,0.000121389,0.0,0.0,0.0,0.000364166,0.0,0.0,0.0,0.0,0.0,0.0,0.0,0.0,0.0,0.010439427,0.0,0.000606943,0.0,0.0,0.0,0.0,0.0,0.000606943,0.0,0.009953872,0.0,0.0,0.0,0.001578053,0.000121389,0.0,0.0,0.0,0.0,0.0,0.000849721,0.0,0.018329692,0.003034717,0.0,0.0,0.000242777,0.0,0.0,0.0,0.0,0.0,0.0,0.002427774,0.0,0.0,0.0,0.000242777,0.001456664,0.0,0.0,0.004734159,0.0,0.0,0.0,0.000364166,0.000121389,0.0,0.0,0.0,0.0,0.0,0.0,0.0,0.0,0.0,0.0,0.0,0.0,0.0,0.0,0.0,0.0,0.0,0.0,0.003277495,0.0,0.0,0.0,0.0,0.0,0.0,0.0,0.0,0.0,0.0,0.0,0.0,0.0,0.0,0.0,0.000242777,0.0,0.0,0.000364166,0.002063608,0.0,0.0,0.0,0.000242777,0.0,0.0,0.0,0.0,0.0,0.0,0.0,0.0,0.0,0.0,0.0,0.0,0.0,0.0,0.0,0.0,0.0,0.0,0.0,0.0,0.0,0.013959699,0.0,0.0,0.0,0.0,0.0,0.000485555,0.0,0.0,0.0,0.0,0.0,0.0,0.0,0.0,0.0,0.0,0.0,0.0,0.004127215,0.0,0.0,0.007161933,0.0,0.0,0.0,0.0,0.001335276,0.014323865,0.001578053,0.0,0.0,0.0,0.0,0.0,0.0,0.0,0.0,0.000364166,0.0,0.0,0.0,0.0,0.0,0.0,0.0,0.0,0.0,0.0,0.0,0.0,0.0,0.0,0.0,0.0,0.0,0.0,0.0,0.0,0.0,0.000485555,0.0,0.001699442,0.0,0.0,0.001456664,0.0,0.052318524,0.0,0.008375819,0.0,0.0,0.0,0.0,0.0,0.0,0.0,0.0,0.0,0.0,0.0,0.0,0.0,0.001335276,0.0,0.0,0.0,0.0,0.0,0.0,0.0,0.0,0.006554989,0.001456664,0.0,0.0,0.0,0.0,0.0,0.0,0.0,0.0,0.0,0.0,0.0,0.0,0.0,0.0,0.0,0.0,0.0,0.0,0.0,0.0,0.147123088,0.0,0.059237679,0.0,0.0,0.0,0.0,0.0,0.0,0.0,0.0,0.0,0.0,0.0,0.0,0.0,0.0,0.0,0.0,0.0,0.0,0.0,0.0,0.0,0.0,0.0,0.0,0.0,0.000121389,0.0,0.0,0.0,0.0,0.0,0.0,0.00182083,0.0,0.0,0.033867444,0.0,0.002670551,0.0,0.0,0.0,0.0,0.0,0.0,0.0,0.0,0.0,0.0,0.0,0.000242777,0.0,0.0,0.0,0.0,0.0,0.0,0.0,0.0,0.0,0.0,0.0,0.0,0.0,0.0,0.0,0.0,0.000606943,0.0,0.0,0.0,0.0,0.0,0.0,0.0,0.0,0.0,0.0,0.0,0.0,0.0,0.0,0.0,0.0,0.0,0.0,0.0,0.0,0.0,0.0,0.0,0.0,0.0,0.0,0.014202476,0.0,0.002549162,0.0,0.003398883,0.000364166,0.0,0.003277495,0.0,0.0,0.0,0.0,0.002670551,0.004734159,0.0,0.0,0.0,0.01104637,0.0,0.0,0.0,0.005341102,0.0,0.0,0.0,0.000242777,0.0,0.0,0.0,0.0,0.0,0.0,0.0,0.001456664,0.0,0.0,0.0,0.0,0.0,0.0,0.0,0.0,0.0,0.0,0.0
102,0.0,0.001092498,0.0,0.0,0.0,0.0,0.0,0.0,0.0,0.0,0.0,0.0,0.0,0.0,0.0,0.0,0.0,0.0,0.0,0.0,0.0,0.0,0.0,0.0,0.0,0.0,0.0,0.0,0.0,0.0,0.0,0.0,0.0,0.0,0.0,0.005098325,0.000121389,0.0,0.0,0.0,0.0,0.0,0.0,0.0,0.0,0.0,0.0,0.0,0.0,0.0,0.0,0.0,0.0,0.0,0.0,0.0,0.000121389,0.0,0.0,0.0,0.0,0.0,0.0,0.0,0.04345715,0.0,0.000121389,0.0,0.0,0.0,0.0,0.0,0.0,0.0,0.0,0.0,0.0,0.0,0.0,0.0,0.0,0.0,0.0,0.0,0.0,0.0,0.0,0.0,0.0,0.0,0.0,0.0,0.0,0.0,0.0,0.0,0.0,0.0,0.0,0.0,0.0,0.0,0.0,0.0,0.0,0.0,0.0,0.0,0.0,0.0,0.0,0.0,0.0,0.0,0.0,0.0,0.0,0.0,0.000121389,0.0,0.0,0.0,0.021485798,0.0,0.0,0.0,0.0,0.0,0.0,0.000971109,0.0,0.0,0.0,0.0,0.0,0.0,0.0,0.0,0.0,0.0,0.0,0.0,0.0,0.01019665,0.0,0.0,0.000121389,0.0,0.135591163,0.042243263,0.0,0.0,0.0,0.0,0.0,0.0,0.0,0.0,0.0,0.0,0.0,0.000121389,0.0,0.0,0.000121389,0.0,0.0,0.0,0.0,0.0,0.0,0.0,0.0,0.0,0.0,0.0,0.0,0.0,0.0,0.0,0.0,0.0,0.0,0.0,0.0,0.0,0.0,0.0,0.0,0.0,0.0,0.0,0.0,0.0,0.0,0.0,0.0,0.0,0.0,0.0,0.0,0.0,0.0,0.0,0.0,0.0,0.0,0.0,0.0,0.0,0.0,0.0,0.0,0.0,0.0,0.0,0.0,0.001213887,0.0,0.0,0.0,0.0,0.0,0.0,0.0,0.0,0.0,0.0,0.0,0.0,0.0,0.0,0.0,0.0,0.0,0.0,0.0,0.0,0.0,0.0,0.0,0.0,0.0,0.0,0.0,0.0,0.0,0.0,0.0,0.0,0.0,0.0,0.0,0.0,0.0,0.0,0.0,0.0,0.0,0.0,0.0,0.0,0.0,0.0,0.0,0.0,0.0,0.0,0.0,0.0,0.0,0.0,0.0,0.0,0.0,0.0,0.0,0.0,0.0,0.0,0.0,0.0,0.0,0.0,0.0,0.0,0.0,0.0,0.0,0.0,0.0,0.0,0.0,0.0,0.0,0.0,0.0,0.0,0.000121389,0.0,0.002063608,0.0,0.001942219,0.0,0.0,0.0,0.0,0.000242777,0.0,0.0,0.0,0.0,0.0,0.034595776,0.0,0.0,0.000242777,0.0,0.0,0.0,0.0,0.0,0.0,0.0,0.0,0.0,0.0,0.0,0.0,0.0,0.0,0.0,0.0,0.0,0.0,0.0,0.0,0.0,0.0,0.0,0.0,0.0,0.0,0.0,0.0,0.0,0.0,0.0,0.0,0.0,0.0,0.0,0.0,0.0,0.0,0.0,0.0,0.0,0.0,0.0,0.0,0.0,0.0,0.0,0.0,0.0,0.0,0.0,0.0,0.0,0.0,0.0,0.0,0.0,0.0,0.0,0.0,0.0,0.0,0.096504006,0.0,0.0,0.0,0.0,0.0,0.0,0.0,0.0,0.0,0.0,0.0,0.0,0.0,0.0,0.0,0.0,0.0,0.0,0.0,0.0,0.0,0.0,0.0,0.0,0.0,0.0,0.0,0.0,0.0,0.0,0.0,0.0,0.0,0.0,0.0,0.0,0.0,0.0,0.0,0.0,0.0,0.0,0.0,0.0,0.0,0.0,0.0,0.0,0.000606943,0.0,0.0,0.0,0.09055596,0.0,0.0,0.0,0.002670551,0.000121389,0.0,0.0,0.0,0.0,0.0,0.0,0.0,0.1802622,0.0,0.0,0.0,0.0,0.0,0.0,0.0,0.0,0.0,0.0,0.0,0.0,0.0,0.0,0.0,0.0,0.0,0.0,0.0,0.0,0.0,0.0,0.0,0.0,0.0,0.0,0.0,0.0,0.0,0.0,0.0,0.0,0.0,0.0,0.0,0.0,0.0,0.0,0.0,0.0,0.0,0.0,0.0,0.0,0.0,0.0,0.0,0.0,0.0,0.0,0.0,0.0,0.0,0.0,0.0,0.0,0.0,0.0,0.0,0.0,0.0,0.0,0.0,0.0,0.0,0.0,0.0,0.0,0.0,0.0,0.0,0.0,0.0,0.0,0.0,0.0,0.0,0.0,0.0,0.0,0.0,0.0,0.0,0.0,0.0,0.0,0.0,0.0,0.0,0.0,0.0,0.0,0.0,0.0,0.0,0.0,0.0,0.0,0.0,0.0,0.000485555,0.0,0.0,0.0,0.0,0.0,0.0,0.0,0.0,0.0,0.000242777,0.0,0.0,0.0,0.0,0.0,0.0,0.0,0.0,0.0,0.0,0.0,0.0,0.0,0.0,0.0,0.0,0.0,0.0,0.0,0.0,0.0,0.0,0.0,0.0,0.0,0.0,0.0,0.0,0.0,0.0,0.0,0.0,0.0,0.0,0.0,0.0,0.0,0.0,0.0,0.0,0.0,0.0,0.0,0.0,0.0,0.0,0.0,0.0,0.0,0.0,0.0,0.0,0.0,0.0,0.0,0.0,0.0,0.0,0.0,0.0,0.0,0.0,0.0,0.0,0.0,0.0,0.0,0.0,0.0,0.0,0.0,0.0,0.0,0.0,0.0,0.0,0.0,0.000121389,0.0,0.0,0.0,0.0,0.0,0.0,0.0,0.0,0.0,0.0,0.0,0.0,0.000364166,0.0,0.0,0.0,0.0,0.0,0.0,0.0,0.0,0.0,0.000606943,0.0,0.0,0.0,0.0,0.0,0.0,0.0,0.0,0.0,0.0,0.0,0.0,0.0,0.0,0.0,0.0,0.0,0.0,0.0,0.0,0.0,0.0,0.0,0.0,0.0,0.0,0.0,0.0,0.0,0.0,0.0,0.0,0.0,0.0,0.0,0.0,0.0,0.0,0.0,0.0,0.0,0.0,0.0,0.002427774,0.0,0.0,0.0,0.000242777,0.0,0.0,0.0,0.0,0.0,0.0,0.0,0.0,0.0,0.0,0.0,0.0,0.0,0.0,0.0,0.0,0.0,0.003398883,0.0,0.0,0.0,0.0,0.0,0.0,0.0,0.0,0.0,0.0,0.3197378,0.0,0.0,0.0,0.0,0.0,0.0,0.0,0.000242777,0.0,0.0,0.0
103,0.0,0.002549162,0.0,0.0,0.0,0.0,0.0,0.0,0.0,0.0,0.0,0.0,0.0,0.0,0.0,0.0,0.0,0.0,0.0,0.0,0.0,0.0,0.0,0.0,0.0,0.0,0.0,0.0,0.0,0.0,0.0,0.0,0.0,0.0,0.0,0.0,0.0,0.0,0.0,0.0,0.0,0.0,0.0,0.0,0.0,0.0,0.0,0.0,0.0,0.0,0.0,0.0,0.0,0.0,0.0,0.0,0.0,0.0,0.0,0.0,0.0,0.0,0.0,0.0,0.0,0.0,0.0,0.0,0.0,0.0,0.0,0.0,0.0,0.0,0.0,0.0,0.0,0.0,0.0,0.0,0.0,0.0,0.0,0.0,0.0,0.0,0.0,0.0,0.0,0.0,0.0,0.0,0.0,0.0,0.0,0.0,0.0,0.0,0.0,0.0,0.0,0.0,0.0,0.0,0.0,0.0,0.0,0.0,0.0,0.0,0.0,0.0,0.0,0.0,0.0,0.0,0.0,0.0,0.0,0.0,0.0,0.0,0.0,0.0,0.0,0.161689731,0.0,0.0,0.0,0.0,0.0,0.0,0.0,0.0,0.0,0.0,0.0,0.0,0.0,0.0,0.0,0.0,0.0,0.0,0.608885652,0.0,0.0,0.0,0.0,0.0,0.000364166,0.0,0.0,0.0,0.0,0.0,0.0,0.0,0.0,0.0,0.0,0.0,0.0,0.0,0.0,0.0,0.0,0.0,0.0,0.0,0.0,0.0,0.0,0.0,0.0,0.0,0.0,0.0,0.0,0.0,0.0,0.0,0.0,0.0,0.0,0.0,0.0,0.0,0.0,0.0,0.0,0.0,0.0,0.0,0.0,0.0,0.0,0.0,0.0,0.0,0.0,0.0,0.0,0.0,0.0,0.0,0.0,0.0,0.0,0.0,0.0,0.0,0.0,0.0,0.0,0.0,0.0,0.0,0.0,0.0,0.0,0.0,0.0,0.0,0.0,0.0,0.0,0.0,0.0,0.0,0.0,0.0,0.0,0.0,0.0,0.0,0.0,0.013352756,0.083394028,0.0,0.0,0.0,0.0,0.0,0.0,0.0,0.0,0.0,0.0,0.0,0.0,0.0,0.0,0.0,0.0,0.0,0.0,0.0,0.0,0.0,0.0,0.0,0.0,0.0,0.0,0.0,0.0,0.0,0.0,0.0,0.0,0.0,0.0,0.0,0.0,0.0,0.0,0.0,0.0,0.0,0.0,0.0,0.0,0.0,0.0,0.0,0.0,0.0,0.0,0.0,0.0,0.0,0.0,0.0,0.0,0.0,0.0,0.0,0.019664967,0.0,0.001335276,0.0,0.0,0.0,0.0,0.0,0.0,0.000971109,0.0,0.0,0.0,0.0,0.0,0.061786841,0.0,0.0,0.000242777,0.0,0.0,0.0,0.0,0.0,0.0,0.0,0.0,0.0,0.0,0.0,0.0,0.000485555,0.0,0.0,0.0,0.0,0.0,0.0,0.0,0.0,0.0,0.0,0.0,0.0,0.0,0.0,0.0,0.0,0.0,0.0,0.0,0.0,0.0,0.0,0.0,0.0,0.000121389,0.0,0.0,0.0,0.0,0.0,0.0,0.0,0.0,0.0,0.0,0.0,0.0,0.0,0.0,0.0,0.0,0.0,0.0,0.0,0.0,0.0,0.0,0.0,0.0,0.001456664,0.0,0.0,0.0,0.0,0.0,0.0,0.0,0.0,0.0,0.0,0.0,0.0,0.0,0.0,0.0,0.0,0.0,0.0,0.0,0.0,0.0,0.0,0.0,0.0,0.0,0.0,0.0,0.0,0.0,0.0,0.0,0.0,0.0,0.0,0.0,0.0,0.0,0.0,0.0,0.0,0.0,0.000485555,0.0,0.0,0.0,0.0,0.0,0.0,0.0,0.0,0.0,0.0,0.000242777,0.0,0.0,0.0,0.0,0.0,0.0,0.0,0.0,0.0,0.0,0.0,0.0,0.0,0.0,0.0,0.0,0.0,0.0,0.0,0.0,0.0,0.0,0.0,0.0,0.0,0.0,0.0,0.0,0.0,0.0,0.0,0.0,0.0,0.0,0.0,0.0,0.0,0.0,0.0,0.0,0.0,0.0,0.0,0.0,0.0,0.0,0.0,0.0,0.0,0.0,0.0,0.0,0.0,0.0,0.0,0.0,0.0,0.0,0.0,0.0,0.0,0.0,0.0,0.0,0.0,0.0,0.0,0.0,0.0,0.0,0.0,0.0,0.0,0.0,0.0,0.0,0.0,0.0,0.0,0.0,0.0,0.0,0.0,0.0,0.0,0.0,0.0,0.0,0.0,0.0,0.0,0.0,0.0,0.0,0.0,0.0,0.0,0.0,0.0,0.0,0.0,0.0,0.0,0.0,0.0,0.0,0.0,0.0,0.0,0.0,0.0,0.0,0.0,0.0,0.0,0.0,0.0,0.0,0.0,0.0,0.0,0.0,0.0,0.0,0.0,0.0,0.0,0.0,0.0,0.0,0.0,0.0,0.0,0.0,0.0,0.0,0.0,0.0,0.0,0.0,0.0,0.0,0.0,0.0,0.0,0.0,0.0,0.0,0.0,0.0,0.0,0.0,0.0,0.0,0.0,0.0,0.0,0.0,0.0,0.0,0.0,0.0,0.0,0.0,0.0,0.0,0.0,0.0,0.0,0.0,0.0,0.0,0.0,0.0,0.0,0.0,0.0,0.0,0.0,0.0,0.0,0.0,0.0,0.0,0.0,0.0,0.0,0.0,0.0,0.0,0.0,0.0,0.0,0.0,0.0,0.0,0.0,0.0,0.0,0.0,0.0,0.000485555,0.0,0.0,0.0,0.0,0.0,0.000364166,0.0,0.0,0.0,0.0,0.0,0.0,0.0,0.0,0.0,0.0,0.0,0.0,0.0,0.0,0.0,0.0,0.0,0.0,0.0,0.0,0.0,0.0,0.0,0.0,0.0,0.0,0.0,0.0,0.0,0.0,0.0,0.0,0.0,0.0,0.0,0.0,0.0,0.0,0.0,0.0,0.0,0.0,0.0,0.0,0.0,0.0,0.0,0.0,0.0,0.0,0.0,0.0,0.0,0.0,0.0,0.0,0.0,0.0,0.0,0.0,0.002063608,0.0,0.0,0.0,0.0,0.0,0.0,0.0,0.0,0.0,0.0,0.0,0.0,0.0,0.0,0.0,0.0,0.0,0.0,0.0,0.0,0.0,0.0,0.000364166,0.0,0.0,0.0,0.0,0.0,0.0,0.0,0.0,0.0,0.032046613,0.0,0.007647487,0.0,0.0,0.0,0.0,0.0,0.0,0.0,0.0,0.0
104,0.0,0.0,0.0,0.0,0.0,0.0,0.0,0.0,0.0,0.0,0.0,0.0,0.000606943,0.0,0.0,0.0,0.03423161,0.0,0.0,0.000121389,0.0,0.0,0.0,0.0,0.0,0.0,0.0,0.0,0.0,0.0,0.0,0.0,0.0,0.0,0.0,0.0,0.0,0.0,0.0,0.0,0.0,0.0,0.0,0.0,0.001335276,0.0,0.0,0.0,0.0,0.0,0.0,0.0,0.0,0.0,0.0,0.0,0.0,0.0,0.0,0.0,0.0,0.0,0.0,0.0,0.0,0.0,0.0,0.004248604,0.0,0.0,0.0,0.01019665,0.0,0.0,0.0,0.001092498,0.0,0.0,0.0,0.0,0.001092498,0.000364166,0.0,0.0,0.0,0.0,0.0,0.0,0.0,0.0,0.0,0.0,0.0,0.0,0.0,0.0,0.0,0.0,0.0,0.0,0.0,0.0,0.0,0.0,0.0,0.0,0.0,0.0,0.0,0.0,0.0,0.0,0.0,0.0,0.0,0.0,0.0,0.0,0.0,0.0,0.0,0.0,0.030104394,0.0,0.0,0.0,0.0,0.0,0.0,0.0,0.0,0.012624423,0.0,0.0,0.099417334,0.0,0.001456664,0.0,0.018693858,0.0,0.0,0.0,0.0,0.008254431,0.139961156,0.0,0.0,0.0,0.021607186,0.169458606,0.031925225,0.001699442,0.0,0.0,0.000121389,0.0,0.000121389,0.0,0.0,0.0,0.0,0.0,0.000242777,0.0,0.000121389,0.0,0.0,0.0,0.0,0.0,0.0,0.0,0.0,0.0,0.0,0.0,0.0,0.0,0.0,0.000606943,0.0,0.000485555,0.0,0.0,0.0,0.0,0.0,0.0,0.0,0.0,0.0,0.0,0.0,0.0,0.0,0.0,0.0,0.0,0.0,0.0,0.0,0.0,0.0,0.0,0.0,0.0,0.0,0.0,0.0,0.0,0.0,0.0,0.0,0.0,0.0,0.0,0.0,0.000121389,0.0,0.0,0.0,0.0,0.0,0.0,0.0,0.0,0.0,0.0,0.0,0.0,0.0,0.0,0.0,0.0,0.0,0.0,0.0,0.0,0.0,0.0,0.0,0.0,0.000606943,0.000606943,0.0,0.0,0.0,0.0,0.0,0.0,0.0,0.0,0.0,0.0,0.0,0.0,0.0,0.0,0.0,0.0,0.000728332,0.0,0.0,0.0,0.0,0.0,0.0,0.0,0.0,0.0,0.0,0.0,0.0,0.0,0.0,0.0,0.0,0.0,0.0,0.0,0.0,0.0,0.0,0.0,0.0,0.0,0.0,0.0,0.0,0.0,0.0,0.0,0.0,0.0,0.0,0.0,0.0,0.0,0.0,0.0,0.000121389,0.0,0.000364166,0.0,0.0,0.0,0.0,0.0,0.0,0.0,0.0,0.0,0.0,0.0,0.0,0.0,0.050133528,0.0,0.0,0.0,0.0,0.0,0.0,0.0,0.0,0.0,0.0,0.0,0.0,0.001213887,0.0,0.0,0.0,0.0,0.0,0.0,0.0,0.0,0.0,0.0,0.0,0.0,0.0,0.0,0.0,0.0,0.0,0.0,0.0,0.0,0.0,0.0,0.0,0.0,0.000242777,0.0,0.0,0.0,0.0,0.0,0.0,0.000121389,0.0,0.0,0.0,0.000485555,0.0,0.0,0.000121389,0.0,0.0,0.0,0.001092498,0.0,0.0,0.0,0.0,0.0,0.0,0.0,0.0,0.003763049,0.000121389,0.0,0.0,0.000849721,0.0,0.000121389,0.0,0.020271911,0.0,0.0,0.0,0.0,0.0,0.0,0.0,0.0,0.0,0.0,0.0,0.0,0.018572469,0.0,0.0,0.0,0.0,0.0,0.0,0.002913328,0.0,0.0,0.01480942,0.0,0.0,0.0,0.000121389,0.0,0.000242777,0.0,0.0,0.000242777,0.0,0.0,0.0,0.0,0.0,0.0,0.0,0.0,0.0,0.0,0.0,0.0,0.0,0.0,0.0,0.0,0.0,0.0,0.0,0.0,0.0,0.0,0.0,0.0,0.0,0.0,0.0,0.0,0.000485555,0.0,0.0,0.0,0.0,0.0,0.0,0.0,0.0,0.0,0.000364166,0.0,0.0,0.0,0.0,0.0,0.0,0.0,0.0,0.0,0.000121389,0.0,0.0,0.0,0.0,0.0,0.0,0.0,0.0,0.0,0.0,0.0,0.0,0.0,0.0,0.0,0.0,0.0,0.0,0.0,0.0,0.002549162,0.000728332,0.0,0.0,0.0,0.0,0.005219714,0.0,0.0,0.0,0.0,0.0,0.0,0.0,0.0,0.0,0.0,0.0,0.003277495,0.0,0.0,0.0,0.0,0.0,0.0,0.0,0.0,0.0,0.0,0.0,0.000121389,0.0,0.0,0.0,0.0,0.0,0.0,0.0,0.000242777,0.0,0.0,0.0,0.0,0.0,0.0,0.0,0.0,0.0,0.0,0.0,0.0,0.0,0.0,0.0,0.0,0.0,0.0,0.0,0.0,0.0,0.0,0.0,0.0,0.0,0.0,0.0,0.0,0.006190823,0.0,0.003034717,0.0,0.005462491,0.0,0.007283321,0.0,0.002063608,0.0,0.0,0.0,0.0,0.0,0.0,0.0,0.0,0.0,0.0,0.0,0.0,0.0,0.0,0.0,0.0,0.0,0.0,0.0,0.053289633,0.0,0.0,0.0,0.0,0.0,0.0,0.0,0.10718621,0.0,0.0,0.0,0.0,0.0,0.0,0.0,0.0,0.0,0.0,0.0,0.0,0.0,0.0,0.0,0.0,0.0,0.0,0.0,0.0,0.0,0.0,0.000121389,0.0,0.0,0.0,0.0,0.0,0.0,0.0,0.0,0.0,0.0,0.0,0.0,0.0,0.0,0.0,0.0,0.0,0.0,0.0,0.0,0.0,0.0,0.0,0.0,0.0,0.0,0.009346929,0.0,0.0,0.0,0.0,0.0,0.002670551,0.0,0.0,0.0,0.0,0.0,0.0,0.0,0.0,0.0,0.000606943,0.0,0.0,0.000121389,0.0,0.000121389,0.0,0.0,0.0,0.0,0.0,0.0,0.0,0.00182083,0.002427774,0.0,0.0,0.0,0.0,0.0,0.0,0.0,0.0,0.0,0.0,0.0,0.0,0.0,0.0,0.0,0.0,0.0,0.0,0.0,0.0,0.0,0.0,0.0,0.0,0.0,0.0,0.005705268,0.0,0.0,0.0,0.000485555,0.0,0.0,0.0,0.0,0.0,0.0,0.0,0.0,0.0,0.0,0.0,0.0,0.0,0.0,0.0,0.0,0.0,0.001456664,0.0,0.0,0.0,0.0,0.0,0.0,0.0,0.0,0.000485555,0.0,0.06287934,0.0,0.005948046,0.0,0.0,0.0,0.0,0.0,0.0,0.0,0.0,0.0
105,0.0,0.0,0.0,0.0,0.0,0.0,0.0,0.0,0.0,0.0,0.0,0.0,0.0,0.0,0.0,0.0,0.005219714,0.0,0.0,0.000121389,0.0,0.0,0.0,0.0,0.0,0.0,0.0,0.0,0.0,0.0,0.0,0.0,0.0,0.0,0.0,0.000121389,0.008497208,0.0,0.0,0.0,0.0,0.0,0.0,0.0,0.0,0.0,0.0,0.0,0.0,0.0,0.0,0.0,0.0,0.0,0.0,0.0,0.0,0.0,0.0,0.001578053,0.000121389,0.0,0.0,0.0,0.0,0.0,0.0,0.0,0.0,0.0,0.0,0.0,0.0,0.0,0.0,0.0,0.0,0.0,0.0,0.0,0.0,0.0,0.0,0.0,0.0,0.0,0.0,0.0,0.0,0.0,0.0,0.0,0.0,0.0,0.0,0.0,0.0,0.0,0.0,0.0,0.0,0.0,0.0,0.0,0.0,0.0,0.0,0.0,0.0,0.0,0.0,0.0,0.0,0.0,0.0,0.0,0.0,0.0,0.0,0.0,0.0,0.0,0.0,0.0,0.0,0.0,0.0,0.0,0.0,0.0,0.0,0.000364166,0.000121389,0.0,0.0,0.0,0.0,0.0,0.0,0.0,0.0,0.0,0.0,0.0,0.000364166,0.0,0.0,0.0,0.0,0.0,0.000121389,0.0,0.0,0.0,0.0,0.0,0.028040787,0.0,0.0,0.001335276,0.002913328,0.004005827,0.0,0.0,0.011410537,0.0,0.001335276,0.0,0.0,0.0,0.0,0.0,0.0,0.0,0.0,0.000364166,0.0,0.000971109,0.0,0.0,0.0,0.0,0.0,0.0,0.0,0.0,0.0,0.0,0.0,0.0,0.0,0.0,0.0,0.0,0.0,0.0,0.0,0.0,0.0,0.0,0.0,0.0,0.0,0.0,0.0,0.0,0.0,0.0,0.0,0.0,0.0,0.0,0.0,0.0,0.0,0.0,0.0,0.0,0.0,0.0,0.0,0.0,0.0,0.0,0.0,0.0,0.0,0.0,0.0,0.0,0.0,0.0,0.0,0.0,0.0,0.0,0.0,0.000485555,0.0,0.0,0.000849721,0.0,0.0,0.0,0.0,0.0,0.0,0.0,0.027676621,0.0,0.0,0.0,0.0,0.0,0.0,0.0,0.0,0.0,0.0,0.0,0.0,0.0,0.0,0.0,0.0,0.0,0.0,0.0,0.0,0.0,0.0,0.0,0.0,0.0,0.0,0.0,0.0,0.0,0.0,0.0,0.0,0.000121389,0.0,0.0,0.0,0.0,0.001699442,0.0064336,0.0,0.0,0.0,0.0,0.0,0.0,0.0,0.0,0.0,0.0,0.0,0.0,0.0,0.0,0.0,0.0,0.0,0.0,0.0,0.0,0.0,0.0,0.0,0.0,0.000364166,0.0,0.0,0.0,0.01019665,0.0,0.0,0.0,0.0,0.0,0.0,0.0,0.0,0.0,0.0,0.0,0.0,0.0,0.0,0.0,0.0,0.0,0.0,0.0,0.0,0.0,0.000485555,0.002549162,0.0,0.0,0.0,0.0,0.0,0.0,0.0,0.0,0.0,0.0,0.0,0.0,0.0,0.0,0.0,0.004491381,0.0,0.0,0.0,0.0,0.055353241,0.0,0.0,0.0,0.0,0.0,0.0,0.0,0.0,0.0,0.0,0.0,0.0,0.0,0.0,0.0,0.0,0.0,0.0,0.0,0.0,0.0,0.0,0.0,0.0,0.002063608,0.0,0.000728332,0.0,0.0,0.0,0.0,0.0,0.007768876,0.0,0.000121389,0.0,0.0,0.0,0.0,0.0,0.0,0.0,0.0,0.0,0.0,0.0,0.0,0.0,0.0,0.0,0.0,0.0,0.0,0.0,0.0,0.0,0.0,0.0,0.0,0.0,0.002063608,0.0,0.0,0.0,0.0,0.0,0.0,0.002063608,0.0,0.0,0.0,0.0,0.0,0.0,0.003520272,0.025370235,0.0,0.0,0.000121389,0.0,0.0,0.000121389,0.0,0.0,0.179533867,0.0,0.0,0.0,0.0,0.003398883,0.0,0.0,0.0,0.0,0.0,0.0,0.0,0.0,0.0,0.0,0.0,0.001699442,0.0,0.0,0.001456664,0.0,0.0,0.0,0.0,0.000485555,0.0,0.0,0.0,0.0,0.0,0.0,0.0,0.0,0.0,0.0,0.0,0.0,0.0,0.0,0.0,0.0,0.0,0.0,0.0,0.0,0.0,0.0,0.0,0.0,0.0,0.0,0.0,0.0,0.0,0.0,0.0,0.0,0.0,0.0,0.0,0.0,0.0,0.0,0.0,0.0,0.0,0.0,0.0,0.0,0.0,0.0,0.0,0.0,0.0,0.0,0.0,0.0,0.0,0.0,0.0,0.0,0.0,0.0,0.0,0.0,0.0,0.0,0.0,0.0,0.0,0.0,0.0,0.0,0.0,0.0,0.0,0.0,0.0,0.0,0.0,0.0,0.0,0.0,0.0,0.0,0.0,0.0,0.0,0.0,0.0,0.0,0.0,0.0,0.0,0.0,0.0,0.0,0.0,0.0,0.0,0.0,0.0,0.0,0.0,0.0,0.0,0.0,0.0,0.0,0.0,0.0,0.0,0.0,0.0,0.0,0.0,0.0,0.0,0.0,0.0,0.0,0.0,0.0,0.0,0.0,0.0,0.0,0.0,0.0,0.0,0.0,0.0,0.0,0.0,0.0,0.0,0.0,0.0,0.0,0.318523914,0.0,0.0,0.063607672,0.0,0.0,0.0,0.0,0.0,0.0,0.0,0.0,0.0,0.0,0.0,0.0,0.0,0.0,0.0,0.0,0.0,0.0,0.0,0.0,0.0,0.0,0.0,0.0,0.0,0.000728332,0.0,0.0,0.0,0.0,0.0,0.0,0.0,0.0,0.0,0.0,0.0,0.0,0.0,0.000121389,0.0,0.0,0.0,0.0,0.0,0.0,0.0,0.0,0.000121389,0.0,0.0,0.0,0.0,0.0,0.0,0.0,0.0,0.0,0.0,0.0,0.0,0.0,0.0,0.0,0.0,0.0,0.0,0.0,0.0,0.0,0.0,0.0,0.0,0.0,0.0,0.0,0.0,0.0,0.0,0.0,0.0,0.0,0.0,0.0,0.0,0.000242777,0.0,0.0,0.0,0.0,0.0,0.0,0.002427774,0.0,0.0,0.000121389,0.010803593,0.000121389,0.0,0.000606943,0.0,0.0,0.0,0.0,0.0,0.0,0.0,0.0,0.0,0.0,0.0,0.006190823,0.0,0.0,0.0,0.0,0.0,0.0,0.0,0.0,0.0,0.0,0.0,0.0,0.0,0.063971838,0.0,0.123452294,0.000728332,0.0,0.0,0.0,0.0,0.0,0.0,0.0,0.0
106,0.0,0.0,0.0,0.0,0.0,0.0,0.0,0.0,0.0,0.0,0.0,0.0,0.0,0.0,0.0,0.0,0.0,0.0,0.0,0.0,0.0,0.0,0.0,0.0,0.0,0.0,0.0,0.0,0.0,0.0,0.0,0.0,0.0,0.0,0.0,0.0,0.0,0.0,0.0,0.0,0.0,0.001942219,0.0,0.0,0.0,0.0,0.0,0.0,0.0,0.0,0.0,0.0,0.0,0.0,0.0,0.0,0.0,0.0,0.0,0.0,0.0,0.0,0.0,0.0,0.0,0.0,0.0,0.0,0.0,0.0,0.0,0.0,0.0,0.0,0.0,0.0,0.0,0.0,0.0,0.0,0.0,0.0,0.0,0.0,0.0,0.0,0.0,0.0,0.0,0.0,0.0,0.0,0.0,0.0,0.0,0.0,0.0,0.0,0.0,0.0,0.0,0.0,0.0,0.0,0.0,0.0,0.0,0.0,0.0,0.0,0.000364166,0.0,0.0,0.0,0.0,0.0,0.0,0.0,0.0,0.0,0.0,0.0,0.000606943,0.0,0.0,0.0,0.0,0.0,0.0,0.0,0.0,0.0,0.0,0.0,0.0,0.0,0.0,0.0,0.0,0.0,0.0,0.0,0.0,0.0,0.0,0.0,0.0,0.0,0.0,0.0,0.0,0.0,0.0,0.0,0.0,0.0,0.0,0.0,0.0,0.0,0.0,0.0,0.0,0.0,0.0,0.0,0.0,0.0,0.0,0.0,0.0,0.0,0.0,0.0,0.0,0.0,0.0,0.0,0.0,0.0,0.0,0.0,0.0,0.0,0.0,0.0,0.0,0.0,0.0,0.0,0.0,0.0,0.0,0.0,0.0,0.0,0.0,0.000121389,0.0,0.0,0.0,0.0,0.000121389,0.0,0.0,0.0,0.0,0.0,0.0,0.0,0.0,0.0,0.0,0.0,0.0,0.0,0.0,0.0,0.0,0.0,0.0,0.0,0.0,0.0,0.0,0.0,0.0,0.0,0.0,0.0,0.0,0.0,0.0,0.0,0.0,0.0,0.0,0.0,0.0,0.0,0.0,0.0,0.0,0.0,0.0,0.0,0.0,0.0,0.0,0.0,0.0,0.0,0.0,0.0,0.0,0.0,0.0,0.0,0.0,0.0,0.0,0.0,0.0,0.0,0.0,0.0,0.0,0.0,0.0,0.0,0.0,0.0,0.0,0.0,0.0,0.0,0.0,0.0,0.0,0.0,0.0,0.0,0.0,0.0,0.0,0.0,0.0,0.0,0.0,0.0,0.0,0.0,0.0,0.0,0.0,0.0,0.0,0.0,0.0,0.0,0.0,0.0,0.184389415,0.0,0.0,0.0,0.0,0.0,0.0,0.0,0.0,0.0,0.0,0.716800194,0.0,0.0,0.0,0.0,0.0,0.0,0.0,0.0,0.0,0.0,0.0,0.0,0.0,0.0,0.0,0.0,0.0,0.0,0.0,0.0,0.0,0.0,0.0,0.0,0.0,0.0,0.0,0.0,0.0,0.0,0.0,0.0,0.0,0.0,0.0,0.0,0.0,0.0,0.0,0.0,0.008375819,0.0,0.0,0.0,0.0,0.0,0.0,0.0,0.0,0.0,0.0,0.0,0.0,0.0,0.0,0.0,0.0,0.0,0.0,0.0,0.0,0.0,0.0,0.0,0.0,0.0,0.0,0.0,0.0,0.0,0.0,0.0,0.0,0.0,0.0,0.0,0.0,0.0,0.0,0.0,0.0,0.0,0.0,0.0,0.0,0.0,0.0,0.0,0.0,0.0,0.0,0.0,0.0,0.0,0.0,0.0,0.0,0.0,0.0,0.0,0.0,0.0,0.0,0.0,0.0,0.0,0.0,0.0,0.0,0.0,0.0,0.0,0.0,0.0,0.000242777,0.0,0.0,0.0,0.0,0.0,0.0,0.0,0.0,0.0,0.0,0.0,0.0,0.0,0.0,0.0,0.0,0.0,0.0,0.0,0.0,0.0,0.019786356,0.0,0.0,0.0,0.0,0.000121389,0.0,0.000242777,0.0,0.0,0.0,0.0,0.0,0.0,0.0,0.0,0.0,0.0,0.0,0.0,0.0,0.0,0.0,0.0,0.0,0.0,0.0,0.0,0.0,0.0,0.0,0.0,0.0,0.0,0.0,0.0,0.0,0.0,0.0,0.000242777,0.0,0.0,0.0,0.0,0.0,0.0,0.0,0.0,0.0,0.0,0.0,0.0,0.0,0.0,0.0,0.0,0.0,0.0,0.0,0.0,0.0,0.0,0.0,0.0,0.0,0.0,0.0,0.0,0.000121389,0.0,0.0,0.0,0.0,0.0,0.0,0.0,0.0,0.0,0.0,0.0,0.0,0.0,0.0,0.0,0.0,0.0,0.0,0.0,0.0,0.0,0.0,0.0,0.0,0.0,0.0,0.0,0.0,0.0,0.0,0.0,0.0,0.0,0.0,0.0,0.0,0.0,0.0,0.0,0.0,0.0,0.0,0.0,0.0,0.0,0.0,0.0,0.0,0.0,0.0,0.0,0.0,0.0,0.0,0.0,0.0,0.0,0.0,0.0,0.0,0.0,0.0,0.0,0.0,0.0,0.0,0.0,0.0,0.0,0.0,0.0,0.0,0.0,0.0,0.0,0.0,0.0,0.0,0.0,0.0,0.0,0.0,0.0,0.0,0.0,0.0,0.000242777,0.0,0.0,0.0,0.0,0.0,0.0,0.0,0.0,0.0,0.0,0.0,0.0,0.0,0.0,0.0,0.0,0.0,0.0,0.0,0.0,0.0,0.0,0.0,0.0,0.000242777,0.0,0.0,0.0,0.0,0.0,0.0,0.0,0.0,0.0,0.0,0.0,0.0,0.0,0.0,0.0,0.0,0.013716922,0.0,0.0,0.0,0.0,0.0,0.0,0.0,0.0,0.0,0.0,0.0,0.0,0.0,0.0,0.0,0.0,0.0,0.0,0.0,0.0,0.0,0.0,0.0,0.0,0.0,0.0,0.0,0.0,0.0,0.0,0.0,0.000121389,0.0,0.0,0.0,0.0,0.0,0.0,0.0,0.0,0.0,0.0,0.0,0.0,0.0,0.0,0.0,0.0,0.0,0.0,0.0,0.0,0.0,0.052197135,0.0,0.0,0.0,0.0,0.0,0.0,0.0,0.0,0.0,0.0,0.0,0.0,0.0,0.0,0.0,0.0,0.0,0.0,0.0,0.0,0.0,0.0,0.0,0.0,0.0,0.0,0.0,0.0,0.0,0.0,0.0,0.0,0.0,0.0,0.0,0.0,0.0,0.0,0.0,0.0,0.0,0.0,0.0,0.0
107,0.0,0.000485555,0.0,0.0,0.0,0.0,0.0,0.0,0.0,0.0,0.0,0.0,0.0,0.0,0.0,0.0,0.0,0.0,0.0,0.001213887,0.0,0.0,0.0,0.0,0.0,0.0,0.0,0.0,0.0,0.0,0.0,0.0,0.0,0.0,0.0,0.012745812,0.0,0.0,0.0,0.0,0.0,0.0,0.0,0.0,0.0,0.0,0.0,0.0,0.0,0.0,0.0,0.0,0.0,0.0,0.0,0.0,0.0,0.0,0.0,0.0,0.0,0.0,0.0,0.0,0.0,0.0,0.0,0.0,0.0,0.0,0.0,0.0,0.0,0.0,0.0,0.0,0.0,0.0,0.0,0.0,0.0,0.0,0.0,0.0,0.0,0.0,0.0,0.0,0.0,0.0,0.0,0.0,0.0,0.0,0.0,0.0,0.0,0.0,0.0,0.0,0.0,0.0,0.0,0.0,0.0,0.0,0.0,0.0,0.0,0.0,0.0,0.0,0.0,0.0,0.0,0.0,0.0,0.0,0.0,0.0,0.0,0.0,0.032774945,0.0,0.0,0.0,0.0,0.0,0.0,0.0,0.0,0.0,0.0,0.0,0.0,0.0,0.0,0.0,0.266933722,0.0,0.0,0.0,0.0,0.120538966,0.0,0.0,0.0,0.0,0.07574654,0.0,0.254916242,0.0,0.0,0.0,0.0,0.0,0.007283321,0.0,0.0,0.000728332,0.0,0.005948046,0.0,0.0,0.0,0.0,0.0,0.0,0.000728332,0.0,0.0,0.0,0.0,0.0,0.0,0.0,0.0,0.0,0.000364166,0.0,0.0,0.0,0.0,0.0,0.0,0.0,0.0,0.0,0.0,0.0,0.0,0.0,0.0,0.0,0.0,0.0,0.0,0.0,0.0,0.0,0.0,0.0,0.0,0.0,0.0,0.0,0.0,0.0,0.0,0.0,0.0,0.0,0.0,0.0,0.0,0.0,0.0,0.003277495,0.0,0.0,0.0,0.0,0.0,0.0,0.0,0.0,0.0,0.0,0.0,0.0,0.0,0.0,0.0,0.003034717,0.0,0.0,0.0,0.0,0.0,0.0,0.0,0.0,0.000606943,0.0,0.0,0.0,0.0,0.0,0.0,0.0,0.0,0.0,0.0,0.0,0.0,0.0,0.0,0.0,0.0,0.0,0.0,0.0,0.0,0.0,0.0,0.0,0.0,0.0,0.0,0.0,0.0,0.0,0.0,0.0,0.0,0.0,0.0,0.0,0.0,0.0,0.0,0.0,0.0,0.0,0.0,0.0,0.0,0.0,0.0,0.0,0.0,0.0,0.0,0.0,0.0,0.0,0.0,0.0,0.000121389,0.0,0.001335276,0.0,0.0,0.0,0.0,0.0,0.0,0.000242777,0.0,0.000364166,0.0,0.0,0.006312212,0.094319009,0.0,0.0,0.009104151,0.0,0.0,0.0,0.0,0.0,0.0,0.0,0.0,0.0,0.0,0.0,0.0,0.015052197,0.0,0.0,0.0,0.0,0.0,0.0,0.0,0.0,0.0,0.0,0.0,0.0,0.005948046,0.0,0.0,0.0,0.0,0.0,0.0,0.0,0.000364166,0.0,0.0,0.0,0.000485555,0.002306385,0.0,0.0,0.0,0.0,0.0,0.0,0.0,0.0,0.0,0.0,0.0,0.0,0.0,0.0,0.0,0.0,0.0,0.0,0.0,0.0,0.0,0.0,0.0,0.024277737,0.0,0.0,0.0,0.0,0.0,0.0,0.0,0.0,0.0,0.0,0.0,0.0,0.0,0.002549162,0.0,0.0,0.0,0.0,0.0,0.0,0.0,0.0,0.0,0.0,0.0,0.0,0.0,0.0,0.0,0.0,0.0,0.0,0.0,0.0,0.0,0.0,0.0,0.0,0.0,0.0,0.0,0.003034717,0.0,0.0,0.0,0.0,0.0,0.0,0.0,0.0,0.0,0.0,0.0,0.0,0.0,0.0,0.0,0.0,0.0,0.0,0.0,0.0,0.0,0.0,0.0,0.000121389,0.000242777,0.0,0.0,0.000728332,0.0,0.0,0.0,0.0,0.0,0.0,0.0,0.0,0.0,0.0,0.0,0.0,0.0,0.0,0.0,0.0,0.0,0.0,0.0,0.0,0.0,0.0,0.0,0.0,0.0,0.0,0.0,0.0,0.0,0.0,0.0,0.0,0.0,0.0,0.0,0.0,0.0,0.0,0.0,0.0,0.0,0.0,0.0,0.0,0.0,0.0,0.0,0.0,0.0,0.0,0.0,0.0,0.0,0.0,0.0,0.0,0.0,0.0,0.0,0.0,0.0,0.0,0.0,0.0,0.0,0.0,0.0,0.0,0.0,0.0,0.0,0.0,0.0,0.0,0.0,0.0,0.0,0.0,0.0,0.0,0.0,0.0,0.0,0.0,0.0,0.0,0.0,0.0,0.0,0.0,0.0,0.0,0.0,0.0,0.0,0.0,0.0,0.0,0.0,0.0,0.0,0.0,0.0,0.0,0.0,0.0,0.0,0.0,0.0,0.0,0.0,0.0,0.0,0.0,0.0,0.0,0.0,0.0,0.0,0.0,0.0,0.0,0.0,0.0,0.0,0.0,0.0,0.0,0.0,0.0,0.0,0.0,0.0,0.0,0.0,0.0,0.0,0.0,0.0,0.0,0.0,0.0,0.0,0.0,0.0,0.0,0.0,0.0,0.0,0.0,0.0,0.0,0.0,0.0,0.0,0.0,0.0,0.0,0.0,0.0,0.0,0.0,0.0,0.0,0.0,0.0,0.0,0.0,0.0,0.0,0.0,0.0,0.0,0.0,0.0,0.0,0.0,0.0,0.0,0.0,0.0,0.0,0.0,0.000121389,0.002184996,0.0,0.0,0.0,0.0,0.0,0.0,0.0,0.0,0.0,0.0,0.0,0.0,0.0,0.000242777,0.0,0.0,0.0,0.0,0.0,0.0,0.0,0.0,0.0,0.0,0.0,0.0,0.0,0.0,0.0,0.0,0.0,0.0,0.0,0.0,0.0,0.0,0.0,0.0,0.0,0.0,0.0,0.0,0.0,0.0,0.0,0.0,0.0,0.0,0.0,0.0,0.0,0.0,0.0,0.0,0.0,0.0,0.0,0.0,0.0,0.0,0.0,0.0,0.0,0.0,0.0,0.0,0.006190823,0.0,0.0,0.0,0.00558388,0.0,0.0,0.0,0.0,0.0,0.0,0.0,0.0,0.0,0.0,0.0,0.0,0.0,0.0,0.0,0.0,0.0,0.0,0.0,0.0,0.0,0.0,0.0,0.0,0.0,0.0,0.010682204,0.0,0.012745812,0.0,0.007161933,0.000849721,0.0,0.0,0.0,0.0,0.0,0.0,0.0,0.0
108,0.0,0.0,0.0,0.0,0.0,0.0,0.0,0.0,0.0,0.0,0.0,0.0,0.0,0.0,0.0,0.0,0.0,0.0,0.0,0.0,0.0,0.0,0.0,0.0,0.0,0.0,0.0,0.0,0.0,0.0,0.0,0.0,0.0,0.0,0.0,0.0,0.0,0.0,0.0,0.0,0.0,0.0,0.0,0.0,0.0,0.0,0.0,0.0,0.0,0.0,0.0,0.0,0.0,0.0,0.0,0.0,0.0,0.0,0.0,0.0,0.0,0.0,0.0,0.0,0.0,0.0,0.0,0.0,0.0,0.0,0.0,0.0,0.0,0.0,0.0,0.0,0.0,0.0,0.0,0.0,0.0,0.0,0.0,0.0,0.0,0.0,0.0,0.0,0.0,0.0,0.0,0.0,0.0,0.0,0.0,0.0,0.0,0.0,0.0,0.0,0.0,0.0,0.0,0.0,0.0,0.0,0.0,0.0,0.0,0.0,0.0,0.0,0.0,0.0,0.0,0.0,0.0,0.0,0.0,0.0,0.0,0.0,0.145545035,0.0,0.0,0.0,0.0,0.0,0.0,0.0,0.0,0.0,0.0,0.0,0.0,0.0,0.0,0.0,0.0,0.0,0.0,0.0,0.0,0.0,0.0,0.0,0.0,0.0,0.0,0.0,0.646516145,0.0,0.0,0.0,0.0,0.0,0.0,0.0,0.0,0.008861374,0.0,0.01480942,0.0,0.0,0.0,0.0,0.0,0.0,0.0,0.0,0.0,0.0,0.0,0.0,0.0,0.0,0.0,0.0,0.0,0.0,0.0,0.0,0.0,0.0,0.0,0.0,0.0,0.0,0.0,0.0,0.0,0.0,0.0,0.0,0.0,0.0,0.0,0.0,0.0,0.0,0.0,0.0,0.0,0.0,0.0,0.0,0.0,0.0,0.0,0.0,0.0,0.0,0.0,0.0,0.0,0.0,0.0,0.0,0.0,0.0,0.0,0.0,0.0,0.0,0.0,0.0,0.0,0.0,0.0,0.0,0.0,0.0,0.0,0.001699442,0.0,0.0,0.0,0.0,0.0,0.0,0.0,0.0,0.0,0.0,0.0,0.0,0.0,0.0,0.0,0.0,0.0,0.0,0.0,0.0,0.0,0.0,0.0,0.0,0.0,0.0,0.0,0.0,0.0,0.0,0.0,0.0,0.0,0.0,0.0,0.0,0.0,0.0,0.0,0.0,0.0,0.0,0.0,0.0,0.0,0.0,0.0,0.0,0.0,0.0,0.0,0.0,0.0,0.0,0.0,0.0,0.0,0.0,0.0,0.0,0.0,0.0,0.0,0.000606943,0.0,0.0,0.0,0.0,0.000849721,0.0,0.0,0.0,0.0,0.000364166,0.0,0.0,0.0,0.0,0.0,0.042607429,0.0,0.0,0.0,0.0,0.0,0.0,0.0,0.0,0.0,0.0,0.0,0.0,0.0,0.0,0.0,0.0,0.0,0.0,0.0,0.0,0.0,0.0,0.0,0.0,0.0,0.0,0.0,0.0,0.0,0.0,0.0,0.0,0.0,0.0,0.0,0.0,0.0,0.0,0.0,0.0,0.0,0.0,0.0,0.0,0.0,0.0,0.0,0.0,0.0,0.0,0.0,0.0,0.0,0.0,0.0,0.0,0.0,0.0,0.0,0.0,0.0,0.0,0.0,0.0,0.0,0.0,0.0,0.0,0.0,0.0,0.0,0.0,0.0,0.0,0.0,0.0,0.0,0.0,0.0,0.0,0.0,0.0,0.0,0.0,0.0,0.0,0.0,0.0,0.0,0.0,0.0,0.0,0.0,0.0,0.0,0.0,0.0,0.0,0.0,0.0,0.0,0.0,0.0,0.0,0.0,0.0,0.0,0.0,0.0,0.0,0.0,0.0,0.0,0.0,0.0,0.0,0.0,0.0,0.0,0.0,0.0,0.0,0.0,0.0,0.0,0.0,0.0,0.006190823,0.0,0.0,0.0,0.000606943,0.0,0.0,0.0,0.0,0.0,0.0,0.0,0.0,0.0,0.0,0.0,0.0,0.0,0.0,0.0,0.0,0.0,0.0,0.0,0.0,0.0,0.0,0.125273125,0.0,0.0,0.0,0.0,0.0,0.0,0.0,0.0,0.0,0.0,0.0,0.0,0.0,0.0,0.0,0.0,0.0,0.0,0.0,0.0,0.0,0.0,0.0,0.0,0.0,0.0,0.0,0.0,0.0,0.0,0.0,0.0,0.0,0.0,0.0,0.0,0.0,0.0,0.0,0.0,0.0,0.0,0.0,0.0,0.0,0.0,0.0,0.0,0.0,0.0,0.0,0.0,0.0,0.0,0.0,0.0,0.0,0.0,0.0,0.0,0.0,0.0,0.0,0.0,0.0,0.0,0.0,0.0,0.0,0.0,0.0,0.0,0.0,0.0,0.0,0.0,0.0,0.0,0.0,0.0,0.0,0.0,0.0,0.0,0.0,0.0,0.0,0.0,0.0,0.0,0.0,0.0,0.0,0.0,0.0,0.0,0.0,0.0,0.0,0.0,0.0,0.0,0.0,0.0,0.0,0.0,0.0,0.0,0.0,0.0,0.0,0.0,0.0,0.0,0.0,0.0,0.0,0.0,0.0,0.0,0.0,0.0,0.0,0.0,0.0,0.0,0.0,0.0,0.0,0.0,0.0,0.0,0.0,0.0,0.0,0.0,0.0,0.0,0.0,0.0,0.0,0.0,0.0,0.0,0.0,0.0,0.0,0.0,0.0,0.001456664,0.0,0.0,0.0,0.0,0.0,0.0,0.0,0.0,0.0,0.0,0.0,0.000971109,0.0,0.0,0.0,0.0,0.0,0.0,0.0,0.0,0.0,0.0,0.0,0.0,0.0,0.0,0.0,0.0,0.0,0.0,0.0,0.0,0.0,0.0,0.0,0.0,0.0,0.0,0.001335276,0.0,0.0,0.0,0.0,0.0,0.0,0.0,0.0,0.0,0.0,0.0,0.0,0.0,0.0,0.0,0.0,0.0,0.0,0.0,0.0,0.0,0.0,0.0,0.0,0.0,0.0,0.0,0.0,0.0,0.0,0.0,0.0,0.0,0.0,0.0,0.0,0.0,0.0,0.0,0.0,0.0,0.0,0.0,0.0,0.0,0.0,0.0,0.0,0.0,0.0,0.0,0.0,0.0,0.0,0.0,0.0,0.0,0.0,0.0,0.0,0.0,0.0,0.0,0.0,0.0,0.0,0.0,0.0,0.0,0.0,0.0,0.0,0.0,0.0,0.0,0.0,0.0,0.0,0.0,0.0,0.0,0.002306385,0.0,0.0,0.0,0.0,0.0,0.0
109,0.0,0.016023307,0.0,0.0,0.0,0.000364166,0.0,0.0,0.0,0.0,0.0,0.0,0.0,0.0,0.0,0.0,0.0,0.0,0.0,0.0,0.0,0.0,0.0,0.0,0.0,0.0,0.0,0.0,0.0,0.0,0.0,0.0,0.0,0.0,0.0,0.0,0.0,0.0,0.0,0.0,0.0,0.000364166,0.0,0.0,0.0,0.0,0.0,0.0,0.0,0.0,0.0,0.0,0.0,0.0,0.0,0.0,0.0,0.0,0.0,0.0,0.0,0.0,0.0,0.0,0.40106822,0.0,0.0,0.029983006,0.0,0.0,0.0,0.013959699,0.0,0.0,0.0,0.0,0.0,0.0,0.0,0.0,0.000364166,0.0,0.0,0.0,0.0,0.0,0.0,0.0,0.0,0.0,0.0,0.0,0.0,0.0,0.0,0.0,0.0,0.0,0.0,0.0,0.0,0.0,0.0,0.0,0.000728332,0.0,0.0,0.0,0.0,0.0,0.0,0.0,0.0,0.0,0.0,0.0,0.0,0.0,0.0,0.0,0.0,0.0,0.015659141,0.0,0.0,0.0,0.0,0.0,0.0,0.000606943,0.0,0.0,0.0,0.0,0.0,0.041393542,0.0,0.0,0.040058267,0.0,0.0,0.0,0.0,0.001335276,0.0,0.0,0.0,0.033139111,0.003398883,0.033381889,0.002063608,0.001335276,0.003034717,0.0,0.0,0.0,0.0,0.0,0.0,0.0,0.0,0.006554989,0.0,0.0,0.008375819,0.0,0.0,0.0,0.0,0.0,0.0,0.0,0.0,0.0,0.0,0.0,0.0,0.0,0.000606943,0.000364166,0.0,0.0,0.0,0.0,0.0,0.0,0.0,0.0,0.0,0.0,0.0,0.0,0.0,0.0,0.0,0.0,0.0,0.0,0.0,0.0,0.0,0.000121389,0.000121389,0.0,0.0,0.0,0.0,0.0,0.0,0.000242777,0.0,0.000364166,0.0,0.0,0.0,0.0,0.0,0.009832484,0.0,0.0,0.0,0.0,0.0,0.0,0.0,0.0,0.0,0.0,0.0,0.0,0.0,0.0,0.0,0.0,0.0,0.0,0.0,0.0,0.0,0.0,0.0,0.0,0.0,0.0,0.0,0.0,0.0,0.0,0.0,0.0,0.0,0.0,0.0,0.0,0.0,0.0,0.0,0.0,0.0,0.0,0.0,0.0,0.0,0.0,0.0,0.0,0.0,0.0,0.0,0.0,0.0,0.0,0.0,0.0,0.0,0.0,0.0,0.0,0.003641661,0.0,0.0,0.0,0.0,0.0,0.0,0.0,0.0,0.0,0.0,0.0,0.0,0.0,0.0,0.0,0.0,0.0,0.0,0.0,0.005826657,0.0,0.016508861,0.0,0.0,0.0,0.0,0.0,0.0,0.018086914,0.002184996,0.0,0.0,0.0,0.000121389,0.0,0.0,0.000606943,0.042607429,0.0,0.0,0.0,0.0,0.0,0.0,0.0,0.0,0.0,0.0,0.0,0.0,0.003398883,0.0,0.0,0.0,0.0,0.0,0.0,0.0,0.0,0.0,0.0,0.0,0.0,0.0,0.0,0.0,0.0,0.0,0.0,0.000242777,0.0,0.0,0.0,0.0,0.0,0.0,0.0,0.0,0.0,0.0,0.0,0.0,0.0,0.0,0.0,0.0,0.0,0.0,0.0,0.000121389,0.0,0.0,0.0,0.0,0.0,0.0,0.0,0.0,0.0,0.0,0.001699442,0.003277495,0.000971109,0.0,0.000242777,0.0,0.0,0.0,0.0,0.0,0.0,0.0,0.0,0.0,0.0,0.0,0.0,0.0,0.0,0.0,0.0,0.0,0.0,0.0,0.0,0.0,0.0,0.0,0.0,0.0,0.0,0.0,0.0,0.0,0.000242777,0.0,0.0,0.0,0.0,0.0,0.0,0.0,0.0,0.0,0.0,0.0,0.0,0.0,0.0,0.0,0.0,0.0,0.0,0.0,0.0,0.0,0.0,0.005219714,0.0,0.0,0.0,0.0,0.0,0.0,0.0,0.0,0.000606943,0.0,0.0,0.0,0.0,0.000242777,0.0,0.0,0.0,0.0,0.0,0.000121389,0.0,0.0,0.0,0.0,0.0,0.000121389,0.0,0.0,0.0,0.0,0.0,0.0,0.0,0.000485555,0.0,0.0,0.0,0.0,0.0,0.0,0.0,0.0,0.000121389,0.0,0.0,0.0,0.0,0.0,0.0,0.0,0.0,0.0,0.0,0.0,0.003034717,0.0,0.0,0.0,0.0,0.0,0.000849721,0.0,0.0,0.0,0.0,0.0,0.0,0.0,0.0,0.0,0.0,0.0,0.006797766,0.0,0.0,0.0,0.000364166,0.0,0.000242777,0.0,0.0,0.0,0.0,0.0,0.0,0.0,0.0,0.000121389,0.0,0.0,0.0,0.000485555,0.0,0.0,0.0,0.0,0.0,0.003034717,0.0,0.0,0.0,0.0,0.0,0.0,0.0,0.0,0.0,0.0,0.0,0.0,0.0,0.0,0.0,0.0,0.0,0.0,0.0,0.0,0.0,0.0,0.0,0.002427774,0.0,0.001213887,0.000606943,0.0,0.0,0.0,0.0,0.0,0.0,0.0,0.0,0.0,0.0,0.0,0.0,0.0,0.0,0.0,0.0,0.0,0.0,0.0,0.0,0.0,0.0,0.0,0.0,0.0,0.0,0.0,0.0,0.0,0.0,0.0,0.0,0.0,0.0,0.0,0.0,0.0,0.0,0.0,0.0,0.0,0.0,0.0,0.0,0.0,0.0,0.0,0.0,0.0,0.0,0.0,0.0,0.0,0.0,0.0,0.0,0.0,0.0,0.0,0.0,0.0,0.0,0.0,0.0,0.0,0.0,0.0,0.0,0.0,0.0,0.0,0.0,0.000242777,0.0,0.0,0.0,0.0,0.0,0.0,0.0,0.0,0.0,0.0,0.0,0.0,0.0,0.0,0.0,0.000606943,0.0,0.000364166,0.0,0.000364166,0.0,0.0,0.004491381,0.0,0.00182083,0.0,0.0,0.0,0.0,0.0,0.0,0.0,0.0,0.0,0.0,0.0,0.0,0.0,0.0,0.0,0.0,0.0,0.0,0.0,0.0,0.0,0.0,0.0,0.0,0.0,0.0,0.0,0.0,0.0,0.0,0.0,0.0,0.0,0.0,0.0,0.0,0.0,0.0,0.0,0.0,0.0,0.024641903,0.0,0.0,0.000121389,0.026705511,0.0,0.0,0.004127215,0.0,0.0,0.0,0.0,0.000242777,0.0,0.0,0.0,0.0,0.0,0.0,0.0,0.0,0.0,0.0,0.0,0.0,0.0,0.0,0.0,0.0,0.0,0.0,0.009104151,0.0,0.12940034,0.0,0.006919155,0.0,0.0,0.0,0.0,0.0,0.000121389,0.0,0.0,0.0
110,0.0,0.0,0.0,0.0,0.0,0.0,0.0,0.0,0.0,0.0,0.001213887,0.0,0.0,0.0,0.0,0.0,0.000121389,0.0,0.0,0.0,0.0,0.0,0.0,0.0,0.0,0.0,0.001578053,0.0,0.0,0.0,0.0,0.0,0.0,0.0,0.0,0.00182083,0.000606943,0.0,0.0,0.0,0.0,0.0,0.000121389,0.0,0.0,0.0,0.0,0.0,0.0,0.0,0.0,0.0,0.0,0.0,0.0,0.0,0.0,0.0,0.0,0.000849721,0.0,0.0,0.0,0.0,0.0,0.0,0.0,0.0,0.0,0.0,0.0,0.003277495,0.0,0.0,0.0,0.0,0.0,0.0,0.0,0.0,0.001699442,0.0,0.0,0.081451809,0.0,0.0,0.0,0.0,0.0,0.0,0.0,0.0,0.0,0.0,0.0,0.0,0.0,0.000121389,0.0,0.0,0.0,0.0,0.0,0.0,0.0,0.0,0.0,0.0,0.0,0.0,0.0,0.0,0.0,0.0,0.0,0.0,0.0,0.0,0.0,0.0,0.0,0.0,0.007647487,0.0,0.0,0.0,0.006312212,0.000364166,0.0,0.0,0.0,0.045399369,0.008497208,0.0,0.000121389,0.0,0.000849721,0.0,0.000364166,0.0,0.0,0.0,0.004127215,0.000242777,0.03423161,0.0,0.0,0.001335276,0.003641661,0.00182083,0.048191309,0.001699442,0.0,0.0,0.0,0.0,0.0,0.0,0.0,0.000121389,0.0,0.0,0.001335276,0.0,0.000849721,0.0,0.0,0.000364166,0.0,0.0,0.0,0.0,0.0,0.0,0.0,0.000242777,0.0,0.000364166,0.0,0.000121389,0.0,0.0,0.0,0.0,0.0,0.0,0.0,0.0,0.0,0.0,0.0,0.0,0.0,0.0,0.0,0.0,0.0,0.0,0.0,0.0,0.0,0.0,0.0,0.0,0.0,0.0,0.0,0.0,0.0,0.0,0.0,0.005341102,0.0,0.0,0.0,0.0,0.0,0.0,0.0,0.0,0.0,0.0,0.0,0.0,0.0,0.0,0.0,0.0,0.0,0.0,0.0,0.0,0.0,0.0,0.0,0.0,0.0,0.0,0.0,0.0,0.0,0.0,0.002063608,0.0,0.0,0.0,0.0,0.0,0.0,0.0,0.0,0.0,0.0,0.0,0.0,0.0,0.0,0.0,0.000242777,0.0,0.0,0.0,0.0,0.0,0.0,0.0,0.0,0.0,0.0,0.0,0.0,0.0,0.0,0.0,0.0,0.004369993,0.0,0.0,0.0,0.0,0.0,0.0,0.0,0.0,0.0,0.0,0.000121389,0.0,0.0,0.0,0.0,0.0,0.0,0.0,0.0,0.0,0.0,0.0,0.0,0.0,0.000121389,0.0,0.0,0.0,0.0,0.0,0.0,0.0,0.0,0.0,0.0,0.0,0.001942219,0.011410537,0.0,0.0,0.065549891,0.0,0.0,0.0,0.0,0.0,0.0,0.0,0.0,0.0,0.0,0.0,0.0,0.003398883,0.0,0.0,0.0,0.0,0.0,0.0,0.0,0.0,0.0,0.0,0.2800437,0.007040544,0.0,0.0,0.0,0.0,0.0,0.0,0.0,0.0,0.0,0.0,0.0,0.0,0.0,0.001456664,0.0,0.0,0.0,0.0,0.0,0.0,0.0,0.0,0.0,0.0,0.0,0.0,0.0,0.0,0.0,0.0,0.0,0.0,0.0,0.0,0.0,0.0,0.0,0.009711095,0.0,0.003763049,0.0,0.0,0.0,0.000606943,0.0,0.003884438,0.0,0.000121389,0.0,0.0,0.0,0.0,0.0,0.0,0.0,0.0,0.0,0.0,0.0,0.0,0.01760136,0.0,0.0,0.0,0.0,0.0,0.0,0.0,0.0,0.0,0.0,0.000849721,0.0,0.0,0.0,0.0,0.006919155,0.0,0.0,0.018815246,0.001456664,0.0,0.0,0.0,0.0,0.000728332,0.0,0.0,0.0,0.0,0.0,0.0,0.0,0.000121389,0.0,0.0,0.0,0.0,0.0,0.0,0.0,0.0,0.0,0.0,0.0,0.0,0.0,0.0,0.0,0.0,0.0,0.0,0.0,0.0,0.0,0.0,0.0,0.0,0.0,0.0,0.0,0.0,0.000971109,0.002549162,0.000121389,0.0,0.0,0.0,0.0,0.0,0.0,0.0,0.0,0.0,0.0,0.0,0.0,0.0,0.0,0.0,0.0,0.0,0.0,0.0,0.0,0.0,0.0,0.0,0.0,0.000606943,0.0,0.0,0.0,0.0,0.0,0.000728332,0.0,0.0,0.0,0.0,0.0,0.0,0.0,0.0,0.0,0.0,0.0,0.000242777,0.0,0.0,0.0,0.0,0.0,0.0,0.0,0.0,0.000364166,0.000121389,0.000606943,0.0,0.0,0.0,0.0,0.0,0.0,0.0,0.0,0.000121389,0.0,0.0,0.0,0.000121389,0.0,0.0,0.0,0.0,0.0,0.0,0.0,0.0,0.0,0.0,0.0,0.0,0.0,0.0,0.0,0.0,0.0,0.0,0.0,0.0,0.0,0.0,0.000364166,0.0,0.006919155,0.0,0.004976936,0.0,0.0,0.0,0.0,0.0,0.0,0.0,0.0,0.0,0.0,0.0,0.0,0.000121389,0.000364166,0.0,0.0,0.0,0.0,0.0,0.0,0.0,0.0,0.037387715,0.01383831,0.0,0.0,0.0,0.0,0.0,0.0,0.0,0.0,0.0,0.0,0.0,0.0,0.0,0.0,0.0,0.0,0.0,0.0,0.0,0.0,0.107064822,0.0,0.050012139,0.0,0.0,0.0,0.0,0.0,0.0,0.0,0.0,0.0,0.0,0.0,0.0,0.0,0.0,0.0,0.0,0.0,0.0,0.0,0.0,0.0,0.0,0.0,0.0,0.0,0.0,0.0,0.0,0.0,0.0,0.0,0.0,0.000485555,0.0,0.0,0.046491867,0.0,0.0,0.0,0.0,0.0,0.0,0.0,0.0,0.0,0.0,0.0,0.0,0.0,0.0,0.0,0.000971109,0.0,0.0,0.0,0.0,0.0,0.0,0.0,0.0,0.0,0.0,0.0,0.0,0.0,0.0,0.0,0.0,0.0,0.0,0.0,0.0,0.0,0.0,0.0,0.0,0.0,0.0,0.0,0.0,0.0,0.0,0.0,0.0,0.0,0.0,0.0,0.0,0.0,0.0,0.0,0.0,0.0,0.000971109,0.0,0.0,0.0,0.001578053,0.0,0.0,0.000485555,0.0,0.0,0.0,0.0,0.0,0.0,0.0,0.0,0.0,0.0,0.0,0.0,0.0,0.0,0.0,0.0,0.0,0.0,0.0,0.0,0.0,0.0,0.0,0.000364166,0.0,0.011289148,0.0,0.000971109,0.0,0.0,0.0,0.0,0.0,0.0,0.0,0.0,0.0
111,0.0,0.000606943,0.0,0.0,0.0,0.0,0.0,0.0,0.0,0.0,0.0,0.0,0.0,0.0,0.0,0.0,0.0,0.0,0.0,0.0,0.0,0.0,0.0,0.0,0.0,0.0,0.0,0.0,0.0,0.0,0.0,0.0,0.0,0.0,0.0,0.0,0.0,0.0,0.0,0.0,0.0,0.0,0.0,0.0,0.0,0.0,0.0,0.0,0.0,0.0,0.0,0.0,0.0,0.0,0.0,0.0,0.0,0.0,0.0,0.0,0.0,0.0,0.0,0.0,0.0,0.0,0.0,0.0,0.0,0.0,0.0,0.0,0.0,0.0,0.0,0.0,0.0,0.0,0.0,0.0,0.0,0.0,0.0,0.0,0.0,0.0,0.0,0.0,0.0,0.0,0.0,0.0,0.0,0.0,0.0,0.0,0.0,0.0,0.0,0.0,0.0,0.0,0.0,0.0,0.0,0.0,0.0,0.0,0.0,0.0,0.0,0.0,0.0,0.0,0.0,0.0,0.0,0.0,0.0,0.0,0.0,0.0,0.0,0.0,0.0,0.0,0.0,0.0,0.0,0.0,0.0,0.0,0.0,0.0,0.0,0.0,0.0,0.0,0.0,0.0,0.0,0.0,0.0,0.0,0.0,0.0,0.0,0.0,0.0,0.0,0.0,0.0,0.0,0.0,0.0,0.0,0.011896091,0.0,0.0,0.011531925,0.0,0.000242777,0.0,0.0,0.0,0.0,0.000606943,0.0,0.0,0.0,0.0,0.0,0.0,0.0,0.0,0.0,0.0,0.0,0.0,0.0,0.0,0.0,0.0,0.0,0.0,0.0,0.008861374,0.0,0.0,0.0,0.0,0.0,0.0,0.0,0.0,0.0,0.0,0.0,0.0,0.0,0.0,0.0,0.0,0.0,0.0,0.0,0.0,0.0,0.0,0.0,0.0,0.0,0.0,0.0,0.0,0.0,0.0,0.0,0.0,0.0,0.0,0.0,0.0,0.0,0.0,0.0,0.0,0.0,0.0,0.0,0.0,0.0,0.0,0.0,0.0,0.0,0.002184996,0.0,0.0,0.0,0.0,0.0,0.0,0.0,0.0,0.0,0.0,0.0,0.0,0.0,0.0,0.0,0.0,0.0,0.000121389,0.0,0.0,0.0,0.0,0.0,0.0,0.0,0.0,0.0,0.0,0.0,0.0,0.0,0.0,0.0,0.0,0.0,0.0,0.0,0.0,0.0,0.0,0.0,0.0,0.0,0.0,0.0,0.0,0.0,0.0,0.0,0.0,0.0,0.0,0.0,0.0,0.0,0.0,0.0,0.0,0.0,0.0,0.0,0.36416606,0.0,0.076960427,0.0,0.000121389,0.0,0.0,0.0,0.0,0.0,0.0,0.0,0.0,0.0,0.0,0.004369993,0.000242777,0.0,0.0,0.0,0.0,0.0,0.0,0.0,0.0,0.0,0.0,0.0,0.0,0.0,0.0,0.0,0.0,0.0,0.0,0.0,0.0,0.0,0.0,0.0,0.0,0.0,0.0,0.0,0.0,0.0,0.0,0.0,0.0,0.0,0.0,0.0,0.0,0.0,0.0,0.0,0.0,0.021000243,0.0,0.0,0.0,0.0,0.0,0.0,0.0,0.0,0.0,0.0,0.0,0.0,0.0,0.0,0.0,0.0,0.0,0.0,0.0,0.0,0.0,0.0,0.000121389,0.231002671,0.0,0.006069434,0.0,0.0,0.0,0.0,0.0,0.0,0.0,0.0,0.0,0.0,0.0,0.0,0.0,0.0,0.0,0.0,0.0,0.0,0.0,0.0,0.0,0.0,0.0,0.0,0.0,0.0,0.0,0.0,0.0,0.0,0.0,0.0,0.0,0.0,0.0,0.0,0.0,0.0,0.0,0.0,0.0,0.0,0.0,0.0,0.0,0.0,0.000242777,0.0,0.0,0.0,0.0,0.0,0.0,0.0,0.002913328,0.0,0.0,0.0,0.0,0.0,0.0,0.0,0.0,0.005341102,0.0,0.0,0.0,0.0,0.0,0.0,0.0,0.0,0.0,0.0,0.0,0.0,0.0,0.0,0.0,0.0,0.0,0.0,0.0,0.0,0.0,0.0,0.0,0.0,0.0,0.0,0.0,0.0,0.0,0.0,0.0,0.0,0.0,0.0,0.0,0.0,0.0,0.0,0.0,0.0,0.0,0.0,0.0,0.0,0.0,0.0,0.0,0.0,0.0,0.0,0.0,0.0,0.0,0.0,0.0,0.0,0.0,0.0,0.0,0.0,0.0,0.0,0.0,0.0,0.0,0.0,0.0,0.0,0.0,0.0,0.0,0.0,0.0,0.0,0.0,0.0,0.0,0.0,0.0,0.0,0.0,0.0,0.0,0.0,0.0,0.0,0.0,0.0,0.0,0.0,0.0,0.0,0.0,0.0,0.0,0.0,0.0,0.0,0.0,0.0,0.0,0.0,0.0,0.0,0.0,0.0,0.0,0.0,0.0,0.0,0.0,0.0,0.0,0.0,0.0,0.0,0.0,0.0,0.0,0.0,0.0,0.0,0.0,0.0,0.0,0.0,0.0,0.0,0.0,0.0,0.0,0.0,0.0,0.0,0.0,0.0,0.0,0.0,0.0,0.0,0.0,0.0,0.0,0.0,0.0,0.0,0.0,0.0,0.0,0.0,0.0,0.0,0.0,0.0,0.0,0.0,0.0,0.0,0.0,0.000121389,0.0,0.0,0.0,0.0,0.0,0.0,0.0,0.0,0.0,0.0,0.0,0.0,0.0,0.0,0.0,0.0,0.0,0.0,0.0,0.0,0.0,0.0,0.0,0.0,0.000121389,0.0,0.0,0.0,0.049526584,0.0,0.0,0.0,0.0,0.0,0.0,0.0,0.0,0.0,0.0,0.0,0.0,0.0,0.0,0.0,0.0,0.0,0.0,0.0,0.0,0.0,0.0,0.0,0.0,0.0,0.0,0.0,0.0,0.0,0.0,0.0,0.0,0.0,0.0,0.0,0.0,0.0,0.0,0.0,0.0,0.0,0.0,0.0,0.0,0.0,0.0,0.0,0.0,0.0,0.0,0.0,0.0,0.0,0.0,0.0,0.0,0.000485555,0.0,0.0,0.0,0.0,0.0,0.0,0.0,0.0,0.0,0.002913328,0.0,0.0,0.0,0.001456664,0.0,0.0,0.0,0.0,0.0,0.0,0.0,0.0,0.0,0.0,0.0,0.0,0.0,0.0,0.0,0.0,0.0,0.0,0.0,0.0,0.0,0.0,0.0,0.0,0.0,0.0,0.0,0.0,0.155134741,0.0,0.041393542,0.0,0.0,0.0,0.0,0.0,0.0,0.0,0.0,0.000242777
112,0.0,0.000728332,0.0,0.0,0.0,0.0,0.0,0.0,0.0,0.0,0.0,0.000364166,0.0,0.0,0.0,0.0,0.0,0.0,0.0,0.0,0.0,0.0,0.0,0.0,0.0,0.0,0.0,0.0,0.0,0.0,0.0,0.0,0.0,0.0,0.0,0.010803593,0.0,0.0,0.0,0.0,0.0,0.0,0.0,0.0,0.0,0.0,0.0,0.0,0.0,0.0,0.0,0.0,0.0,0.0,0.0,0.0,0.0,0.0,0.0,0.0,0.0,0.0,0.0,0.0,0.0,0.0,0.0,0.0,0.0,0.0,0.0,0.0,0.0,0.0,0.0,0.0,0.0,0.0,0.0,0.0,0.0,0.0,0.0,0.0,0.0,0.0,0.0,0.0,0.0,0.0,0.0,0.0,0.0,0.0,0.0,0.0,0.0,0.0,0.0,0.0,0.0,0.0,0.0,0.0,0.0,0.0,0.0,0.0,0.0,0.0,0.0,0.0,0.0,0.0,0.0,0.0,0.0,0.0,0.0,0.0,0.0,0.0,0.0,0.0,0.0,0.0,0.0,0.0,0.0,0.0,0.0,0.0,0.0,0.0,0.0,0.0,0.0,0.0,0.391721292,0.0,0.0,0.0,0.004491381,0.0,0.0,0.0,0.0,0.0,0.397547949,0.0,0.0,0.0,0.0,0.0,0.0,0.0,0.0,0.0,0.0,0.0,0.000121389,0.0,0.003520272,0.0,0.0,0.0,0.0,0.0,0.0,0.0,0.0,0.0,0.0,0.0,0.0,0.0,0.0,0.0,0.0,0.0,0.0,0.0,0.0,0.0,0.0,0.0,0.0,0.0,0.0,0.0,0.0,0.0,0.0,0.0,0.0,0.0,0.0,0.0,0.0,0.0,0.0,0.0,0.0,0.0,0.0,0.0,0.0,0.0,0.0,0.0,0.0,0.0,0.0,0.0,0.0,0.0,0.0,0.0,0.0,0.0,0.0,0.0,0.0,0.0,0.0,0.0,0.0,0.0,0.0,0.0,0.0,0.0,0.0,0.0,0.0,0.0,0.0,0.0,0.0,0.0,0.0,0.0,0.0,0.0,0.0,0.0,0.0,0.0,0.0,0.0,0.0,0.0,0.0,0.0,0.0,0.0,0.0,0.0,0.0,0.0,0.0,0.0,0.0,0.0,0.0,0.0,0.0,0.0,0.0,0.0,0.0,0.0,0.0,0.0,0.0,0.0,0.0,0.0,0.0,0.0,0.000606943,0.0,0.0,0.0,0.0,0.0,0.0,0.0,0.0,0.0,0.0,0.0,0.0,0.0,0.0,0.0,0.0,0.0,0.003156106,0.0,0.000242777,0.0,0.0,0.0,0.0,0.0,0.0,0.000728332,0.0,0.0,0.0,0.0,0.0,0.077445982,0.0,0.0,0.0,0.0,0.0,0.0,0.0,0.0,0.0,0.0,0.0,0.0,0.0,0.0,0.0,0.001092498,0.0,0.0,0.0,0.0,0.0,0.0,0.0,0.0,0.0,0.0,0.0,0.0,0.0,0.0,0.0,0.0,0.057052683,0.0,0.0,0.0,0.0,0.0,0.0,0.0,0.0,0.0,0.0,0.0,0.0,0.0,0.0,0.0,0.0,0.000121389,0.0,0.0,0.0,0.0,0.0,0.0,0.0,0.0,0.0,0.0,0.0,0.0,0.0,0.0,0.0,0.032532168,0.0,0.0,0.000849721,0.0,0.0,0.0,0.0,0.0,0.0,0.0,0.0,0.0,0.0,0.0,0.0,0.0,0.0,0.0,0.0,0.0,0.0,0.0,0.0,0.0,0.0,0.0,0.0,0.0,0.0,0.0,0.0,0.0,0.0,0.0,0.0,0.0,0.001456664,0.0,0.000971109,0.0,0.0,0.0,0.0,0.0,0.0,0.0,0.0,0.0,0.0,0.0,0.0,0.0,0.0,0.0,0.0,0.000242777,0.0,0.0,0.0,0.0,0.0,0.0,0.0,0.0,0.0,0.0,0.0,0.0,0.0,0.0,0.0,0.0,0.0,0.0,0.0,0.0,0.0,0.0,0.0,0.0,0.0,0.0,0.0,0.0,0.0,0.0,0.0,0.0,0.0,0.0,0.0,0.0,0.0,0.0,0.0,0.0,0.0,0.0,0.0,0.0,0.0,0.0,0.0,0.0,0.0,0.0,0.0,0.0,0.0,0.0,0.0,0.0,0.0,0.0,0.0,0.0,0.0,0.0,0.0,0.0,0.0,0.0,0.0,0.0,0.0,0.0,0.0,0.0,0.0,0.0,0.0,0.0,0.0,0.0,0.0,0.0,0.0,0.0,0.0,0.0,0.0,0.0,0.0,0.0,0.0,0.0,0.0,0.0,0.0,0.0,0.0,0.0,0.0,0.0,0.0,0.0,0.0,0.0,0.0,0.0,0.0,0.0,0.0,0.0,0.0,0.0,0.0,0.0,0.0,0.0,0.0,0.0,0.0,0.0,0.0,0.0,0.0,0.0,0.0,0.0,0.0,0.0,0.0,0.0,0.0,0.0,0.0,0.0,0.0,0.0,0.0,0.0,0.0,0.0,0.0,0.0,0.0,0.0,0.0,0.0,0.0,0.0,0.0,0.0,0.0,0.0,0.001213887,0.0,0.0,0.0,0.0,0.0,0.0,0.0,0.0,0.0,0.0,0.0,0.0,0.0,0.0,0.0,0.0,0.0,0.0,0.000485555,0.0,0.0,0.0,0.0,0.0,0.0,0.0,0.0,0.0,0.0,0.0,0.0,0.0,0.0,0.0,0.0,0.0,0.0,0.0,0.0,0.0,0.0,0.0,0.0,0.0,0.0,0.0,0.0,0.0,0.0,0.0,0.0,0.0,0.0,0.0,0.0,0.0,0.0,0.0,0.0,0.0,0.0,0.0,0.0,0.0,0.0,0.0,0.0,0.0,0.0,0.0,0.0,0.0,0.0,0.0,0.0,0.0,0.0,0.0,0.0,0.0,0.0,0.0,0.0,0.0,0.0,0.0,0.0,0.0,0.0,0.0,0.0,0.0,0.0,0.0,0.0,0.0,0.0,0.0,0.0,0.0,0.0,0.0,0.0,0.0,0.0,0.0,0.0,0.0,0.0,0.0,0.0,0.0,0.0,0.0,0.0,0.0,0.0,0.0,0.0,0.0,0.0,0.0,0.0,0.0,0.0,0.0,0.0,0.0,0.0,0.0,0.0,0.0,0.0,0.0,0.0,0.0,0.0,0.0,0.000606943,0.007647487,0.0,0.0,0.0,0.0,0.0,0.0,0.0,0.004248604,0.0,0.0,0.0,0.0,0.0,0.0,0.0,0.0,0.0,0.0,0.0
113,0.0,0.0,0.0,0.0,0.0,0.0,0.0,0.0,0.0,0.0,0.0,0.0,0.0,0.0,0.0,0.0,0.000485555,0.0,0.0,0.0,0.0,0.0,0.0,0.0,0.0,0.0,0.0,0.0,0.0,0.0,0.0,0.0,0.0,0.0,0.0,0.000121389,0.00182083,0.0,0.0,0.0,0.0,0.0,0.0,0.0,0.0,0.0,0.0,0.0,0.0,0.0,0.0,0.0,0.0,0.0,0.0,0.0,0.0,0.0,0.0,0.001942219,0.0,0.0,0.0,0.0,0.0,0.0,0.0,0.0,0.0,0.0,0.0,0.0,0.0,0.0,0.0,0.0,0.0,0.0,0.0,0.0,0.0,0.0,0.0,0.0,0.0,0.0,0.0,0.0,0.0,0.0,0.0,0.0,0.0,0.0,0.0,0.0,0.0,0.004369993,0.0,0.0,0.0,0.0,0.0,0.0,0.0,0.0,0.0,0.0,0.0,0.0,0.0,0.0,0.0,0.0,0.0,0.0,0.0,0.0,0.0,0.0,0.0,0.0,0.006554989,0.0,0.0,0.0,0.0,0.0,0.0,0.0,0.0,0.032046613,0.0,0.0,0.0,0.0,0.001335276,0.0,0.000971109,0.0,0.0,0.001335276,0.000242777,0.001578053,0.114712309,0.0,0.0,0.000728332,0.000364166,0.003520272,0.201141054,0.000849721,0.0,0.0,0.0,0.0,0.000971109,0.0,0.0,0.0,0.0,0.0,0.0,0.0,0.002063608,0.0,0.000242777,0.0,0.0,0.0,0.0,0.0,0.0,0.0,0.0,0.0,0.0,0.0,0.0,0.0,0.0,0.0,0.0,0.0,0.0,0.0,0.0,0.0,0.0,0.0,0.0,0.0,0.0,0.0,0.0,0.0,0.0,0.0,0.0,0.0,0.0,0.0,0.0,0.0,0.0,0.0,0.0,0.0,0.0,0.0,0.0,0.0,0.0,0.0,0.0,0.0,0.0,0.0,0.0,0.0,0.0,0.0,0.0,0.0,0.0,0.0,0.0,0.0,0.0,0.0,0.0,0.0,0.0,0.0,0.0,0.0,0.0,0.0,0.0,0.0,0.0,0.0,0.0,0.0,0.0,0.0,0.0,0.0,0.0,0.0,0.0,0.0,0.0,0.0,0.0,0.0,0.0,0.0,0.0,0.000121389,0.0,0.0,0.0,0.0,0.0,0.0,0.0,0.0,0.0,0.0,0.0,0.0,0.0,0.0,0.0,0.0,0.0,0.0,0.0,0.0,0.0,0.0,0.0,0.0,0.0,0.0,0.0,0.000242777,0.0,0.0,0.0,0.0,0.0,0.0,0.0,0.0,0.0,0.0,0.000728332,0.0,0.003884438,0.0,0.0,0.0,0.0,0.0,0.0,0.0,0.0,0.0,0.0,0.0,0.000364166,0.007526099,0.0,0.0,0.005826657,0.0,0.0,0.0,0.0,0.0,0.0,0.0,0.0,0.0,0.0,0.0,0.0,0.000121389,0.0,0.0,0.0,0.0,0.0,0.0,0.0,0.0,0.0,0.000364166,0.0,0.009104151,0.0,0.0,0.0,0.0,0.00182083,0.0,0.0,0.0,0.0,0.0,0.0,0.0,0.0,0.001578053,0.0,0.0,0.0,0.000364166,0.0,0.0,0.0,0.0,0.0,0.0,0.0,0.0,0.0,0.0,0.0,0.0,0.0,0.0,0.0,0.0,0.0,0.0,0.0,0.006554989,0.0,0.002306385,0.0,0.0,0.0,0.000364166,0.0,0.001213887,0.0,0.000606943,0.0,0.0,0.0,0.0,0.0,0.0,0.0,0.0,0.0,0.0,0.0,0.0,0.0,0.0,0.0,0.0,0.0,0.0,0.0,0.0,0.0,0.0,0.0,0.0,0.0,0.0,0.0,0.0,0.000121389,0.0,0.0,0.001092498,0.000364166,0.0,0.0,0.0,0.0,0.0,0.0,0.0,0.0,0.0,0.016751639,0.0,0.0,0.0,0.0,0.0,0.0,0.0,0.0,0.0,0.000606943,0.0,0.0,0.033988832,0.0,0.0,0.0,0.0,0.0,0.0,0.0,0.0,0.0,0.0,0.001335276,0.0,0.0,0.0,0.0,0.0,0.002184996,0.0,0.0,0.005462491,0.0,0.0,0.0,0.0,0.0,0.0,0.0,0.0,0.0,0.0,0.0,0.0,0.0,0.0,0.0,0.0,0.0,0.0,0.0,0.0,0.0,0.0,0.0,0.0,0.0,0.0,0.0,0.0,0.0,0.0,0.0,0.0,0.0,0.0,0.0,0.0,0.0,0.0,0.0,0.0,0.0,0.0,0.0,0.0,0.0,0.0,0.0,0.0,0.0,0.0,0.0,0.0,0.0,0.0,0.0,0.0,0.0,0.0,0.0,0.0,0.0,0.0,0.0,0.0,0.0,0.0,0.0,0.0,0.0,0.0,0.0,0.0,0.0,0.0,0.0,0.0,0.0,0.0,0.0,0.0,0.0,0.0,0.0,0.0,0.0,0.0,0.0,0.0,0.0,0.0,0.0,0.0,0.002913328,0.0,0.000485555,0.0,0.0,0.0,0.0,0.0,0.0,0.0,0.0,0.0,0.0,0.0,0.0,0.0,0.000242777,0.0,0.0,0.0,0.0,0.0,0.0,0.0,0.0,0.015052197,0.009832484,0.0,0.0,0.0,0.0,0.0,0.0,0.0,0.0,0.0,0.0,0.0,0.0,0.0,0.0,0.0,0.0,0.0,0.0,0.0,0.0,0.315489196,0.0,0.0,0.092619568,0.0,0.0,0.0,0.0,0.0,0.0,0.0,0.0,0.0,0.0,0.0,0.0,0.0,0.0,0.0,0.0,0.0,0.0,0.0,0.0,0.0,0.0,0.0,0.0,0.0,0.0,0.0,0.0,0.0,0.0,0.0,0.0,0.0,0.0,0.02221413,0.0,0.0,0.0,0.0,0.000121389,0.0,0.0,0.0,0.0,0.0,0.0,0.0,0.0,0.0,0.0,0.0,0.0,0.0,0.0,0.0,0.0,0.0,0.0,0.0,0.0,0.0,0.0,0.0,0.0,0.0,0.0,0.0,0.0,0.0,0.0,0.0,0.0,0.0,0.0,0.0,0.0,0.0,0.0,0.0,0.0,0.0,0.0,0.0,0.0,0.0,0.0,0.0,0.0,0.0,0.0,0.0,0.0,0.033867444,0.0,0.0,0.0,0.019058024,0.0,0.0,0.000485555,0.0,0.0,0.0,0.0,0.0,0.0,0.0,0.0,0.0,0.0,0.0,0.0,0.0,0.0,0.0,0.0,0.0,0.0,0.0,0.0,0.0,0.0,0.0,0.000606943,0.0,0.00279194,0.0,0.000606943,0.0,0.0,0.0,0.0,0.0,0.001213887,0.0,0.0,0.0
114,0.0,0.001335276,0.0,0.0,0.0,0.0,0.0,0.0,0.0,0.0,0.0,0.000485555,0.0,0.0,0.0,0.0,0.0,0.0,0.0,0.0,0.0,0.0,0.0,0.0,0.0,0.0,0.0,0.0,0.0,0.0,0.0,0.0,0.0,0.0,0.0,0.030104394,0.0,0.0,0.0,0.0,0.0,0.0,0.0,0.0,0.0,0.0,0.0,0.0,0.0,0.0,0.0,0.0,0.0,0.0,0.0,0.0,0.0,0.0,0.0,0.0,0.0,0.0,0.0,0.0,0.0,0.0,0.0,0.0,0.0,0.0,0.0,0.0,0.0,0.0,0.0,0.0,0.0,0.0,0.0,0.0,0.0,0.000121389,0.0,0.0,0.0,0.0,0.0,0.0,0.0,0.0,0.0,0.0,0.0,0.0,0.0,0.0,0.0,0.0,0.0,0.0,0.0,0.0,0.0,0.0,0.0,0.0,0.0,0.0,0.0,0.0,0.0,0.0,0.0,0.0,0.0,0.0,0.0,0.0,0.0,0.0,0.0,0.0,0.0,0.0,0.0,0.0,0.0,0.0,0.0,0.0,0.0,0.0,0.0,0.0,0.0,0.0,0.0,0.0,0.414542365,0.0,0.0,0.0,0.0064336,0.0,0.000364166,0.0,0.0,0.0,0.383831027,0.0,0.0,0.0,0.0,0.0,0.0,0.0,0.0,0.0,0.0,0.0,0.001092498,0.0,0.002549162,0.0,0.0,0.0,0.0,0.0,0.0,0.0,0.0,0.0,0.0,0.0,0.0,0.0,0.0,0.0,0.0,0.0,0.0,0.0,0.0,0.0,0.0,0.0,0.0,0.0,0.0,0.0,0.0,0.0,0.0,0.0,0.0,0.0,0.0,0.0,0.0,0.0,0.0,0.0,0.0,0.0,0.0,0.0,0.0,0.0,0.0,0.0,0.0,0.0,0.0,0.0,0.0,0.0,0.0,0.0,0.0,0.0,0.0,0.0,0.0,0.0,0.0,0.0,0.0,0.0,0.0,0.0,0.0,0.0,0.0,0.0,0.0,0.0,0.0,0.0,0.0,0.0,0.0,0.0,0.0,0.0,0.0,0.0,0.0,0.0,0.0,0.0,0.0,0.0,0.0,0.0,0.0,0.0,0.0,0.0,0.0,0.0,0.0,0.0,0.0,0.0,0.0,0.0,0.0,0.0,0.0,0.0,0.0,0.0,0.0,0.0,0.0,0.0,0.0,0.0,0.0,0.0,0.000849721,0.0,0.0,0.0,0.0,0.0,0.0,0.0,0.0,0.0,0.0,0.0,0.0,0.0,0.0,0.0,0.0,0.0,0.002306385,0.0,0.000242777,0.0,0.000121389,0.0,0.0,0.0,0.0,0.001942219,0.0,0.000728332,0.0,0.0,0.0,0.032046613,0.0,0.0,0.0,0.0,0.0,0.0,0.0,0.0,0.0,0.0,0.0,0.0,0.0,0.0,0.0,0.002063608,0.0,0.0,0.0,0.0,0.0,0.0,0.0,0.0,0.0,0.0,0.0,0.0,0.0,0.0,0.0,0.0,0.066521,0.0,0.0,0.0,0.0,0.0,0.0,0.0,0.0,0.0,0.0,0.0,0.0,0.0,0.0,0.0,0.0,0.000728332,0.0,0.0,0.0,0.0,0.0,0.0,0.0,0.0,0.0,0.000485555,0.0,0.0,0.0,0.0,0.0,0.033381889,0.0,0.0,0.003520272,0.0,0.0,0.0,0.0,0.0,0.0,0.0,0.0,0.0,0.0,0.0,0.0,0.0,0.0,0.0,0.0,0.0,0.0,0.0,0.0,0.0,0.0,0.0,0.0,0.0,0.0,0.0,0.0,0.0,0.0,0.0,0.0,0.0,0.004127215,0.0,0.000849721,0.0,0.0,0.000242777,0.0,0.0,0.0,0.0,0.0,0.0,0.0,0.0,0.0,0.0,0.0,0.0,0.0,0.0,0.0,0.0,0.0,0.0,0.0,0.0,0.0,0.0,0.0,0.000242777,0.0,0.0,0.0,0.0,0.0,0.0,0.0,0.0,0.0,0.0,0.0,0.0,0.0,0.0,0.0,0.0,0.0,0.0,0.0,0.0,0.0,0.0,0.0,0.0,0.0,0.0,0.0,0.0,0.0,0.0,0.0,0.0,0.0,0.0,0.0,0.0,0.0,0.0,0.0,0.0,0.0,0.0,0.0,0.0,0.0,0.0,0.0,0.0,0.0,0.0,0.0,0.0,0.0,0.0,0.0,0.0,0.0,0.0,0.0,0.0,0.0,0.0,0.0,0.0,0.0,0.0,0.0,0.0,0.0,0.0,0.0,0.0,0.0,0.0,0.0,0.0,0.0,0.0,0.0,0.0,0.0,0.0,0.0,0.0,0.0,0.0,0.0,0.0,0.0,0.0,0.0,0.0,0.0,0.0,0.0,0.0,0.0,0.0,0.0,0.0,0.0,0.0,0.0,0.0,0.0,0.0,0.0,0.0,0.0,0.0,0.0,0.0,0.0,0.0,0.0,0.0,0.0,0.0,0.0,0.0,0.0,0.0,0.0,0.0,0.0,0.0,0.0,0.0,0.0,0.0,0.0,0.0,0.0,0.0,0.0,0.0,0.0,0.0,0.0,0.0,0.000242777,0.0,0.0,0.0,0.0,0.0,0.0,0.0,0.0,0.0,0.0,0.0,0.0,0.0,0.0,0.0,0.0,0.0,0.0,0.000485555,0.0,0.0,0.0,0.0,0.0,0.0,0.0,0.0,0.0,0.0,0.0,0.0,0.0,0.0,0.0,0.0,0.0,0.0,0.0,0.0,0.0,0.0,0.0,0.0,0.0,0.0,0.0,0.0,0.0,0.0,0.0,0.0,0.0,0.0,0.0,0.0,0.0,0.0,0.0,0.0,0.0,0.0,0.0,0.0,0.0,0.0,0.0,0.0,0.0,0.0,0.0,0.0,0.0,0.0,0.0,0.0,0.0,0.0,0.0,0.0,0.0,0.0,0.0,0.0,0.0,0.0,0.0,0.0,0.0,0.0,0.0,0.0,0.0,0.0,0.0,0.0,0.0,0.0,0.0,0.0,0.0,0.0,0.0,0.0,0.0,0.0,0.0,0.0,0.0,0.0,0.0,0.0,0.0,0.0,0.0,0.0,0.0,0.0,0.0,0.0,0.0,0.0,0.0,0.0,0.0,0.0,0.0,0.0,0.0,0.0,0.0,0.0,0.0,0.0,0.0,0.0,0.0,0.0,0.0,0.000728332,0.004734159,0.0,0.0,0.0,0.0,0.0,0.0,0.0,0.002549162,0.0,0.0,0.0,0.0,0.0,0.0,0.0,0.0,0.0,0.0,0.0
115,0.0,0.0,0.0,0.0,0.0,0.0,0.0,0.0,0.0,0.0,0.0,0.0,0.0,0.0,0.0,0.0,0.0,0.0,0.0,0.0,0.0,0.0,0.0,0.0,0.0,0.0,0.0,0.0,0.0,0.0,0.0,0.0,0.0,0.0,0.0,0.002549162,0.0,0.0,0.0,0.0,0.0,0.0,0.0,0.0,0.0,0.0,0.0,0.0,0.0,0.0,0.0,0.0,0.0,0.0,0.0,0.0,0.0,0.0,0.000242777,0.0,0.0,0.0,0.0,0.0,0.0,0.0,0.0,0.0,0.0,0.0,0.0,0.0,0.0,0.0,0.0,0.0,0.0,0.0,0.0,0.0,0.0,0.0,0.0,0.0,0.0,0.0,0.0,0.0,0.0,0.0,0.0,0.0,0.0,0.0,0.0,0.0,0.0,0.0,0.0,0.0,0.0,0.0,0.0,0.0,0.0,0.0,0.0,0.0,0.0,0.0,0.0,0.0,0.0,0.0,0.0,0.0,0.0,0.0,0.0,0.0,0.0,0.0,0.0,0.0,0.0,0.0,0.0,0.0,0.0,0.0,0.0,0.0,0.0,0.0,0.0,0.0,0.0,0.0,0.012867201,0.0,0.0,0.0,0.0,0.0,0.0,0.0,0.0,0.0,0.0,0.0,0.000242777,0.0,0.0,0.0,0.0,0.0,0.0,0.0,0.0,0.0,0.000121389,0.000242777,0.0,0.0,0.0,0.0,0.0,0.0,0.0,0.0,0.0,0.0,0.0,0.0,0.0,0.0,0.0,0.0,0.0,0.0,0.0,0.0,0.0,0.0,0.0,0.0,0.0,0.0,0.0,0.0,0.0,0.0,0.0,0.0,0.0,0.0,0.0,0.0,0.0,0.0,0.0,0.0,0.0,0.0,0.0,0.0,0.0,0.0,0.0,0.0,0.0,0.0,0.0,0.0,0.0,0.000121389,0.0,0.012381646,0.0,0.0,0.0,0.0,0.0,0.0,0.0,0.0,0.0,0.0,0.0,0.0,0.0,0.0,0.0,0.0,0.0,0.0,0.005826657,0.000121389,0.003884438,0.0,0.0,0.0,0.0,0.0,0.0,0.0,0.0,0.0,0.0,0.0,0.0,0.0,0.0,0.0,0.0,0.0,0.0,0.0,0.0,0.0,0.0,0.0,0.0,0.0,0.0,0.0,0.0,0.0,0.0,0.0,0.0,0.0,0.0,0.0,0.0,0.0,0.0,0.0,0.0,0.0,0.0,0.0,0.0,0.0,0.0,0.0,0.0,0.0,0.0,0.0,0.0,0.0,0.0,0.0,0.0,0.0,0.0,0.0,0.017115805,0.0,0.230759893,0.0,0.000364166,0.0,0.0,0.0,0.0,0.000364166,0.0,0.0,0.0,0.0,0.0,0.695193008,0.0,0.0,0.0,0.0,0.0,0.0,0.0,0.0,0.0,0.0,0.0,0.0,0.0,0.0,0.0,0.0,0.0,0.0,0.0,0.0,0.0,0.0,0.0,0.0,0.0,0.0,0.0,0.0,0.0,0.0,0.0,0.0,0.0,0.0,0.0,0.0,0.0,0.0,0.0,0.0,0.0,0.000121389,0.0,0.0,0.0,0.0,0.0,0.0,0.0,0.000121389,0.0,0.0,0.0,0.0,0.000242777,0.0,0.0,0.0,0.0,0.0,0.0,0.0,0.0,0.0,0.0,0.001578053,0.0,0.0,0.0,0.0,0.0,0.0,0.0,0.0,0.0,0.0,0.0,0.0,0.0,0.0,0.0,0.0,0.0,0.0,0.0,0.0,0.0,0.0,0.0,0.0,0.0,0.0,0.0,0.0,0.0,0.0,0.0,0.0,0.0,0.0,0.0,0.0,0.0,0.0,0.0,0.0,0.0,0.0,0.0,0.0,0.0,0.0,0.0,0.0,0.0,0.0,0.0,0.0,0.0,0.0,0.0,0.0,0.0,0.0,0.0,0.0,0.0,0.0,0.0,0.0,0.0,0.0,0.0,0.0,0.0,0.0,0.0,0.0,0.0,0.0,0.0,0.0,0.0,0.0,0.0,0.0,0.0,0.0,0.0,0.0,0.0,0.0,0.0,0.0,0.0,0.0,0.0,0.0,0.0,0.0,0.0,0.0,0.0,0.0,0.0,0.0,0.0,0.0,0.0,0.0,0.0,0.0,0.0,0.0,0.0,0.0,0.0,0.0,0.0,0.0,0.0,0.0,0.0,0.0,0.0,0.0,0.0,0.0,0.0,0.0,0.0,0.0,0.0,0.0,0.0,0.0,0.0,0.0,0.0,0.0,0.0,0.0,0.0,0.0,0.0,0.0,0.0,0.0,0.0,0.0,0.0,0.0,0.0,0.0,0.0,0.0,0.0,0.0,0.0,0.0,0.0,0.0,0.0,0.0,0.0,0.0,0.0,0.0,0.0,0.0,0.0,0.0,0.0,0.0,0.0,0.0,0.0,0.0,0.0,0.0,0.0,0.0,0.0,0.0,0.0,0.0,0.0,0.0,0.0,0.0,0.0,0.0,0.0,0.0,0.0,0.0,0.0,0.0,0.0,0.0,0.0,0.0,0.0,0.0,0.0,0.0,0.0,0.0,0.0,0.0,0.0,0.0,0.0,0.0,0.0,0.0,0.0,0.0,0.0,0.0,0.0,0.0,0.0,0.0,0.0,0.0,0.0,0.0,0.0,0.0,0.0,0.0,0.0,0.0,0.0,0.0,0.0,0.0,0.0,0.0,0.0,0.0,0.0,0.0,0.0,0.0,0.0,0.0,0.0,0.0,0.0,0.0,0.0,0.0,0.0,0.000121389,0.0,0.0,0.0,0.0,0.0064336,0.0,0.0,0.0,0.0,0.0,0.000971109,0.0,0.0,0.0,0.0,0.0,0.0,0.0,0.0,0.0,0.0,0.0,0.0,0.0,0.0,0.0,0.0,0.0,0.000121389,0.0,0.0,0.0,0.0,0.0,0.0,0.0,0.0,0.0,0.0,0.0,0.0,0.0,0.0,0.0,0.0,0.0,0.0,0.0,0.0,0.0,0.0,0.0,0.0,0.0,0.0,0.0,0.0,0.0,0.0,0.0,0.0,0.0,0.0,0.0,0.0,0.0,0.0,0.0,0.0,0.0,0.0,0.000242777,0.0,0.0,0.0,0.000242777,0.0,0.0,0.0,0.0,0.0,0.0,0.0,0.0,0.0,0.0,0.0,0.0,0.0,0.0,0.0,0.0,0.0,0.0,0.000121389,0.0,0.0,0.0,0.0,0.0,0.006069434,0.0,0.0,0.0,0.000849721,0.0,0.000364166,0.0,0.0,0.0,0.0,0.0,0.0,0.0,0.0,0.0
116,0.0,0.0,0.0,0.0,0.0,0.0,0.0,0.0,0.0,0.0,0.002670551,0.0,0.0,0.0,0.0,0.0,0.0,0.0,0.0,0.000606943,0.0,0.0,0.0,0.0,0.0,0.0,0.0,0.0,0.0,0.0,0.0,0.0,0.0,0.0,0.0,0.000121389,0.041757708,0.0,0.0,0.0,0.0,0.0,0.0,0.0,0.0,0.0,0.0,0.0,0.0,0.0,0.0,0.0,0.0,0.0,0.0,0.0,0.0,0.0,0.0,0.003884438,0.000728332,0.0,0.0,0.0,0.0,0.0,0.0,0.005098325,0.001335276,0.0,0.0,0.012260257,0.0,0.0,0.0,0.0,0.000242777,0.0,0.0,0.0,0.000485555,0.0,0.0,0.0,0.0,0.0,0.0,0.0,0.0,0.0,0.0,0.0,0.0,0.0,0.0,0.0,0.0,0.003884438,0.0,0.0,0.0,0.0,0.0,0.0,0.0,0.0,0.0,0.0,0.0,0.0,0.0,0.0,0.0,0.0,0.0,0.0,0.0,0.0,0.0,0.0,0.0,0.0,0.01104637,0.0,0.0,0.003277495,0.0,0.0,0.0,0.0,0.0,0.0,0.0,0.0,0.0,0.0,0.0,0.0,0.002549162,0.0,0.0,0.0,0.000728332,0.0,0.121388687,0.0,0.0,0.075989318,0.00279194,0.025248847,0.295095897,0.000485555,0.0,0.007647487,0.0,0.0,0.002670551,0.0,0.0,0.0,0.0,0.0,0.0064336,0.0,0.00182083,0.0,0.0,0.0,0.0,0.0,0.0,0.0,0.0,0.0,0.0,0.000728332,0.0,0.0,0.0,0.0,0.0,0.0,0.0,0.0,0.0,0.0,0.0,0.0,0.0,0.0,0.0,0.0,0.0,0.0,0.0,0.0,0.0,0.0,0.0,0.0,0.0,0.0,0.0,0.0,0.0,0.0,0.0,0.0,0.0,0.0,0.0,0.0,0.0,0.0,0.0,0.0,0.0,0.0,0.0,0.0,0.0,0.0,0.0,0.0,0.0,0.0,0.0,0.0,0.0,0.0,0.0,0.0,0.0,0.0,0.0,0.0,0.0,0.0,0.0,0.0,0.0,0.0,0.000728332,0.0,0.0,0.0,0.0,0.0,0.0,0.0,0.0,0.0,0.0,0.0,0.0,0.0,0.0,0.0,0.010924982,0.000121389,0.0,0.0,0.0,0.0,0.0,0.0,0.0,0.0,0.0,0.0,0.0,0.0,0.0,0.0,0.0,0.0,0.0,0.0,0.000364166,0.0,0.0,0.0,0.0,0.0,0.0,0.0,0.000606943,0.0,0.0,0.0,0.0,0.0,0.0,0.0,0.0,0.0,0.0,0.0,0.0,0.0,0.0,0.0,0.0,0.0,0.0,0.0,0.0,0.0,0.0,0.0,0.0,0.0,0.0,0.002913328,0.0,0.0,0.084365137,0.002306385,0.0,0.0,0.0,0.0,0.0,0.0,0.0,0.0,0.0,0.0,0.0,0.003277495,0.0,0.0,0.0,0.0,0.0,0.0,0.0,0.0,0.0,0.000971109,0.0,0.0,0.003520272,0.0,0.0,0.0,0.0,0.0,0.0,0.0,0.0,0.0,0.0,0.0,0.0,0.0,0.0,0.0,0.0,0.0,0.0,0.0,0.0,0.0,0.0,0.0,0.0,0.0,0.0,0.0,0.0,0.0,0.0,0.0,0.0,0.0,0.0,0.0,0.0,0.0,0.0,0.012745812,0.0,0.0,0.0,0.003641661,0.0,0.004248604,0.0,0.022335518,0.0,0.0,0.0,0.000485555,0.0,0.0,0.0,0.0,0.0,0.0,0.000242777,0.0,0.019300801,0.0,0.0,0.0,0.0,0.002306385,0.0,0.0,0.0,0.0,0.0,0.001699442,0.0,0.0,0.0,0.000485555,0.000606943,0.0,0.0,0.002549162,0.0,0.000728332,0.0,0.0,0.0,0.0,0.0,0.0,0.0,0.0,0.0,0.0,0.0,0.0,0.0,0.0,0.0,0.0,0.0,0.0,0.0,0.0,0.0,0.0,0.0,0.0,0.0,0.0,0.0,0.0,0.0,0.0,0.0,0.0,0.0,0.0,0.0,0.0,0.0,0.0,0.017844137,0.0,0.0,0.080116533,0.022092741,0.0,0.0,0.0,0.0,0.0,0.0,0.0,0.0,0.0,0.0,0.0,0.0,0.001213887,0.0,0.0,0.0,0.000242777,0.0,0.0,0.0,0.0,0.0,0.0,0.0,0.00461277,0.0,0.0,0.0,0.0,0.0,0.0,0.0,0.0,0.0,0.0,0.0,0.0,0.0,0.0,0.0,0.0,0.0,0.000728332,0.0,0.0,0.0,0.0,0.0,0.0,0.0,0.0,0.0,0.0,0.0,0.0,0.0,0.0,0.0,0.0,0.0,0.0,0.0,0.0,0.0,0.0,0.0,0.000485555,0.0,0.0,0.0,0.0,0.0,0.0,0.0,0.0,0.0,0.0,0.0,0.0,0.0,0.0,0.0,0.0,0.0,0.000971109,0.0,0.0,0.0,0.0,0.0,0.0,0.014081088,0.0,0.0,0.0,0.0,0.0,0.0,0.0,0.0,0.0,0.0,0.0,0.0,0.0,0.0,0.0,0.0,0.0,0.0,0.0,0.0,0.0,0.0,0.0,0.0,0.0,0.0,0.0,0.0,0.0,0.0,0.0,0.0,0.0,0.0,0.0,0.0,0.0,0.0,0.0,0.0,0.0,0.0,0.0,0.0,0.0,0.0,0.0,0.0,0.0,0.0,0.0,0.0,0.0,0.0,0.0,0.0,0.0,0.0,0.0,0.0,0.0,0.0,0.0,0.0,0.016266084,0.0,0.0,0.0,0.0,0.0,0.0,0.0,0.0,0.0,0.0,0.0,0.0,0.0,0.0,0.017358582,0.0,0.0,0.0,0.0,0.006919155,0.0,0.0,0.0,0.0,0.0,0.0,0.0,0.0,0.0,0.0,0.0,0.0,0.000242777,0.0,0.0,0.0,0.0,0.0,0.0,0.000242777,0.0,0.0,0.0,0.0,0.0,0.0,0.0,0.000364166,0.0,0.0,0.0,0.0,0.0,0.0,0.0,0.0,0.0,0.0,0.0,0.0,0.0,0.0,0.0,0.0,0.0,0.0,0.0,0.0,0.0,0.0,0.0,0.0,0.0,0.0,0.0,0.0,0.0,0.000485555,0.0,0.0,0.0,0.0,0.0,0.0,0.000242777,0.0,0.0,0.0,0.0,0.0,0.0,0.0,0.0,0.0,0.0,0.0,0.0,0.0,0.0,0.0,0.0,0.0,0.0,0.0,0.0,0.0,0.0,0.0,0.0,0.000364166,0.002306385,0.0,0.000364166,0.0,0.0,0.0,0.0,0.0,0.0,0.0,0.0,0.0
117,0.0,0.000971109,0.0,0.0,0.0,0.0,0.0,0.0,0.0,0.0,0.0,0.0,0.0,0.0,0.0,0.0,0.000485555,0.0,0.0,0.0,0.0,0.0,0.0,0.0,0.0,0.0,0.0,0.0,0.0,0.0,0.0,0.0,0.0,0.0,0.0,0.023185239,0.000364166,0.0,0.001699442,0.0,0.0,0.002549162,0.0,0.0,0.0,0.0,0.0,0.0,0.0,0.0,0.0,0.0,0.0,0.0,0.0,0.000606943,0.0,0.0,0.0,0.0,0.0,0.0,0.0,0.0,0.000606943,0.0,0.0,0.0,0.0,0.0,0.0,0.0,0.0,0.000971109,0.0,0.000606943,0.0,0.0,0.0,0.0,0.0,0.0,0.0,0.0,0.0,0.0,0.0,0.0,0.0,0.0,0.0,0.000364166,0.0,0.0,0.0,0.0,0.0,0.0,0.0,0.0,0.0,0.0,0.0,0.0,0.0,0.0,0.0,0.0,0.0,0.0,0.000971109,0.0,0.0,0.0,0.0,0.0,0.000242777,0.0,0.0,0.0,0.0,0.0,0.004734159,0.0,0.0,0.0,0.0,0.0,0.0,0.0,0.0,0.000364166,0.0,0.0,0.0,0.0,0.000485555,0.0,0.0,0.0,0.0,0.0,0.0,0.0,0.000971109,0.0,0.0,0.0,0.003520272,0.002306385,0.010803593,0.0,0.0,0.0,0.0,0.0,0.0,0.0,0.0,0.0,0.0,0.0,0.0,0.0,0.00182083,0.0,0.0,0.0,0.0,0.0,0.0,0.0,0.0,0.0,0.0,0.000242777,0.0,0.0,0.0,0.0,0.0,0.0,0.0,0.0,0.0,0.0,0.0,0.0,0.0,0.0,0.0,0.0,0.0,0.0,0.0,0.0,0.0,0.0,0.0,0.0,0.0,0.0,0.0,0.0,0.0,0.000242777,0.0,0.0,0.0,0.0,0.0,0.0,0.0,0.0,0.0,0.0,0.0,0.002306385,0.0,0.0,0.000728332,0.0,0.0,0.0,0.0,0.0,0.0,0.0,0.0,0.0,0.0,0.0,0.0,0.004005827,0.0,0.0,0.0,0.000728332,0.0,0.0,0.0,0.0,0.000364166,0.0,0.0,0.0,0.0,0.0,0.001456664,0.0,0.0,0.0,0.0,0.0,0.0,0.0,0.0,0.0,0.0,0.0,0.0,0.0,0.0,0.0,0.0,0.0,0.000606943,0.0,0.0,0.0,0.0,0.0,0.0,0.0,0.0,0.0,0.0,0.0,0.002306385,0.000364166,0.000971109,0.0,0.0,0.0,0.0,0.0,0.0,0.0,0.0,0.000242777,0.0,0.0,0.000242777,0.0,0.0,0.0,0.0,0.0,0.000364166,0.0,0.002549162,0.0,0.133284778,0.0,0.0,0.0,0.0,0.004976936,0.0,0.0,0.0,0.0,0.0,0.038601602,0.0,0.0,0.002670551,0.0,0.0,0.0,0.0,0.0,0.0,0.0,0.0,0.0,0.008497208,0.0,0.0,0.000485555,0.0,0.0,0.0,0.0,0.0,0.0,0.0,0.0,0.0,0.0,0.0,0.0,0.0,0.0,0.0,0.0,0.0,0.0,0.0,0.0,0.0,0.0,0.0,0.0,0.001942219,0.0,0.0,0.0,0.0,0.0,0.0,0.0,0.0,0.0,0.0,0.008133042,0.0,0.0,0.0,0.0,0.0,0.0,0.0,0.0,0.0,0.0,0.0,0.0,0.0,0.003641661,0.0,0.161204176,0.0064336,0.001092498,0.0,0.0,0.0,0.000485555,0.009346929,0.0,0.0,0.0,0.0,0.0,0.0,0.0,0.0,0.0,0.0,0.0,0.0,0.0,0.001213887,0.0,0.0,0.0,0.0,0.0,0.0,0.0,0.0,0.0,0.0,0.0,0.0,0.0,0.0,0.0,0.0,0.0,0.0,0.013474144,0.0,0.0,0.0,0.0,0.0,0.0,0.001335276,0.0,0.0,0.0,0.0,0.0,0.0,0.001578053,0.0,0.016873027,0.0,0.0,0.0,0.0,0.0,0.0,0.0,0.000364166,0.0,0.0,0.0,0.002063608,0.039087157,0.0,0.0,0.0,0.0,0.0,0.000728332,0.0,0.0,0.0,0.0,0.0,0.00279194,0.0,0.0,0.011653314,0.0,0.0,0.000242777,0.000242777,0.0,0.0,0.0,0.0,0.0,0.0,0.0,0.0,0.0,0.0,0.0,0.0,0.0,0.0,0.0,0.0,0.0,0.0,0.0,0.0,0.0,0.0,0.0,0.0,0.0,0.0,0.0,0.001699442,0.0,0.0,0.0,0.0,0.0,0.0,0.0,0.0,0.0,0.0,0.0,0.0,0.0,0.0,0.0,0.0,0.0,0.0,0.0,0.0,0.0,0.0,0.0,0.0,0.0,0.0,0.000364166,0.0,0.0,0.0,0.0,0.0,0.0,0.0,0.0,0.0,0.0,0.0,0.0,0.0,0.0,0.0,0.0,0.0,0.0,0.0,0.0,0.0,0.0,0.0,0.0,0.0,0.0,0.0,0.0,0.0,0.0,0.0,0.0,0.0,0.000242777,0.0,0.0,0.0,0.0,0.0,0.0,0.0,0.0,0.0,0.0,0.0,0.0,0.0,0.0,0.0,0.0,0.0,0.0,0.0,0.0,0.001578053,0.0,0.0,0.0,0.0,0.0,0.0,0.000728332,0.0,0.0,0.0,0.0,0.0,0.0,0.0,0.000971109,0.0,0.0,0.0,0.0,0.0,0.0,0.0,0.000242777,0.0,0.0,0.003520272,0.0,0.0,0.0,0.0,0.0,0.0,0.0,0.0,0.0,0.0,0.0,0.0,0.0,0.0,0.0,0.0,0.0,0.0,0.0,0.0,0.0,0.0,0.0,0.0,0.0,0.0,0.0,0.0,0.0,0.0,0.0,0.0,0.0,0.0,0.0,0.0,0.0,0.0,0.0,0.0,0.0,0.002184996,0.0,0.0,0.0,0.0,0.0,0.0,0.0,0.0,0.0,0.022335518,0.0,0.007526099,0.0,0.0,0.0,0.0,0.0,0.0,0.0,0.000121389,0.0,0.0,0.0,0.0,0.0,0.000606943,0.0,0.0,0.0,0.0,0.0,0.0,0.0,0.0,0.0,0.0,0.0,0.0,0.0,0.0,0.0,0.0,0.0,0.0,0.0,0.0,0.0,0.0,0.0,0.0,0.0,0.002184996,0.0,0.071862102,0.0,0.002549162,0.0,0.0,0.0,0.0,0.299708667,0.0,0.0,0.0,0.0,0.0,0.0,0.0,0.0,0.0,0.0,0.0,0.0,0.0,0.0,0.0,0.0,0.0,0.0,0.0,0.0,0.0,0.0,0.000971109,0.001456664,0.0,0.02221413,0.0,0.000728332,0.0,0.0,0.0,0.0,0.0,0.00740471,0.0,0.0,0.0
118,0.0,0.0,0.0,0.0,0.0,0.0,0.0,0.0,0.0,0.0,0.000971109,0.0,0.0,0.0,0.0,0.0,0.019664967,0.0,0.0,0.0,0.0,0.0,0.0,0.0,0.0,0.0,0.0,0.0,0.0,0.0,0.0,0.0,0.0,0.0,0.0,0.000242777,0.005948046,0.0,0.0,0.0,0.0,0.0,0.0,0.0,0.0,0.0,0.0,0.0,0.0,0.0,0.0,0.0,0.0,0.0,0.0,0.0,0.0,0.0,0.0,0.0,0.0,0.0,0.0,0.0,0.0,0.0,0.0,0.0,0.0,0.000485555,0.0,0.0,0.0,0.0,0.0,0.000606943,0.0,0.0,0.0,0.0,0.0,0.0,0.0,0.0,0.000121389,0.0,0.0,0.0,0.0,0.0,0.0,0.0,0.0,0.0,0.0,0.0,0.0,0.002549162,0.0,0.0,0.0,0.0,0.0,0.0,0.0,0.0,0.0,0.0,0.0,0.0,0.0,0.0,0.0,0.0,0.0,0.0,0.0,0.0,0.0,0.0,0.0,0.0,0.247997087,0.0,0.0,0.000121389,0.0,0.0,0.0,0.0,0.0,0.267176499,0.0,0.0,0.0,0.0,0.0,0.0,0.058509347,0.0,0.0,0.0,0.0,0.0,0.000606943,0.0,0.0,0.0,0.003884438,0.002427774,0.0,0.0,0.0,0.0,0.0,0.0,0.002427774,0.0,0.000849721,0.0,0.0,0.062151008,0.001092498,0.0,0.002427774,0.0,0.000364166,0.0,0.0,0.0,0.0,0.0,0.0,0.0,0.0,0.000121389,0.0,0.0,0.000364166,0.0,0.0,0.0,0.0,0.0,0.0,0.0,0.0,0.0,0.0,0.0,0.0,0.0,0.0,0.0,0.0,0.0,0.0,0.0,0.000849721,0.0,0.0,0.0,0.0,0.0,0.0,0.0,0.0,0.0,0.0,0.0,0.0,0.0,0.0,0.0,0.0,0.0,0.0,0.0,0.0,0.0,0.0,0.0,0.0,0.0,0.0,0.0,0.0,0.0,0.0,0.0,0.0,0.0,0.0,0.0,0.0,0.0,0.0,0.0,0.0,0.0,0.0,0.0,0.000121389,0.0,0.0,0.0,0.0,0.0,0.00182083,0.0,0.0,0.0,0.0,0.0,0.000485555,0.0,0.0,0.0,0.0,0.0,0.0,0.0,0.0,0.0,0.0,0.0,0.0,0.0,0.0,0.0,0.0,0.0,0.0,0.0,0.0,0.0,0.0,0.0,0.001213887,0.0,0.0,0.0,0.0,0.00558388,0.0,0.0,0.00182083,0.0,0.0,0.0,0.0,0.0,0.0,0.0,0.0,0.0,0.0,0.0,0.0,0.0,0.001578053,0.0,0.0,0.0,0.0,0.0,0.0,0.0,0.0,0.0,0.0,0.0,0.000364166,0.007526099,0.0,0.0,0.034717164,0.0,0.0,0.0,0.0,0.0,0.0,0.0,0.0,0.0,0.0,0.0,0.0,0.001699442,0.0,0.0,0.0,0.0,0.0,0.0,0.0,0.0,0.0,0.003156106,0.0,0.0,0.0,0.0,0.0,0.0,0.0,0.0,0.0,0.0,0.0,0.0,0.0,0.0,0.0,0.029011896,0.0,0.0,0.0,0.0,0.000364166,0.0,0.0,0.0,0.0,0.000606943,0.0,0.0,0.0,0.0,0.0,0.0,0.0,0.0,0.0,0.0,0.0,0.0,0.0,0.000485555,0.0,0.000485555,0.0,0.0,0.0,0.0,0.0,0.002306385,0.0,0.010318038,0.0,0.008375819,0.0,0.0,0.0,0.000606943,0.0,0.0,0.0,0.0,0.0,0.0,0.000485555,0.0,0.0,0.0,0.0,0.0,0.0,0.0,0.000364166,0.0,0.0,0.006069434,0.0,0.0,0.0,0.0,0.0,0.0,0.0,0.012988589,0.0,0.0,0.0,0.0,0.0,0.0,0.0,0.0,0.0,0.0,0.0,0.0,0.0,0.0,0.0,0.0,0.0,0.0,0.0,0.0,0.0,0.0,0.0,0.010682204,0.0,0.000121389,0.0,0.002427774,0.000485555,0.0,0.0,0.0,0.0,0.0,0.0,0.0,0.0,0.0,0.0,0.0,0.0,0.0,0.0,0.0,0.0,0.0,0.0,0.0,0.0,0.0,0.0,0.0,0.0,0.0,0.0,0.0,0.0,0.001213887,0.0,0.0,0.000242777,0.0,0.0,0.0,0.0,0.0,0.0,0.0,0.0,0.0,0.0,0.0,0.0,0.0,0.0,0.0,0.0,0.0,0.0,0.0,0.0,0.0,0.0,0.0,0.0,0.0,0.0,0.0,0.0,0.0,0.0,0.0,0.0,0.0,0.0,0.0,0.0,0.0,0.0,0.0,0.0,0.0,0.0,0.0,0.0,0.0,0.0,0.0,0.0,0.0,0.0,0.0,0.0,0.0,0.0,0.0,0.0,0.0,0.0,0.0,0.0,0.0,0.0,0.0,0.0,0.0,0.0,0.0,0.0,0.0,0.0,0.0,0.0,0.0,0.0,0.0,0.0,0.0,0.0,0.0,0.0,0.0,0.0,0.0,0.0,0.0,0.0,0.0,0.0,0.0,0.0,0.0,0.0,0.0,0.0,0.0,0.0,0.0,0.0,0.0,0.0,0.0,0.0,0.0,0.0,0.0,0.0,0.0,0.0,0.0,0.0,0.0,0.0,0.0,0.0,0.0,0.0,0.0,0.0,0.0,0.0,0.0,0.0,0.000971109,0.0,0.0,0.0,0.000242777,0.0,0.0,0.000121389,0.000606943,0.0,0.0,0.0,0.0,0.0,0.0,0.0,0.0,0.0,0.0,0.0,0.0,0.0,0.0,0.000364166,0.000242777,0.0,0.0,0.0,0.0,0.0,0.0,0.0,0.0,0.0,0.0,0.0,0.0,0.0,0.080602088,0.0,0.0,0.0,0.0,0.0,0.0,0.0,0.0,0.0,0.0,0.0,0.0,0.0,0.0,0.0,0.0,0.0,0.0,0.0,0.0,0.0,0.0,0.0,0.0,0.0,0.0,0.0,0.0,0.0,0.0,0.0,0.0,0.0,0.0,0.0,0.0,0.0,0.0,0.0,0.0,0.0,0.0,0.0,0.0,0.000364166,0.0,0.0,0.0,0.0,0.0,0.0,0.0,0.0,0.0,0.0,0.0,0.0,0.006919155,0.0,0.000242777,0.0,0.002549162,0.0,0.0,0.006676378,0.0,0.0,0.0,0.0,0.0,0.0,0.0,0.0,0.0,0.0,0.0,0.0,0.0,0.0,0.0,0.0,0.0,0.0,0.0,0.0,0.0,0.0,0.0,0.0,0.0,0.059844622,0.0,0.001213887,0.005341102,0.0,0.0,0.0,0.0,0.004005827,0.0,0.0,0.0
