Index,M_1,M_2,M_3,M_4,M_5,M_6,M_7,M_8,M_9,M_10,M_11,M_12,M_13,M_14,M_15,M_16,M_17,M_18,M_19,M_20,M_21,M_22,M_23,M_24,M_25,M_26,M_27,M_28,M_29,M_30,M_31,M_32,M_33,M_34,M_35,M_36,M_37,M_38,M_39,M_40,M_41,M_42,M_43,M_44,M_45,M_46,M_47,M_48,M_49,M_50,M_51,M_52,M_53,M_54,M_55,M_56,M_57,M_58,M_59,M_60,M_61,M_62,M_63,M_64,M_65,M_66,M_67,M_68,M_69,M_70,M_71,M_72,M_73,M_74,M_75,M_76,M_77,M_78,M_79,M_80,M_81,M_82,M_83,M_84,M_85,M_86,M_87,M_88,M_89,M_90,M_91,M_92,M_93,M_94,M_95,M_96,M_97,M_98,M_99,M_100,M_101,M_102,M_103,M_104,M_105,M_106,M_107,M_108,M_109,M_110,M_111,M_112,M_113,M_114,M_115,M_116,M_117,M_118,M_119,M_120,M_121,M_122,M_123,M_124,M_125,M_126,M_127,M_128,M_129,M_130,M_131,M_132,M_133,M_134,M_135,M_136,M_137,M_138,M_139,M_140,M_141,M_142,M_143,M_144,M_145,M_146,M_147,M_148,M_149,M_150,M_151,M_152,M_153,M_154,M_155,M_156,M_157,M_158,M_159,M_160,M_161,M_162,M_163,M_164,M_165,M_166,M_167,M_168,M_169,M_170,M_171,M_172,M_173,M_174,M_175,M_176,M_177,M_178,M_179,M_180,M_181,M_182,M_183,M_184,M_185,M_186,M_187,M_188,M_189,M_190,M_191,M_192,M_193,M_194,M_195,M_196,M_197,M_198,M_199,M_200,M_201,M_202,M_203,M_204,M_205,M_206,M_207,M_208,M_209,M_210,M_211,M_212,M_213,M_214,M_215,M_216,M_217,M_218,M_219,M_220,M_221,M_222,M_223,M_224,M_225,M_226,M_227,M_228,M_229,M_230,M_231,M_232,M_233,M_234,M_235,M_236,M_237,M_238,M_239,M_240,M_241,M_242,M_243,M_244,M_245,M_246,M_247,M_248,M_249,M_250,M_251,M_252,M_253,M_254,M_255,M_256,M_257,M_258,M_259,M_260,M_261,M_262,M_263,M_264,M_265,M_266,M_267,M_268,M_269,M_270,M_271,M_272,M_273,M_274,M_275,M_276,M_277,M_278,M_279,M_280,M_281,M_282,M_283,M_284,M_285,M_286,M_287,M_288,M_289,M_290,M_291,M_292,M_293,M_294,M_295,M_296,M_297,M_298,M_299,M_300,M_301,M_302,M_303,M_304,M_305,M_306,M_307,M_308,M_309,M_310,M_311,M_312,M_313,M_314
1,677402.3243,2581709.482,90718455.32,14240765.98,12165588.45,1125128.052,2278530.579,62205897.96,21138360.48,2839506.2,961804.123,6830400.543,4587751.701,29123433.97,2286162.682,9594202.386,1128336.03,9425735.981,37944150.76,1300770.815,415587.1086,104114.9055,1800554729.0,2185988667.0,6942961.504,681953128.6,63524637.17,8179253.283,9880574.412,1159721.859,1992550212.0,4718453.527,15769559.68,7443742.671,41133946.65,47622245.91,8473863.163,788325.3183,317805.1565,1936141.815,4669722.022,44880947.5,210257.032,11643443.67,2166048.386,9403110.38,2639011327.0,1320825.826,467599.5307,108147935.2,2181667.243,1380823.057,357565.352,374706485.1,3108925.716,11177520.26,2500733.205,1068651542.0,12272217.62,166491242.5,2942350.612,1185733.049,1312879.305,3001557.173,21785601.59,754313.8842,146417.0901,34817033.38,915267.777,2464526.791,533556266,42411.53764,5341353624.0,593938977.3,2541264.274,314041.516,171893.8787,10816848.93,573359.9405,222757.458,1393785.797,6718937.495,6865191.786,7891253.438,143157541.5,22135057.09,6425345.555,244147.2874,16235023.66,2603918.727,31092134.15,1412917.906,19823613,486479.3671,1471335.654,184683535.5,6211531.869,5772372.349,1914716.605,137905614.2,11538857.0,23839297.75,7322090.963,502074.6836,257303214,1427012685.0,646584.6797,1350168.041,3303434.976,1053575532.0,102265263.5,80734968.82,15922007.05,22753014.93,37010518.91,90377025.06,594561067.6,3520064.075,1768598555.0,17943359.64,23471589.28,24259833.99,35527879,441858.872,1252905.307,4132419662.0,13510010.73,147169824.5,112008360.0,7308745.482,28346789.04,32727115.2,446486424.6,4367614.642,385393.0175,1204624.153,23452122.89,2628944.769,1402181.673,13095082.95,442637340.0,6895756.465,1492919.741,73125074.63,404559.3447,183775758.0,222647630.1,10099957.58,19251409,28685557,3445421.276,100889682.2,28203294.38,608811.219,56996.33004,498849.1165,840197.2884,55924956.61,3446205.553,487224.8804,1864062.905,307664.2044,228760877.2,1927180.639,144477600.6,108184.8579,1210214.223,36170535.26,1587224.086,813758.0,4272587.175,227861566.2,425675,1642166.625,3908094.373,326030.3855,1403999.896,6164624.169,284124,6322717.0,9204076.35,346647.7091,87662295.61,339928128.5,508212211.1,195805300.8,84780781.75,1550419137,708360506.8,310231500.2,115875419.2,1272914.021,214296,4857748294.0,12082120509,18873965.64,27653222.21,185789811.7,38843208.97,15546676.24,286954413.4,500699.6966,21550381.71,12734141.9,39495881.26,136042.321,57881399.39,30287913.81,95282182.64,12946353.19,12463317.52,49310363.09,182764815.9,52869346.26,210652400.1,33103413.11,21506289.81,306315375.6,8446225.563,15645077.28,30336664.85,22852682.94,120918804.5,11563.04035,371188356.4,3118748.93,192081452.7,158666.3971,268308.8073,545459.1178,21297377.67,7313763.649,25456536.45,1264683121,356329.5869,30076990.94,63091288.68,97234910.02,151827611.1,144781751.8,26843474.93,47517878.7,1737835.53,108970.0609,214425684.9,18389345.96,3331381.496,54048775.18,16257925891.0,1804519796.0,71133576,1740496.948,1144776.795,12075661.29,2263012.045,1616109.97,23299810.76,39304726.04,7960641.506,70238388.97,6676081.968,2950586.754,10600084.71,2938714.844,153747.4439,7402606.619,4024455.463,467493.9247,376716.769,9118487.772,164595.121,1247700.649,265005.9047,33563507.01,130917959.1,1808100.479,58191441.78,362607.0,814953.0,3109735,10334615.96,291510.8919,9993404.434,114856895.3,9262943.74,927967.2442,1283357635.0,1855517.218,101000204.6,591990067.6,44318199.03,9809499.863,6536145.214,17507788.73,530875.2279,29263275.99,4982841.188,3622317.802,2274127163.0,23505063.56,1328471.0,10596123795.0,332701534.3,25332474.26,604511.0986,203898.3825,41906105.95,200916.9967,38659787.38,134367369.8,488332147.6,100426981.8,25500291.17,362604858.5
2,1216130.736,3803418.918,49324476.03,45176574.43,10242863.97,2765034.098,232299.7336,22534257.63,2960605.2,1740623.544,230813945.3,4886085.584,3130872.655,64000344.06,21436162.13,15857557.7,7271877.186,1269036.372,132231300.4,127224560.7,70302123.71,67889.52948,142149419.8,1477108335.0,130376357.0,18500528.21,179877307.7,60654365.3,3756601.257,409004216.4,78962887.54,1117371.25,21343464.86,87972374.11,6499567.156,96821819.35,35198371.36,4936241.185,1850019.611,12902719.48,25205270.43,74904865.0,111981.2018,2836821.542,102027831.1,61024063.86,591932417.3,2188778.557,1924536.4,63501692.43,2574526.035,11157932.68,11780637.11,196186280.9,1928192.934,107255838.4,6080809.546,11098109388.0,114877081.5,16041222.94,5443521.285,1151517.307,3102734.871,11721273.93,2303468.811,3654107.223,1457485.709,31666753.26,60530380.18,10594024.98,5817693358,663042305.2,1493538644.0,140341854.1,67587730.8,1893464.379,171218.1832,1082042.683,18047594.37,16302461.6,650508.1919,10734073.42,66787004.89,165637353.7,578839662.1,161197337.9,8200066.917,253531.6183,11322131.57,1511695.179,434115.8221,2535590.333,1589067988,1122293.252,11429630.21,11215229.68,9643002.959,1595024.936,473083.5506,10190700.66,6086346.0,943825.9992,9502752.635,841522.9632,73888019,719718388.5,107666.3196,903353.0594,12696594.57,85040569.89,12327145.47,145695495.8,1215261.988,102925340.1,215725995.5,4455473.12,56182835.12,5368033.535,2036712706.0,16998223.32,44651708.41,173453.1263,446017039,509430.395,1866976.138,56192181.75,27424088.15,760141864.8,44776129.64,403091239.3,58946558.21,5833831.277,169199961.7,49195415.19,175225.2219,6875999.961,379581136.0,4753572.871,677183.5672,15244500.76,157126318.6,14108307.08,22392493.35,158142209.0,5856898.842,341066570.4,190895144.9,1564328.924,28127363,58799539,2111618.455,733137076.9,171701997.7,61680858.96,8317479.904,340571.5202,1260889.855,208016411.8,9415866.203,3238555.057,2129363.85,394625.6449,2641089.124,2011496.693,1002190275.0,126509.2034,755382.0783,144390419.0,26958488.75,1097594.0,32077264.63,6289524.402,95042837,31057710.67,7973966354.0,26535884.32,20777495.9,524861.8392,58769931,4733416.0,16584056.78,4744135.366,59937856.07,42432560.15,957578072.1,536166184.8,43192689.05,12001202904,2426430687.0,169849928.6,38423063.13,6249378.498,88678549,7244446882.0,21504774354,14106506.09,78290065.54,33666550.05,42474721.01,1541888.092,226511137.2,82361239.45,50633655.86,181898814.4,1542580.459,110643.3925,45121005.4,3910233.646,79973118.85,457637087.5,1280211.823,40731552.08,181040974.4,30046983.75,115766998.0,6264891.593,15635742.81,45818499.66,14559483.32,12362952.21,31274858.74,8852394.333,32734413.28,33912115.26,78359456.68,5168812.452,356734511.8,172249.8539,1926461.266,596964.5884,44269608.91,362746.1089,925341.0711,4946145510,7032100.191,81513485.03,204607078.3,19012128.83,7301169.665,263508490.0,21712537.59,2607028.611,1724017.275,119620.1244,1058677527.0,2417362.217,6010539.901,9504605.094,2577700443.0,88645803.66,1680674338,850498.8313,14464190.61,10972488.15,57541325.38,663411.2236,20374262.15,83393393.3,12778743.03,167814653.2,1311297.608,1673549.967,16836898.83,1658125.058,98106.25322,16258863.0,5084123.938,863316.333,580629.494,1464033.015,32954191.77,1337656.148,460447668.4,39446754.18,451928879.7,16019517.48,41769789.77,2036734.0,5434448.0,3570769,67596650.38,35602234.23,50751999.94,37265489.14,205139276.8,86813914.9,4465733330.0,9717525.977,10807347.02,1405625.285,7057898.016,72541958.34,258154.0689,112073483.1,23070779.79,115815621.6,13313197.37,20284246.64,2075662580.0,1195550.003,183523095.0,10750724340.0,1092533273.0,4357886.126,1355424.972,440585.3307,253067109.5,732131.7929,19817568.85,31220989.05,140776246.4,38591856.19,27476181.45,642658920.2
3,6120860.467,195017158.8,33622635.23,380266.535,2284194.678,2879270.259,15319583.34,40050274.86,866732.3514,23634279.42,75481376.04,60407189.83,1053358.823,1530263.882,3807328.289,17487844.87,5644726.991,3944808.217,84917250.77,162435689.3,292344527.9,84324.8931,609049597.7,1686177078.0,118170723.4,286337713.3,65527752.6,536919814.9,6035429.443,371341406.7,259065595.0,3210940.697,623096113.0,4378624.986,3252395.652,113163577.5,333022260.8,1673001.007,23457228.72,863208.2823,27655299.86,11830233.0,486607.3118,48078100.89,409421362.4,604410637.7,202312585.1,3476326.01,3646756.547,104360980.3,229169553.1,1094186.271,739596.4356,57600536.4,380460368.4,356958141.3,1625250.859,3027172772.0,74330871.52,17022688.48,312471.2267,301418.2944,2252451.134,70770811.12,1456012.736,8358568.215,754312.1088,44593876.26,157778885.2,5670026.398,959469552,28120534.32,1357020088.0,17362332.69,47219950.28,2197009.682,405819.4543,1367823.772,32745197.43,8861114.865,225169.9023,125838725.8,66165032.09,1291694078.0,125256331.7,1326135669.0,2340966.534,646190.1153,14790882.3,41312171.79,6249335.708,69428285.76,1061495121,2858831.394,27101255.68,2258390.022,11516840.72,3914127.936,1296114.849,956410.1246,32983772.0,2880777.427,47154307.1,44394004.14,181430740,83798880.68,153255.1911,1531096.426,10356960.22,80891214.38,9514549.588,172335062.8,357120.1587,24355883.55,52412427.62,5679488.242,96851923.28,11820623.79,538552996.1,36063479.61,4391198.896,290503.4798,1647211480,813004.8535,3596008.169,92092441.95,56673922.29,19932907.34,29146384.24,1674214033.0,10206289.22,21205709.43,14064791.1,410393327.0,522603.0437,4618336.667,117360678.1,21184299.79,491667.2537,6590151.051,10199430.75,23618261.11,1016215.986,1348162.302,426849.5379,36405574.37,225231140.0,628986.976,466457,293157,790222.0516,95681157.92,38442901.92,302726361.8,4815946.329,765419.7144,1764853.497,161373302.2,19479947.83,13736104.65,24601217.59,2387628.48,5201364.011,968499.818,227633209.9,146819.9679,1934042.862,968830820.0,2736041.297,2571470.0,239378554.5,3578734.118,355922726,2196656.113,16158828367.0,1259453.353,3550185.601,208472.7216,341199792,5563577.0,31019125.08,794024.056,43648816.83,471039629.5,1012417485.0,88435595.06,143100048.0,33891057652,851385458.0,540044058.8,40932446.95,1972743.574,1686975433,46418447979.0,37768817204,41457154.19,105377851.3,43118506.79,33865299.72,311146.1248,683928148.1,15225846.89,620196363.2,62042563.59,17923328.8,137429.0309,12873814.43,7182410.386,70831965.81,14169524.12,4605324.335,4427192.989,38101261.32,53037583.83,66477661.99,33888915.87,1481838.67,2963853.915,29690891.98,12553940.92,25790354.92,18149511.87,1615126.673,8939942.464,11340358.05,134909999.0,206573510.9,423393.9214,556908.7672,413296.7577,9125392.469,1785230.068,4792028.853,3661119725,2431188.394,9437547.522,8184667.537,5692823.91,8138986.898,62772325.79,2107629.264,475338.9561,796805.2801,182717.9866,1392008184.0,13760042.38,7812672.901,61947552.94,9926889126.0,13219988.17,252194086,26200936.03,78268098.89,56517272.19,1784819.589,280376.7934,26982347.45,67617426.91,21514564.29,44716492.48,512893.8108,50377841.7,8369262.212,605150.1759,260991.6127,4361144.395,10546838.12,23787252.34,774215.2066,3701370.836,452116.1957,14280263.3,471617620.9,311670322.8,257954690.9,39817339.3,541406.661,1184777.0,1336043.0,1362648,172300.8738,47003261.56,161488650.8,270391234.1,542726572.2,79747859.89,2796784489.0,1047866.997,2993970.527,6537856.415,4951090.447,39987019.85,427191.4224,3873331.22,4273894.624,57080045.93,381875592.9,49970741.58,3226226555.0,13938491.47,240302410.0,17218972337.0,62140033.83,19196531.97,713699.1026,549662.2128,122578541.7,1526745.461,688484.8477,18002284.15,16579954.45,15651877.09,58202667.16,697820820.0
4,1771279.917,2007168.391,41212276.87,203358136.0,4325110.074,4404791.957,12798348.34,55070978.79,5227544.002,8944951.443,60343667.11,4240140.953,81397126.99,119675705.1,14165685.01,23595419.02,4746748.811,1550806.488,65268458.45,2074223.765,5807593.315,77845.41647,34370584.86,517212351.3,42882744.63,16387250.0,7864134.708,272790053.2,2799368.527,333008611.1,38078405.01,1144668.768,21641980.46,10389705.76,1099787.342,12619615.43,52071579.55,4951163.378,2888958.298,382700.8967,30103639.39,38103471.0,137780.3296,11935260.58,3405667.312,273352478.4,1078492924.0,29346227.05,770708.6667,14363427.82,17039782.58,41021105.8,323218.7745,97944783.34,4121074.889,61430142.22,4531499.915,1076939116.0,79858195.12,18706299.91,793327.4364,10339579.83,8518311.433,51262049.56,2610783.249,3633638.092,636592.6914,2548543.082,128629366.7,10830680.33,5118562113,57349476.07,1577352554.0,247425887.4,129068324.7,53612526.78,298499.4627,2567073.276,31882325.96,14301249.3,99272.63993,13354910.02,34863954.13,58639465.6,1254983598.0,209753010.4,2007567.788,286364.0025,12314202.45,189506794.2,256586.4247,10704483.09,2125420269,3019742.401,22763788.32,361514067.5,4831894.391,2998155.653,2045641.43,1010858.633,32983772.0,3480512.238,14741940.17,852730.0024,27004431,181307164.3,127093.5074,1201298.218,1272497.805,150770542.7,31295124.78,53325598.76,314677.2813,162086380.7,51612739.12,4026020.881,74949814.59,3159649.062,486660379.7,5124707.866,13692719.5,190984.0382,1212175915,680599.3906,3357808.819,4299622.34,10442541.18,93947233.86,769896.2069,191376344.2,14384983.47,2175153.317,85779497.6,15825409.01,420267.1228,2132454.825,308662289.8,11329894.5,602179.2669,14157772.92,36377823.02,5384479.616,36894126.39,10767931.89,555784.6835,24493300.14,442576392.3,2112040.809,5015225,644229,1828758.874,69515805.89,86814263.27,12348244.46,17284484.92,1003468.451,1257573.483,211414727.4,4143698.69,1348995.367,1068061.57,252808.692,73429371.23,6914597.421,275002979.9,134340.3178,2082294.65,173573487.1,3843680.024,997733.0,76804827.57,13365324.27,105528673,1938944.558,998699741.0,43648558.28,10978454.26,428092.5177,62539748,5331059.0,12179120.46,24930003.9,14472294.15,179915830.8,101281204.9,125756950.1,6219453.592,1712752571,260780786.2,87927698.75,8234978.36,951270.1185,533492057,1310271729.0,2450013354,1069616.024,77219304.28,23159262.92,5763511.438,548243.3896,53860601.97,42371806.22,616188463.0,326530721.9,2361093.337,126869.0626,21877008.02,4269556.743,97200419.04,186363075.5,5520115.554,36962675.57,87176971.31,5854906.417,98261763.26,5880203.869,9849939.94,88203049.65,8672389.645,1310686.122,26364414.31,10592339.46,13588412.95,5134412.466,42195675.02,31149819.84,169751449.6,302247.7834,741474.8443,1072404.696,19481193.17,680838.8535,4673659.777,4230049715,266750.54,11573982.78,136558644.9,29855013.15,6126742.239,68832776.28,119215181.9,577949.7226,583729.4328,577060.65,218888248.5,14876451.08,7103840.727,34038469.47,579113132.8,45493323.21,2383807907,1412948.36,104196279.5,23266722.6,4039006.22,369303.4791,14117140.09,140053053.4,14521167.51,41880028.81,297683.7884,17972365.53,18637359.98,438111.0637,150943.6088,5451069.665,13114799.07,5992088.421,490805.6213,4000167.678,119690290.6,26424174.17,53458002.25,56530411.4,89157395.2,35368215.16,232194496.1,534477.0,1339868.0,20573999,49568987.49,48301826.43,30346833.56,4061622.254,36856081.11,8766054.066,5004635446.0,295034.1091,7353083.435,6184156.548,691802.8605,92072301.3,572168.7841,70223307.84,4266273.719,22004292.22,29209387.1,26402835.6,163516075.4,12996704.01,275736335.0,918824387.8,102708541.0,9720096.906,1211742.443,536757.3614,32406998.9,1520986.219,460489.0157,16217554.87,42139911.99,65470961.35,3347114.819,258522929.7
5,9104065.522,567208.207,73699025.74,6998927.509,167544881.1,1082926.538,33500663.47,506060691.1,39617569.36,10596677.45,12165375.93,8494017.275,8707240.982,77994996.26,23827723.07,30033374.44,11783733.23,3722294.773,128838590.2,18738244.48,9862209.835,68581.52545,35741016.5,1369502585.0,109411842.0,77751323.49,1170915004.0,233642526.2,3438061.728,2974840.123,81065986.76,3171523.961,35743612.49,89825081.36,2542413.905,72238164.94,22344925.78,10161589.43,4467037.472,1500407.828,6545633.094,19436232.0,312684.6498,13696410.27,3673277.719,234159619.4,40258438.66,18164056.57,417146.0878,70627417.5,11467280.67,172703931.8,341424.7157,91297189.07,2486094.848,138674948.1,679295497.4,43796679041.0,25194634.18,120422283.5,1167703.287,2691619.417,16649279.94,25415010.55,364341109.1,24844865.69,433098.1593,48071489.16,24741971.52,11031077.02,1871448244,137113869.1,15511225.34,175771701.9,75901284.65,490323.3437,179032.4289,10343663.85,43301777.06,230438.554,121326.9393,3684613.492,224570508.4,132184490.0,1010462553.0,97439682.74,2118785.129,216450.6793,15658210.94,2098812.853,197166.9086,3371627.033,451573701,417433.8014,30568137.65,824397.4828,4553056.261,4561401.676,627322.8607,3945563.897,32983772.0,1600719.858,2774290.174,54843510.71,26063128,503669870.2,112868.5528,925828.2242,24177392.65,159866670.4,3001543.441,7599921771.0,1105375.025,121510297.9,248533569.0,4595265.871,82410360.78,3466516.078,3579582748.0,25558043.84,35164368.93,182078.3288,436865518,836718.1682,2176946.047,5477534.799,158900218.4,1550025104.0,24162955.6,471562456.1,10476922.63,6661445.697,122642872.0,39934584.27,222541.7125,10774865.91,422941194.7,1360544.748,307896.6948,87550171.0,109062720.3,3597426.552,1950921.226,52953639.75,1473868.515,77748224.54,114461936.7,376262.9325,5823909,6721818,1883814.697,214393381.5,217263224.9,53668186.21,12105287.24,423369.6666,1542679.337,166351334.7,23097732.33,715197.056,3364191.886,176561.2934,34567477.05,22688522.06,598265528.0,106357.9633,2113326.824,40971774.08,5296311.307,225483.0,1476635.221,151684663.2,80037810,3891089.667,12311406535.0,2149896.029,7092966.994,134270.1014,70219636,11632862.0,44982621.12,1898094.269,67807681.23,85612620.54,552580688.8,347109200.1,117360088.4,16637513391,2655587549.0,403797665.5,25500788.18,2580342.699,239679028,14419549417.0,10670349271,32275648.12,103258035.1,151814828.0,9550591.969,998271.2987,301942214.5,22864514.11,30560354.4,399857604.2,3110237.337,111771.1773,243394289.6,10703423.41,122033400.7,302611994.4,1585826.177,13125213.62,75743944.48,17372980.35,150311896.1,7091353.482,86542590.66,1335373858.0,6038665.532,11674117.14,9762423.313,7263180.446,23636753.45,29901661.93,54840511.02,25454346.19,45854908.5,242601.7256,381547.2698,274421.856,81245865.95,247900.761,3362442.019,4564010006,7545884.486,150347448.9,54581418.09,198315085.7,784179.8051,418058029.2,1468405.503,419557.0306,3119457.557,194818.8872,2181750475.0,37947664.04,4320541.301,3619466.254,1890035503.0,16480088.97,635761415,644069.7419,5923445.151,167669745.4,21786888.95,6431995.97,18845595.66,70202331.3,11222109.78,157584410.1,156933.6191,1529803.093,24535924.99,434919.7354,103301.8292,2993470.778,14968001.75,3399255.706,662236.6608,1199482.668,1079860.635,706549.2477,88171459.44,43977583.38,11103919704.0,50235105.63,52304148.97,291703.0,121405.0,1395840,23965834.92,23594099.2,42062980.38,95888650.83,138983545.9,72670771.63,47608579533.0,186148979.1,5020785.214,4315695.548,1413732.387,15696984.9,216594.45,304123597.2,22417112.64,144552516.4,45591515.12,4337090.168,1651323177.0,75783498.1,7107028.0,2779928628.0,800308425.5,11688888.18,845270.6645,428621.6874,78573952.93,3817628.763,19284636.63,65367418.71,60722627.98,34385247.92,37957789.33,1017829180.0
6,271356.3314,3466041.241,77778387.56,29891179.48,2358978.226,654288.9605,5060895.571,35267003.69,7097780.553,1408070.137,18608955.52,7387170.591,2924792.954,121561189.6,21000932.39,13258603.94,2204768.417,3235603.819,153174512.9,5549015.726,12167436.44,84761.00506,2101898514.0,1077928377.0,96114788.53,420236809.6,21927860.75,40426304.74,5392674.198,11035121.65,87792417.45,1901574.227,35344515.23,404259089.8,5768645.0,139225360.4,295071236.0,7956332.44,1291782.938,20224237.9,14252195.26,80465128.0,202776.7354,2099421.165,434494649.4,40943214.19,4816598842.0,10660033.46,1934726.638,48117698.89,55475406.33,27668552.34,17105268.18,153486007.6,5790310.135,778179126.3,427651218.2,22026571262.0,707748973.6,10337419.79,2041308.591,56547210.17,12613270.37,14854979.26,21005053.2,4557310.993,860922.1573,26167923.56,14146706.98,5843459.832,5720467132,3506749838.0,2091754384.0,1514989860.0,745476321.0,413136.4411,215613.8656,10861548.75,31839214.04,13682984.51,87429.74347,15410150.1,22940400.49,215880579.1,706232189.8,165745466.7,12105521.91,283458.4276,6125177.656,1514947.805,7674835.476,24444739.87,3115350707,1019525.099,12970374.19,1888447.455,5305410.004,15578966.45,574698.7549,2786858.268,36310938.0,2270705.373,13474161.57,324913707.8,39485211,736436931.9,131493.7199,453235.3781,21581967.1,108913678.4,3867054.009,506056921.4,527973.488,322410856.5,141278822.2,16580884.32,93660989.2,6648106.914,615223268.4,12735484.12,96060073.33,206356.9271,292405544,3585673.06,3469749.117,30733827.58,59642093.49,707563138.7,27210035.41,443925496.2,120707397.5,5611958.412,85614920.99,322345328.8,287293.3121,7898910.217,418023667.5,1933196.629,355029.3098,8207386.606,83021339.21,10073676.98,12380539.09,12188743.17,29760657.27,209392461.5,461639830.4,19473725.79,8616008,5219198,4147983.678,371623394.3,73767086.54,30452559.29,36234005.15,12067149.49,14077396.71,170701608.3,9735299.99,14335913.51,2855026.976,777871.209,2618571.374,4637486.654,425597463.6,118862.0809,1161071.979,716773037.0,26127967.97,1254098.0,1317754.05,11773702.97,17713085,27562335.32,7680277094.0,1184795.093,26149108.48,930855.7212,12822941,6600872.0,22747102.43,7232740.23,93462604.71,190664508.7,189533754.8,177320651.1,28834380.61,18534775555,847877486.3,74360865.66,43922804.6,8271210.298,83764019,9532474163.0,20817463157,4463475.689,153207284.3,49297481.15,11470863.34,613364.6043,264846339.1,92983866.36,168218683.4,354152010.8,143376863.8,138139.7871,33156225.99,12311126.3,99770459.96,619054154.4,2628632.403,21865006.95,141075404.7,35574049.45,80266249.4,15745248.91,5610496.288,136633156.4,2565457.969,48293394.08,66925140.01,24417856.16,53726703.85,8086653.743,120893599.5,10198706.48,172996133.0,233427.273,6100137.583,2339942.943,29968004.8,255110.6543,4432358.282,3815214275,3687474.819,14623838.33,108636528.6,38570331.69,1872280.412,692105001.9,10279579.9,8532678.751,2120234.673,2075225.636,507802022.9,26022627.3,7436383.841,10962624.8,401233222.4,307178515.1,1197409610,20831416.91,8229024.892,3616425.758,3474579.75,704909.8274,50195061.22,97879142.13,23460581.16,69542882.71,2413390.37,2131964.135,552720068.0,2293488.204,198072.4826,13955620.44,11001805.36,913220.5292,520526.7668,5130864.33,147998959.8,56252127.44,439462759.6,57204764.94,10020970589.0,1908643.806,19050928.21,108399.0,1336043.0,3109735,46128284.16,20344643.94,900565610.3,15198404.79,108736020.6,49628115.44,22598671280.0,2336878.341,3511916.979,2982671.029,12474318.39,38957336.61,571689.7161,109772282.8,101885937.1,50600574.16,9301635.829,53594956.08,96447565.66,52823351.97,55061394.0,10783582781.0,381388391.5,13960857.72,1424004.956,463520.8119,57788406.29,8840107.748,30879769.89,33584072.94,91543921.79,63390002.62,10456760.43,1126482660.0
7,1621299.112,569992.4156,207846362.1,57557311.07,1985130.81,5078271.123,23862727.11,10620521.16,11213140.49,5785250.042,65951229.02,19365114.03,16447758.12,63239228.25,381206.2958,11067810.47,3749068.066,2202888.769,237766855.7,59365957.35,52186401.52,77802.23531,80850325.3,1423104152.0,50735930.9,29365335.61,236113327.7,113764760.8,6955545.927,211776540.6,115609722.0,1948703.985,19961224.49,111868302.1,5205168.645,94497710.3,75750679.32,3771247.139,9005949.768,1596745.034,58447750.27,38822997.0,156492.334,13094492.56,339057856.3,114258789.6,166692322.9,30078144.32,10628808.73,86982455.2,58594700.08,1290931.731,1122324.281,463118730.2,5404524.097,109084397.7,1036556.69,11072673444.0,85665568.6,39278327.06,541177.2859,335345.7439,6216421.7,25922862.87,4139478.372,3454112.245,2089292.79,37816631.27,3687113.099,40133194.94,812409772,40153782.79,715089059.5,63223773.48,136704420.0,7556309.254,238201.9495,1105622.894,49138457.22,5844358.157,112447.3574,8075744.077,10823159.69,94372623.99,651873113.3,84634092.52,3077595.997,543992.2071,13855072.42,5299673.135,204839.7672,5355097.785,428592426,152885774.7,11769394.46,103152034.4,6752986.268,1164583.708,1025163.761,2637855.338,32983772.0,2840235.22,23651286.93,3314499.398,51278148,269738728.6,2359119.81,2290906.791,16304135.76,551401365.9,6220338.806,5430182342.0,304732.8018,109109170.8,165100721.5,5260507.247,68999292.66,8143735.299,1012255593.0,15119397.58,10077929.31,224099.4703,936680980,1270454.346,1027784.483,30691720.33,168709371.2,44655220.8,20424438.09,764845943.0,10362590.05,19683988.01,218007318.2,32457456.8,285659.0962,19575742.77,638152214.8,21370555.0,451596.573,29370925.52,114170968.5,80591657.62,4221751.979,6686250.162,1521349.096,513877830.2,746932439.0,2030768.94,5723106,4456456,1962274.413,397320690.9,234663994.2,149768513.9,9416365.344,926654.6256,1284888.407,91563295.37,3814584.284,11007265.58,1145756.533,367666.4573,21222387.6,2673195.613,113323579.7,121454.6587,2397651.98,148791930.0,7788639.6,1016764.0,228610797.3,4891498.265,81747595,3789377.847,11896407128.0,284366.8315,13160725.57,187867.7743,44709395,9026433.0,52762678.91,244575724.2,74022986.2,2218009590.0,429284061.5,245826921.0,96433957.26,14763259043,1252947929.0,291370445.9,72288442.69,18948603.84,1128372245,7253138177.0,23852273189,20738735.91,62311189.74,128908300.9,25350400.54,248335.0565,700154313.1,44236302.78,37638822.69,82533360.41,1618813.536,126798.6878,102337125.8,467791523.4,194522106.7,36667261.53,3786966.893,35825982.67,437317687.9,5581868.61,304204154.0,5914663.621,5245573.783,629803430.1,6586641.232,6685384.598,6240453.882,13021488.54,8154887.23,23115741.41,45693749.14,39688124.0,110861523.3,212453.9048,478375.7639,441896.6945,19885114.59,411053.0236,3258389.644,5723593950,8437580.329,11511034.1,29643394.76,61660177.69,3719680.723,245597748.6,26842231.41,503202.4774,1071645.782,171565.8693,1652379366.0,941627.3855,4353819.72,35967758.03,5514110375.0,25224238.94,636145046,2065558.655,5393356.677,5195219.522,25685715.03,549363.5965,20135164.02,172565800.0,8986306.004,69214087.22,160561.5513,15886635.66,17664814.44,587037.1231,146617.8384,4344200.36,21556671.28,14621602.36,604732.9604,4915333.359,46972225.43,9527425.926,28059555.15,13185605.27,426122708.8,50067880.16,5727101.344,222799.0,1336043.0,166262,22573487.95,39053598.98,53424083.24,36208686.72,154662526.6,61244387.01,422072867.7,790489.7529,3973700.316,12428596.22,1698239.293,53554566.96,308131.735,10507399.83,31352986.06,28630803.02,100327853.0,20754832.61,2178058774.0,16084682.63,48796470.0,11050238740.0,471032200.7,6336546.11,1079379.241,482583.3709,48925433.09,622264.0546,4171572.097,25788087.62,18281680.61,232440631.9,13654407.39,338090822.8
8,5056739.826,4104471.809,140930924.6,77651359.67,696677839.7,1570746.185,303060.9261,681656967.2,59514861.43,32830979.52,93495623.72,7972197.407,13529705.34,58227066.01,17580380.98,74117485.81,15190073.87,4041799.08,121068746.2,8582167.759,7196448.429,81012.76031,1301227134.0,678395633.2,10692216.47,601515978.1,332270843.8,11592984.31,2806242.796,2527421.514,441954179.8,800489.1617,7391553.458,100763859.2,2050391.82,179445009.9,5897553.392,2930236.618,1849504.115,582359.4577,47870482.88,63575529.0,612830.1876,1940380.791,52624029.02,12128785.6,1777884541.0,6898855.095,1337335.437,24400150.13,1490139.547,1298438184.0,3620200.954,551417979.7,3059729.39,43120875.3,2799782963.0,31546104409.0,108492541.0,290396651.9,2325380.464,21215936.27,31566982.43,39254959.28,487740635.3,29976169.41,1346875.786,4858638.708,73139603.41,12329652.23,5888628192,153056002.8,2123190076.0,367299837.9,146169310.6,1996507.109,507855.8321,787390.0912,12986963.14,6461178.97,8436790.607,3320376.436,656943901.5,13568971.09,706065289.4,89570415.91,2168435.099,335607.6971,13658607.16,13139632.94,3422517.417,2190097.295,1501138215,12224968.32,46388546.56,72360846.92,36643671.43,54504215.02,2500032.71,3060075.896,134861262.0,2341293.364,35342749.9,925034.9672,541859701,616623270.6,1088300.846,1499282.658,14394226.94,129390635.6,5172820.474,1182095422.0,56118091.93,111858724.8,150490207.3,2768774.573,307523061.9,12380408.76,450711937.4,3631953.3,111272175.9,5928121.956,533851784,570075.0071,18364213.08,43880129.19,52543892.57,64573336.45,21104821.62,128112782.9,582017714.5,8095485.685,144567241.5,6011635.217,254056.94,9065620.885,501403808.8,3153944.229,1282462.238,4128509.711,139574380.6,7968597.621,34065642.32,50884300.74,1475713.392,242408544.8,1137704375.0,6585704.576,56323225,21004805,18722267.95,556764551.0,94603492.99,29264619.11,9488366.273,1209099.267,1168464.84,163855139.3,6720430.765,1887567.547,3138151.583,193723.0889,115284487.8,172120847.8,277037567.4,188075.4213,646499.3261,109508768.6,2977930.782,1854702.0,22198836.46,6952899.184,20408919,8323932.329,5099288669.0,1515689.015,18047366.66,810735.5288,13762184,5887563.0,4332203.774,1697568.201,20346366.16,178861820.0,136635324.9,93129528.8,15537009.18,13064845445,330262452.3,94458163.26,14208024.34,3287416.831,47649506,4437191564.0,16134414405,3734834.562,66398401.58,154086124.0,15010931.76,52830718.64,59881774.68,70629040.05,34859394.18,172758052.8,255456816.0,132031.0614,126013697.7,11356418.53,144109404.7,257891043.5,2727784.477,98069426.14,546800516.5,96097921.31,88296746.16,49768030.89,10756776.37,677704060.3,8937130.29,58210235.06,191056897.8,29582542.7,31881381.34,8184229.781,493814465.7,36169087.43,113849309.9,161613.2846,475096.519,1260945.213,28367953.17,413836.9985,320133.3057,4039444578,3015494.627,38538599.17,14886992.82,270313113.4,194733742.9,346197989.3,35092871.52,40482058.43,6942287.157,5481309.243,458601448.8,87540144.58,6731342.113,8100157.071,320246227.5,4030682871.0,1754741001,3086618.351,4117121.054,697256459.9,42801329.24,3036692.698,19826481.52,27923715.76,14571424.69,27288173.36,824300.1723,1004857.423,12815838.43,935414.1497,100399.1657,6276341.687,17959278.2,521822.5883,571468.2132,2785876.107,14020746.03,3798569.325,633121.7072,27362118.8,43649846.05,11063452.28,79176123.88,1571741.0,2866565.0,3109735,143726310.4,25695757.88,6873084.741,9481692.077,78765579.45,13151332.16,34922906613.0,260014.9342,31443845.75,111682671.6,3749441.102,14160405.19,4690861.312,94570772.8,29030681.07,37355429.68,4550024.385,51065606.65,40501641.14,1200644256.0,26009530.0,1788554509.0,69782336.14,9968791.663,1727553.337,423895.2366,34497727.73,3071961.123,595704.9612,14623184.54,66624729.75,43369405.72,2570979.479,1242053647.0
9,589789.5091,6069560.016,268302401.9,115889438.1,175380214.4,868975.5979,281735.565,155443079.9,49355280.22,27792616.47,35236375.74,2215662.223,20017864.46,116326579.3,28881187.68,27313379.34,2296016.667,1552090.807,227811211.1,3320641.174,18308786.16,76771.19891,117336142.5,447376791.9,4457260.566,86574416.68,1326117613.0,50111180.88,1897985.263,1491455.47,315712741.5,1720127.367,7709925.674,119684246.0,2362869.082,1308204066.0,10393847.14,27247947.72,2804621.15,925908.2632,41401585.98,29165602.0,521301.0933,6423130.614,332436892.3,50939007.44,1575530030.0,5741974.369,1426503.059,24649049.54,15366850.27,133821990.0,261736.1009,315637575.3,1784965.207,89747154.65,1523506839.0,11183454152.0,32545931.39,25697339.5,1283606.708,31555480.75,3788970.328,28926309.31,90735041.62,7874745.113,3564569.641,6867944.807,35421247.62,7163725.059,3687183848,102000509.5,2526585833.0,1221569893.0,406552226.7,2331172.501,337372.0953,3789262.359,26246687.47,6583928.622,5175425.072,3600038.612,129198630.4,16930216.99,71702793.04,86073499.48,2213799.547,412082.8047,19043229.68,956375561.2,16279962.31,2163880.618,495425294,1367250.99,35826211.28,61300474.19,8170803.432,63159455.34,1927939.894,1954612.516,106118574.0,7097899.728,48196258.06,9773310.1,425856090,299768408.3,395520.5487,2145489.344,14391915.9,17972277.71,81867204.73,2648903760.0,7304102.993,277834498.7,263009503.0,6473000.318,1356397030.0,6039839.025,389601475.3,2555910.141,57662619.11,2240245.248,55627087,524788.6485,13095816.74,24823174.15,14459731.5,1093349308.0,4706920.277,1496466.985,194739630.7,9692045.857,149369242.8,4793052.058,258376.0516,32127285.42,966299974.4,16262728.54,5530349.448,8447497.638,136649201.2,9331116.455,12780057.46,8940341.151,1115611.29,275641096.4,1252366635.0,4964999.518,50814562,16380807,14497474.07,404382397.9,497544772.2,47547538.25,14384290.44,1002257.825,1212930.884,242412344.5,8588877.354,23952427.63,2155793.664,222388.2144,41060841.72,21316480.59,259266886.4,134573.627,3084944.458,95577602.07,2000132.431,922095.0,51180959.98,6751531.017,7151533,8816890.763,2602562902.0,618900.1511,7984711.978,764760.206,3997384,8964531.0,14044415.64,2492427.078,14353355.41,290187789.5,154380235.5,151726075.5,10513203.97,4089330302,671315068.5,73206461.01,11738326.05,1495860.682,2770546,4109392294.0,8383682576,3487833.913,48288371.84,63997787.25,5420374.388,4806901.476,125929788.5,35091582.56,96992175.98,169694327.3,96063197.91,125118.3497,102777620.2,59300113.92,155080404.2,331668646.9,3759943.104,57651181.06,304640988.4,14935210.37,65625474.42,6327455.87,22192383.68,707944036.9,10955119.2,20368065.23,22413899.91,9333791.337,44631114.43,8510877.486,846573748.8,15946122.24,197093986.1,277679.1062,763900.1771,1473058.268,40456319.45,269961.5433,1005420.562,4540038139,1653011.276,11799476.11,9402281.919,296916587.8,21376408.92,382648754.7,42082608.22,6957755.92,5206403.252,2191279.606,159007967.3,65143220.5,5142626.431,11914013.92,594677065.8,29025245.85,1445301290,1376173.057,10537811.77,175679441.1,65649486.86,100211.9311,22909669.0,95846685.25,9077392.396,59289072.42,1213687.158,2236342.954,11923098.48,1211912.195,120947.9824,13839253.71,30606681.38,672010.2574,532697.3335,3187896.606,243444.1233,194648629.4,382314.6216,40318513.72,53395810.54,51298220.96,47047550.19,2775971.0,1332218.0,3109735,144969591.4,731274.1418,57241244.31,14598957.36,107921161.5,25870628.32,15796017384.0,227491.4634,8071179.425,116254843.7,3496520.278,21410409.33,38889146.31,88923377.9,32116130.02,34416656.9,160278.5363,87877456.3,76605391.81,26908872.92,53080466.0,61153861.9,187110113.8,22927631.05,1942031.704,456135.0851,57346789.86,13845129.75,775794.256,19157338.16,222608272.7,36694941.88,376262.1054,1103171197.0
10,1451053.555,2359326.553,297781721.4,82718602.7,159946886.4,2292309.123,881733.5994,48325449.37,3342456.749,4989141.661,16502480.94,10398153.78,5735684.68,214326201.7,2566359.697,18617598.62,3130711.286,1103350.994,191227339.1,71861655.94,20020610.51,76070.68123,5110503.323,1186281916.0,85455837.64,8713816.907,27385814.71,113087005.5,3071647.188,17915588.61,122972543.3,1998864.012,37401181.65,18348451.52,20439385.32,18848611.37,140451237.2,3333927.138,2892732.373,5525041.328,35430768.31,57633070.0,118503.1282,4113729.776,278261803.5,113665708.1,1306366789.0,20045685.97,1530304.749,70235874.52,98857695.86,1437395.776,3819527.928,1332858869.0,29800570.21,94531909.2,11441891.06,5960859007.0,87519516.69,19147272.75,6539061.513,8832595.949,5700285.681,22826211.53,28907972.05,2544908.091,1955277.064,19554384.39,8175454.321,4827655.902,1877694666,322054923.6,5429983933.0,541552849.9,60015296.79,22837300.36,301019.0721,255879.4839,48989113.95,245193.0326,151024.383,58779989.14,364943201.2,75307890.29,619256358.4,156895242.4,4958278.041,594771.8606,17512541.87,12057619.03,6136572.152,13715524.84,403818992,1328307.738,24519478.76,15986379.15,7844592.367,4793246.133,1289378.019,4542858.437,32983772.0,2509093.796,47290773.17,949614.9781,33250329,413096625.0,186203.2238,1734467.653,5285439.793,80943412.72,31585656.7,24334796.56,1623171.604,187734983.4,700643526.8,15456059.83,208979275.6,15183799.96,3016645247.0,1392180.926,55993958.78,240897.969,1044571117,762348.0721,7913374.636,7273182.638,6578043.732,505079584.6,8491559.302,248253130.0,11197002.56,3013391.669,162613811.8,32916739.3,660376.5246,4752900.639,499306155.6,28282494.51,474654.51,33565295.97,157518128.1,15674050.31,5729545.072,47463393.69,18651798.43,256234782.3,471197016.4,2858852.333,12676665,7325436,5990070.881,593044387.9,201409468.9,262607455.1,6940698.168,505831.8533,1242092.495,163417122.0,4378756.013,9645457.414,4372760.264,262132.2551,109356965.8,2701627.424,1485519088.0,110176.3585,1478728.597,529829657.0,22763553.49,1581430.0,120607437.7,2380853.038,52324809,2449195.036,5703927875.0,20934376.85,16389945.0,191536.5858,39654666,7620635.0,27551359.26,2039936.22,49772973.22,54551816.04,690397637.6,432549868.6,102948455.1,15139032617,2252037605.0,553180344.8,33921427.71,918746.674,1110323423,4251250477.0,9326736403,27457150.85,100122484.6,123561217.5,19446693.74,1160142.978,311156542.6,67356187.81,186089631.6,499359841.0,735872.909,123976.6766,134360815.4,29901371.68,94034802.35,85291781.46,2637017.923,5136749.225,1283124153.0,2911439.223,465973793.9,14067200.43,11101272.34,233023399.7,18992355.93,9212790.161,5326130.771,3599671.472,56602647.11,15267032.09,67511141.99,23627042.37,270297537.1,189610.5738,446847.347,1173030.204,24208217.86,536780.0658,6951697.59,3669675272,2539414.613,51296869.8,262144747.2,19976929.02,5787973.08,639628817.9,27187897.2,1246203.083,898934.4816,7895097.303,1599856445.0,3559616.294,5163443.0,34227911.96,3614566577.0,22967195.18,571551113,942887.8482,5703292.866,179513032.9,10443547.02,5999257.613,59678698.43,156849105.4,18745141.52,106651553.6,464224.0586,10034235.54,18579125.22,2937137.685,189449.8215,5402971.913,60125080.49,14317725.21,495011.3848,2463890.545,250670333.6,564605.4612,120740106.4,45016463.08,415762993.3,9168026.604,415329.988,77891.0,1336043.0,121458,3370339.746,19727737.72,94689801.59,59305913.12,407353149.2,85465274.74,1364209865.0,330471.4747,2258383.604,5734696.031,875214.0613,66842326.18,329391.4084,28270846.07,4892975.255,108441295.7,23006162.75,57154594.65,2179548579.0,93713625.41,69091188.0,5845236413.0,832739752.8,11618920.26,524443.0,618002.3695,286401886.0,3387026.323,2650888.836,31683972.3,62462923.44,86798685.3,13251564.58,454741714.2
11,1053824.966,6342978.931,146346673.3,228994345.1,117566153.8,1210427.278,18498329.33,118172674.2,1742158.22,2292855.887,46288402.18,4677272.857,7598314.459,194623731.2,24047209.52,17698966.16,5066955.166,2563184.005,631020556.0,7366537.626,21447645.63,74499.09055,196206873.3,479814430.0,55113884.26,231615460.6,53443032.12,100505304.7,2442307.188,89123082.69,126508061.3,1158530.31,18417855.9,240905412.1,1604041.027,99967826.89,13187127.23,3308393.225,2231537.937,14530738.91,28766506.1,58386894.0,266973.9916,12439163.16,197826384.0,101287198.9,722136131.3,30959325.49,1155394.846,19698754.13,4475131.275,493415991.7,12186166.52,78776162.34,13434197.99,77871108.01,553559462.8,9930247476.0,112137432.5,37304025.33,1119207.065,87609821.07,22448121.06,28528361.83,46396964.98,6065195.255,1353589.05,19799522.62,42635696.66,17427727.26,4926520905,72220530.33,6891438846.0,1429708169.0,1285687877.0,31301202.01,395587.3772,4205702.668,71597939.18,4868902.976,377420.1388,6555376.167,56794501.9,162050328.9,964728525.8,108645275.8,9791542.943,559071.8235,13976467.0,5087881.234,70393580.88,3333285.183,1183803888,785185.1154,33339290.01,72660670.98,12160223.99,73178119.6,2032234.733,2938634.075,60515083.0,5749845.62,29322563.69,2813148.794,300934541,1057156808.0,316881.8072,831513.4328,5916675.01,181634113.6,4385543.386,745126713.2,4139467.888,251761824.4,473874181.0,9489263.85,419892086.0,7185479.576,834687138.8,46642214.04,36275695.21,570103.6789,1049224212,654760.2056,13021641.38,18829066.43,10753234.26,760935376.4,2402993.046,62000264.51,175750113.9,4899035.41,304467436.5,72892171.32,273841.0243,1116274.967,1227740350.0,9356183.132,353013.0584,7973791.446,293102834.4,9291112.804,6202459.976,50261326.4,2064454.103,318570939.2,1430119959.0,1149078.34,310366595,4960260,8887786.191,174405291.9,69275233.6,195162107.7,59543158.72,801156.9759,1092274.157,512548512.9,1356679.542,6486513.562,2134787.919,222324.618,58005577.34,67781078.77,579433646.5,122604.4247,1204945.481,441582155.2,12373664.65,819612.0,199509423.1,9660342.839,35051744,6940081.725,1229127912.0,1482003.363,15459613.58,1097035.556,29414852,2865581.0,6546788.549,1193669.539,22690141.2,503476811.8,191955259.5,139849922.7,30379911.87,1821394199,451432705.6,94108932.01,32482203.89,1728401.404,503087273,2136361584.0,5038071393,4055154.349,119980858.3,57436803.47,8501876.628,2909833.936,55959621.28,66941696.33,105146617.3,237676619.0,819809266.7,121415.3666,69330724.23,36356994.69,133207248.9,328988171.7,9267124.81,37443059.25,68337730.92,6578970.221,62270889.95,2655126.909,5249467.647,309528818.0,9283919.622,8605824.924,22091080.61,11362723.75,72176423.3,3261342.61,632459115.1,20845724.12,173397253.9,308614.6846,896512.7852,1751809.972,96840775.05,699853.2069,10288000.49,6548152133,2781715.358,14311347.62,85801505.97,16861245.63,18350870.91,206039140.2,69746964.74,3527954.653,13515134.27,425686.9228,265047857.0,16447867.16,5625504.999,6443713.233,344610948.6,444687278.1,3125172669,1290014.412,23640880.54,97745907.91,21273447.96,69691.5361,54293252.68,93882125.53,23286212.4,42721274.98,1799337.761,1120044.746,16572962.54,2275377.803,110052.1773,11620978.11,31298144.49,7311943.432,604335.8279,2683623.983,45475200.86,84908799.48,359651311.6,34496991.34,165411434.3,32298060.26,44154085.96,9481916.0,207625.0,5658700,117017387.7,8843286.106,48673644.88,31673501.63,176546196.7,35390349.46,10420858697.0,283833.0398,1923420.565,30310126.14,2076257.33,82951180.63,805002.0802,1771742204.0,57233535.91,41482611.28,9464208.544,140057564.0,131889225.0,19817562.85,176462649.0,3468321420.0,256949096.1,19853616.22,1127617.722,233766.4464,51469183.32,61479156.3,46882547.44,13432628.42,92794761.52,86307001.13,21506569.22,1325203468.0
12,526837.7432,4656903.049,86548198.35,210280690.5,561045266.7,6714300.926,952906.4565,95084846.64,1860394.839,4501866.995,10040692.03,5410998.237,12631544.15,238098676.5,13267582.57,11197329.01,9122195.735,1463648.882,489138467.1,44488794.23,30664341.68,79834.07047,71237617.42,569128752.9,79550276.71,47732746.95,12027868.16,116357456.4,2433444.763,288824217.2,215688154.8,1194225.131,15982510.95,63451362.11,10473106.21,82544952.82,38614844.48,1301579.247,2459402.563,2760329.721,15809047.84,187950247.0,157847.336,1494131.972,99375422.62,116788674.6,3317008698.0,19304944.36,1797879.183,21722338.16,3998737.036,53187751.86,2438319.822,499786748.5,4905351.091,91701953.59,21320164.36,16876185042.0,93850315.11,87438988.87,7458601.083,1680561.053,3606551.251,17808474.74,50613156.09,14103633.34,899473.1785,12322664.14,1830792.011,7666525.032,3613118510,1534512391.0,4410741201.0,3090436.829,197271226.1,6521890.387,299040.6873,870075.2099,63295489.01,233019.3746,1139210.573,9325761.715,399192976.0,107728995.7,678156805.5,58042126.41,1608105.29,478014.975,13416369.33,1626828.099,10253546.46,2223390.917,1194685631,586564.7617,9470344.224,16889165.0,8273766.467,23324444.8,1301658.33,3981284.959,20631791.0,4398473.184,22638344.29,810394.6837,113793423,609723888.7,156171.768,1049504.825,4821627.88,53178924.23,22567842.64,225780895.8,467913.1583,164537818.3,517398441.1,2604422.024,104946112.2,9280995.506,2337537292.0,5313587.396,122163369.3,258607.9863,1204905678,2738054.333,1408679.434,7571048.26,16308633.9,666900065.4,17852030.78,215280230.1,142996893.4,15204458.07,103411012.1,60260249.03,246995.6586,1579612.761,636280706.3,7371203.664,569729.0355,17701865.57,96787320.57,15198295.22,8006452.211,88274401.02,837386.8959,160853441.1,1466244285.0,11348503.97,68656180,39292909,10535464.71,304523303.8,507609744.3,176253092.9,31585661.09,473386.6598,1618237.769,134560821.4,4518299.285,3499512.964,10438065.22,244117.1027,165792362.8,12691772.33,755320389.4,102668.5323,3246462.37,182923474.4,28138518.32,713437.0,48168235.43,6701221.84,72066165,5541920.692,4657165476.0,877351.6775,49140273.88,279887.641,61167543,4784900.0,11308519.18,2324058.336,67073257.58,128358274.6,381418777.8,399148888.9,48294616.84,12935496184,1309561439.0,249611581.9,44763269.6,6918136.605,389561714,6608121043.0,11483379466,7651907.841,86974739.08,110698223.6,16479690.45,702676.6107,83949042.25,204418385.3,77942237.46,203913874.2,1758878.403,124168.0653,51574048.81,23341158.69,86731463.71,386439537.3,5255959.93,36598694.68,484753458.9,54105033.93,179753385.3,5312964.545,4475606.339,344259850.1,20892601.48,12155292.32,209179005.6,13741637.48,17450255.53,8326052.025,154267280.9,26500430.17,107547729.7,190608.8199,468724.2106,2454644.936,64253813.39,1608849.612,4888907.423,3357742302,3425651.823,35241948.47,121260329.8,15151998.72,8065091.687,731413161.4,31181287.85,3698870.695,7736739.05,3065473.942,595122328.2,8878603.64,3995227.375,14276173.25,722917129.7,510104470.6,1651889474,2667114.44,4561984.408,577701133.7,14511534.9,11279893.31,22167469.15,52662063.3,8396951.942,97488865.86,815596.5099,2184677.534,18510404.04,779039.0796,141573.5417,15803209.45,6097240.927,5506374.23,788500.9856,4861241.432,835728.4462,197811272.2,421354924.2,21327181.12,261796477.7,16894226.65,97595103.5,6494404.0,3158274.0,26149805,33408414.13,17492259.07,48466297.5,24363902.07,313322578.3,40748906.51,17368902607.0,286394.1591,6533225.48,11777858.07,1454923.106,49593509.18,345158.2624,871952110.0,14499031.82,44113303.84,5407943.295,73382983.09,323701639.6,2161070.634,138488566.0,5278985585.0,395625334.3,10977554.77,607287.3071,606537.282,96846923.54,1130464.872,24692972.97,23338636.48,77534608.62,61776347.44,3785870.232,309127616.6
13,1782416.013,51299642.21,76225342.92,156665295.2,2139695.537,2385487.188,323466.1961,64555696.96,3173920.982,12880844.78,8250220.54,5327231.112,155685.374,17034459.98,8849713.415,6156601.47,1064232.571,1658931.32,353222774.1,169191190.0,112392826.7,70671.36394,111896860.5,695698770.8,89501428.95,51476778.63,387951304.6,322876058.5,4057930.449,156252903.7,160192582.1,1539397.856,49255442.25,210050436.9,1972767.209,36011709.11,86884612.24,6724572.202,2465482.426,15588262.38,20958530.43,107168734.0,101059.2543,8289988.536,556831611.9,323581197.2,255300516.3,13855253.1,1929395.324,24623249.09,63070001.98,9804809.936,12755248.64,930839756.0,10576520.73,93167345.26,2359090.03,6149536130.0,18894471.64,14848335.74,1428708.782,32962243.83,6611815.128,41583560.51,10948617.58,8445930.08,2027329.043,21001824.97,108621907.3,31410583.21,2732130476,174032640.1,453772567.6,324438337.3,128751137.6,7716854.007,270899.6916,196096.9169,24999347.27,2097307.757,79645.10493,5977657.283,27534217.85,196715858.5,826115721.6,294147979.4,9685704.594,282126.3536,13540618.63,15833884.86,3981005.352,17698747.66,617453327,2532060.245,12456371.16,10820051.94,9138983.874,4247430.365,907878.8689,1899573.183,32983772.0,1376142.525,16630539.74,905562.0379,33869557,628349257.9,131485.6419,1403689.034,10448823.78,271921346.1,1984881.976,3075030037.0,819851.8652,310963048.2,947758683.6,2211817.75,76190832.51,7094826.899,3238934787.0,11292194.9,24824271.68,194606.0265,1126719775,583773.838,6187018.788,75958187.34,6782518.36,1225361897.0,19967596.12,412325479.4,7073155.016,8204758.989,178616568.1,153280469.4,323069.7881,3554005.384,1286186708.0,7824159.0,424633.4661,39785897.47,167582722.6,6589135.363,2633121.092,25362914.2,309553.0266,265915510.9,607417113.2,446228.6618,25632005,11398152,3529732.907,121929238.9,226620557.0,212939301.3,17978268.66,490315.042,1228020.115,178195421.5,6045141.624,18830463.88,3899396.822,211406.0635,75811539.66,1220333.008,1755536083.0,102918.0302,2598066.774,396166286.6,28174613.48,916422.0,54305182.4,5688605.478,42782911,5735421.749,5285438841.0,351882.482,31465071.2,195828.6638,31850295,2058993.0,14018968.13,840127.0885,99645146.43,662720189.0,372945274.2,246289838.0,28743100.85,8492305156,1386229720.0,551829366.9,17652508.59,5617289.51,1108332536,7797899058.0,10709492198,9092053.547,89505979.65,165197903.1,13713619.96,1024329.255,170892338.1,117708455.8,457097281.1,638308935.4,7339849.915,115177.1049,20494454.52,6641679.585,89376338.89,189258349.4,9524793.85,13184419.63,716340638.8,9521116.694,397135117.0,9047688.19,17064871.34,166641502.9,9427775.294,19612984.94,10831837.65,15357180.94,57809962.23,9000554.996,178159218.6,15214755.51,398599851.5,263798.5297,382897.8355,362345.2378,55512691.98,388389.7709,1767380.127,4038514560,3219311.788,41817912.39,127767196.8,16382946.71,3851232.288,576022234.8,35636272.68,3458563.207,4302075.259,168964.3304,706384071.2,18253417.01,4943644.573,10044675.44,3157289570.0,1229100689.0,1165324481,1004665.447,44215263.47,7662693.94,18140465.38,135899.2037,28963056.19,141644172.4,21044962.34,96067092.77,236470.2454,4924951.184,31309667.36,447768.328,138453.6317,6075740.975,14823855.64,17599905.73,1001317.505,2189220.24,30073017.76,76882285.39,470486154.0,64613691.18,438012913.1,22897584.72,764164.0377,1909765.0,590560.0,5446606,88685618.08,93395997.55,124932595.8,21994201.91,512829377.3,209019474.4,1248590635.0,629090.1207,1002871.135,3973128.396,6273242.127,82706712.89,392718.8241,24433352.35,52134228.86,589915160.9,41534409.73,95308086.29,1839164789.0,44118997.96,62876919.0,6077267228.0,508377544.7,5962961.34,1442389.807,387642.3627,449178336.0,57782978.59,25662192.25,9701308.142,64342643.59,40573081.73,4529472.582,476317397.8
14,1255542.149,1819485.839,70900590.51,244590.6551,795256.5186,1457292.448,193103414.0,7479570.801,17582304.04,4294758.309,3145331.863,15564536.28,3769015.675,49105906.74,21226616.47,32748721.24,10472711.8,2193102.39,81309034.45,48038169.49,53425522.35,90170.6408,89358213.37,1026146394.0,109285540.1,40995927.59,24688950.18,21884873.79,1808554.885,445678617.6,122036621.5,1987838.421,36869926.21,175247527.5,7994874.415,99766110.76,21687046.53,11044692.05,13690062.36,88356981.21,14450104.62,30786297.0,162039.9967,8523572.66,9093620.389,28862502.97,3712989936.0,12504383.36,4993475.51,59291728.3,2061617.506,53648931.81,82196144.6,224846206.4,6240769.952,125063573.7,11198393.89,17842085323.0,441029240.0,29862850.27,7370849.92,52655667.45,5152842.453,21155039.68,1451257.316,1955213.39,879161.0389,13703904.06,6281109.241,21913493.21,2584144514,2067614985.0,5179700234.0,211836849.9,81534206.7,513077.6382,199244.0661,1534548.416,98002630.83,880596.3176,191589.7727,17851278.14,17174679.06,104948035.6,190558441.9,180661538.4,52665323.65,343579.7666,15623367.5,1184627.659,19741586.59,3197206.779,836827956,954723.6654,34273434.37,808150.0369,6988854.775,2138798.02,1339928.302,2813954.515,61610200.0,1488133.368,25875003.17,5571350.77,182008469,456934359.1,145231.1061,1535649.764,34678589.15,154215766.8,870243.688,531436411.4,5644014.653,198808083.8,213885678.3,4970556.142,136181998.0,10724610.71,2265971227.0,7966726.349,83498353.13,218653.8873,649365831,1701504.63,267142.6219,3283299.268,13782475.38,445973379.3,17252994.13,1613714388.0,82596618.75,6364857.821,129806263.4,120417956.9,219714.3691,21148696.85,477944258.9,1524639.918,2421103.446,14016938.24,127070809.1,15317482.5,11176406.31,66216114.47,1733713.453,228549168.1,223176558.0,4947028.068,41260734,20874841,4225557.308,1091719127.0,190913046.4,53074280.15,19932866.27,485963.4073,1417115.839,137852924.2,4558257.193,2538779.443,1195537.975,217916.5035,25496631.56,7473206.522,846206607.0,134008.6646,773419.4243,493556428.1,178382639.3,239472.0,4655661.806,5151748.835,23181027,6429040.945,4744509601.0,19421842.81,8689153.38,231928.2705,22220545,4389294.0,33631766.52,1517558.47,795904320.0,63381029.71,710401962.0,500068084.2,49112383.51,14156361114,2310266174.0,263342656.3,39320447.42,56355752.05,329572632,3974114426.0,12865994122,11025280.55,130964795.0,71538620.08,23783542.53,3935401.632,154764469.4,35477326.61,135300514.0,342570185.3,1873460.968,133006.3725,25542510.08,10837000.29,86096076.77,562083481.0,8435964.216,46463080.93,211266986.2,35673321.23,165650926.4,6200452.35,2946331.797,184619074.5,25120365.79,7402506.097,75877354.01,15855163.7,89824073.41,12377517.82,176595998.6,14198834.68,217663304.4,186774.75,1423422.383,2261483.559,53117547.15,659413.9181,1037534.234,6015089358,22804156.83,127127996.6,163844922.5,90961018.68,3906911.606,452721793.7,360388.0487,3011075.67,9846713.164,30351668.46,1410271329.0,976819.7325,4448790.843,13544312.55,1146029026.0,15878216.17,747997610,2014321.542,2927581.776,1582080.409,4935188.097,2383059.905,37364765.86,52895495.46,10300624.18,124429613.3,3839269.642,2129890.872,22631668.04,4848032.739,142344.5425,11917179.35,4320099.87,3902255.391,1524961.225,4422873.967,551343.8797,523645.8203,474288757.6,48317654.88,467289496.9,33753227.24,20674857.63,4382885.0,758467.0,1149894,38515718.1,70511080.12,51251413.91,15685409.53,184482372.9,75782244.13,18477565868.0,1253776.708,2971132.211,6187250.626,1865448.252,60159491.97,315887.9099,859957067.2,44038795.8,107033093.1,811700.7192,79941072.0,637903962.9,7076148.693,29249121.0,741616124.5,828372291.0,11652188.59,1032566.767,482605.5187,142012185.0,16591328.65,14984804.21,47427329.18,51352864.4,49137807.72,22385104.98,898404327.8
15,7556644.688,3470265.417,53764934.3,356994042.1,13868499.52,9950356.028,10757057.18,59118668.12,1313440.034,6531460.962,142775640.2,2418833.906,46241992.89,112834875.9,957203.6103,8262359.106,13299205.48,2182364.673,689056219.6,296782460.0,367241353.7,83394.85551,45025036.35,652303001.7,97219917.34,26569681.42,244147296.8,253786143.4,5954164.511,295016542.6,122705909.9,1344768.718,50851961.1,49886607.77,8493342.394,22234679.67,63018884.24,5483561.33,5735972.324,2277690.085,121596282.0,48717620.0,171147.8198,4584549.788,498451848.2,301764723.8,555060475.1,1956368.277,20313379.8,34622475.4,47527273.18,869720.7167,2485750.955,215526445.2,14754599.11,171821794.2,1426381.953,5028493916.0,62049164.08,36300611.93,824522.6507,990107.6394,42015520.85,68567496.92,14031830.75,3990858.838,3416503.317,9302911.332,523816578.4,16259011.23,1622504783,28627257.32,336233059.4,304965991.7,177732020.2,1460164.075,309024.2398,824218.2024,15230802.33,34547597.13,207557.5896,24972464.11,151298760.0,277104289.0,506495574.3,281071307.7,2775373.549,389384.9696,6879241.231,18676251.43,14381332.21,12516541.2,507940294,9057533.38,5740858.534,50165347.06,5594725.743,2562993.026,355445.1953,3084262.586,32983772.0,1484067.72,11305335.32,3851237.279,37626660,248533075.4,176451.5822,942291.5618,6431134.088,496868363.9,19106528.46,2024779504.0,2046624.161,186573199.4,614526371.1,25973482.95,108902056.0,6358519.949,2169479576.0,5433074.544,20444078.65,282179.8795,909398175,2411014.662,3605358.791,63136741.09,27521182.08,161442758.8,8338863.777,406274406.5,30524571.47,8856509.996,102625121.1,226918868.7,326268.3892,1421964.319,1106138825.0,11535025.22,500313.2952,12324918.6,97124923.36,40052955.81,10728766.94,7288516.319,423266.0171,127595787.2,779782302.4,560890.6629,51539457,67875575,5415683.143,48037406.15,77932220.92,574645988.0,49357294.81,2878926.107,7794085.94,223015632.9,13299516.07,16386463.88,10256026.05,262387.6421,136030337.8,2074763.877,792554029.9,173380.1205,2255543.234,239064574.5,5358234.077,1373409.0,47567322.02,3438102.787,57872021,3977546.131,4610924029.0,316839.331,13341256.55,262426.333,33698764,1836007.0,39489864.96,258246975.7,55297006.98,220658617.5,9453961373.0,188374135.0,57319505.27,10610134938,727287612.2,316125802.5,9656690.889,7413265.712,557238785,5531862623.0,7974276015,9253061.53,118740062.9,141711166.1,12722395.22,1370010.327,96870332.61,55601077.34,233485512.1,416739561.0,5159798.312,135913.2962,12685687.95,13638836.47,153210786.0,154367046.5,19264938.88,15347950.55,109348931.5,6265589.739,447360669.0,7767469.932,12367856.92,127725776.4,24904321.57,14868957.81,8020291.41,11407886.08,7312698.345,9002787.598,26097579.4,45548566.66,202023650.9,430499.0054,528495.3061,907286.6051,43581807.02,621425.1337,19125014.31,3858676378,510825.2822,7139329.44,16216395.97,10260661.13,1467097.147,174621727.3,34475636.94,755932.1927,1255024.457,358690.672,430477742.9,6424684.886,22417402.24,21143508.13,2093192997.0,535391753.5,745949960,2998270.347,1722570266.0,43202445.31,17280439.43,291486.031,91187144.37,212333068.3,15940713.72,62854119.73,206008.9971,8130429.879,24663604.38,543487.9449,178431.1898,9119465.115,33158713.25,8155735.695,713174.4743,3988235.717,11116704.18,444372535.4,447902313.5,186255374.5,262945733.3,15500621.4,3678067.6,762412.0,1959466.0,1402199,22075824.25,103834100.3,76999240.63,26058908.79,765586784.1,112951770.2,686931994.0,136746615.7,4428182.756,5391638.753,1823197.463,43855004.43,371254.5569,20919987.54,14924095.01,89832366.9,269153641.7,136284733.2,1767595668.0,9464137.894,53508335.0,4992565239.0,196520263.1,13297333.16,294881.4921,471731.9483,253356808.4,13099247.4,6711050.248,12131733.65,113632907.0,73045471.82,5424304.906,367058476.1
16,2723094.299,1790283.14,87487874.6,147842121.9,65764882.46,714829.392,915793.8371,59302563.97,13744899.1,7873556.617,3282104.146,6735191.498,57903202.83,76269061.31,30834508.91,12435346.04,63785205.5,1763083.027,86616183.8,148086220.7,55721396.77,88658.64605,21158464.86,746695084.2,92414261.15,6186692.191,172027383.8,347016358.9,2846795.299,539748645.5,254548489.8,2001546.572,88934277.66,183495133.9,1025358.629,31766489.58,82569959.12,22420823.19,14764264.73,785899.2706,32550150.25,20375797.0,725268.955,79624894.53,2623577.202,347552143.5,99940069.26,19906931.52,1429066.193,51319258.14,25920182.88,67023189.53,345448.2992,349783554.4,4231556.746,118105336.3,38622414.39,7037032395.0,70501841.76,34219636.9,1223725.317,320916.8887,9043808.084,60692840.2,33503480.5,7170933.194,540853.3102,20541598.61,48094804.56,16035584.6,2050931047,302347058.4,322805760.6,34758993.19,45817386.63,18433270.01,274988.8067,1760035.264,23950065.88,298632.5506,259653.742,4432967.004,22425028.91,129399691.1,328929092.3,387612781.3,2476752.173,332429.7888,18653756.17,16744883.93,1455454.058,13819178.53,248364856,681151.8454,40095541.01,32958139.78,8081534.99,986855.1751,1315229.214,28453379.93,32983772.0,3456109.278,7988237.795,995505.092,8495357,219548647.0,142158.3717,1683298.197,11566055.15,285487187.5,10158952.24,41694678.51,304203.719,81564710.06,278819183.3,4830529.388,109601522.0,7441709.284,2259078860.0,7891706.112,22170821.47,355802.1803,309404025,851767.4953,784193.4643,20753702.06,66460117.6,426994464.7,14354089.97,272720912.6,795859019.8,9466758.75,94180184.84,46531095.25,262286.1099,5824685.01,558799409.3,10718086.67,1317510.826,22437117.79,85744905.05,12038823.76,9558108.176,29001150.3,1766901.988,227411456.0,314685988.1,510258.5679,3552763,1440539,1968506.981,153039532.6,112063455.7,86273692.68,9395531.486,530731.3417,1561287.74,206064384.7,14199994.76,2968725.042,9067767.499,205704.9604,34228219.64,11834697.14,410836378.5,137177.3202,4548453.73,11086253.12,40231222.35,538746.0,63332293.09,3243260.846,60288608,3179752.451,5758302531.0,3247260.951,6288518.658,225822.7287,43502813,8410171.0,26501814.18,5510649.337,138766767.5,163087475.7,921287864.2,193409147.4,75334739.39,9497254493,1294011321.0,296641156.0,35092985.5,4441375.719,168125937,5439516697.0,14592173731,18698295.34,118800886.2,153959570.0,20015196.81,289851.4545,286413148.7,23056300.42,1117673192.0,858258728.8,20696703.26,144491.9923,249410777.9,25422732.89,106874784.4,62692732.74,4053238.232,19866349.54,334487866.1,6916481.345,266941471.2,4963986.615,7870169.646,1749196100.0,10351569.69,3907741.338,5068447.619,5963713.99,30705049.51,19719596.24,30178569.87,43107000.17,100608492.4,283145.7255,515651.2002,780415.4509,37227366.19,926330.0206,87129704.98,3642708348,3214348.985,30648194.2,470287413.7,68373746.46,5127103.023,220223278.0,21928607.58,463165.6118,3442870.103,181784.6092,1215102505.0,2067407.49,5953028.456,35064945.23,2135470657.0,50163337.46,522118944,2018184.808,25506174.71,1899694.225,4245344.682,389428.8972,11822432.71,37711431.41,17257077.21,70801674.28,150308.0547,4969065.339,23062539.37,479013.548,208270.0193,5965862.411,22023999.72,3308524.956,625518.0966,2133610.959,720728397.8,55319262.9,144927233.4,162733149.4,154520412.3,41948595.15,93261362.91,1184777.0,1336043.0,706613,17953541.98,36291462.04,33952182.23,40799967.77,196050434.0,71700414.59,16002376059.0,44110889.38,18322037.44,5567363.577,2298402.845,179053642.7,479595.7857,2567976658.0,35604844.54,67576437.98,28537078.0,11878285.63,1292819665.0,16938321.68,10594513.0,6071708433.0,303813048.7,17415102.1,1271218.54,534621.226,82981712.48,5661472.188,12312000.42,23959228.87,94693199.68,85258892.08,262597506.2,978433018.2
17,8421464.406,1356083.909,70063810.92,1855902.929,75534442.84,1341374.847,49421163.43,89482566.7,901779.9968,32879665.41,22177091.54,20706345.2,10192072.2,75416951.37,1150626.169,15272525.34,13929996.32,4099962.551,128073125.9,336122254.8,416249476.9,80924.65994,2007846861.0,1228199285.0,148194108.6,270705148.8,325586353.1,454335536.8,5785916.248,703666382.2,127121860.5,1902791.491,70217146.81,2026005.339,14893324.04,21193691.27,129274104.9,6174110.962,21750552.29,460364.3122,69155139.23,41432818.0,172754.5956,9022726.493,493624903.4,455487590.1,294635372.5,17189360.91,65184672.14,83600488.11,328533786.3,1454548.819,383067.7986,85425422.86,9967305.849,90363828.8,532230.199,13905700798.0,110338519.1,9685185.209,807587.4924,255126.3649,5476716.576,116744936.0,36192494.35,5589697.524,969658.3163,33513485.76,762085045.1,13744200.09,661332528,100436020.5,926563688.5,121553650.8,53697970.8,511718.112,312179.6305,841483.6557,6241011.441,3626839.892,194004.4854,34941899.68,48943739.3,224307831.8,165367385.2,450454722.7,2180997.287,513525.0825,16579802.19,41832874.51,225809.5162,20690252.67,956125438,10139783.38,16723323.13,1234028.003,4876014.995,3743878.832,372165.783,4568561.065,32983772.0,916862.5118,21444633.55,1758998.53,35305367,1026291483.0,557197.5495,1352083.674,13072801.55,384885870.6,7049075.899,23630670.36,636173.0874,90388464.26,196451528.8,2610917.443,1018574105.0,5276312.909,2651502244.0,16051671.35,15662984.71,277747.917,817460617,1042215.161,3673932.487,80651848.84,15131369.58,106959993.2,27040495.81,593716884.8,245335811.1,3504582.696,192831340.4,217101736.3,429616.1361,19286166.53,170529630.0,3749878.841,658439.5708,42635265.0,177126056.6,97554749.71,660897.8411,6581650.659,368269.4268,955359191.8,539868390.2,1524298.529,7113591,23445795,1154977.032,83890310.65,95331149.01,257161812.9,22556993.23,551930.109,1211581.197,233555752.7,42536900.73,16880242.16,10411812.27,1456731.122,4691608.779,1511472.373,928998894.0,201917.4089,4445500.308,503191430.7,18606218.04,1785466.0,1831838.541,4649558.296,323280354,2546662.663,12651680090.0,9932759.391,12157004.77,187915.4535,258977973,5274672.0,75916727.55,381065002.9,34373706.65,152309343.5,15115819448.0,69780267.46,256756635.6,18634109345,946942281.5,1699116773.0,15969521.96,15021692.04,784698722,4426074711.0,25416139032,60102699.48,91506854.27,150337332.1,29623982.27,639849.5121,298279453.7,47456500.47,130010554.2,795831086.3,30357077.07,131887.4792,15042479.09,34979474.89,128872039.7,63414494.7,7242231.82,3862083.159,27287544.09,22971937.97,411654065.9,16679421.32,3689660.242,2953919.049,5517559.977,18780329.03,22353292.37,6366386.272,36062866.27,15207491.16,714164611.4,161348628.2,190649472.5,311024.5946,846383.5724,313519.1262,26505736.91,642970.3876,24196430.96,4254047073,41144573.52,78482891.32,75526825.88,55543225.15,2825030.777,360924550.6,568362.7458,3954268.123,973669.1275,181944.4779,2391901897.0,40627007.59,25134137.23,5101058.662,5082842310.0,26934102.67,465102944,1186962.82,2388552995.0,110262838.6,16387224.36,120323.0349,16588342.35,197492987.2,10248179.02,41889065.32,325866.9576,8697296.133,51789190.25,586507.0123,160781.9414,9498083.703,227525035.0,9003346.438,672444.127,1149244.894,3902248.213,7232061.122,198809639.6,183882993.3,484534073.6,25381601.43,740392.4171,232469.0,1336043.0,175842,677637.865,61993189.97,99629903.36,116462459.5,941582139.9,645097616.1,2693944387.0,46906732.05,1359890.401,8431753.298,6744675.545,20006935.28,352070.3223,33157320.98,1068009.2,91797959.8,215462465.6,47113006.4,2849603354.0,174472466.9,221747256.0,13813565120.0,154115588.8,23441500.57,462504.2724,602475.9095,514342575.8,25494824.42,639521868.7,9478340.97,166718828.9,24465742.09,7579444.062,489078776.6
18,4053216.498,314035.4475,60465968.85,10340014.05,60767115.91,725575.6638,63992333.94,172464900.0,6884408.277,573215.0534,1828875.91,2237147.885,15994889.24,17632544.67,327681.8214,22106036.03,3094400.219,2292497.433,92823030.51,119266196.4,112863443.3,78556.76411,68115755.79,787507034.9,4092394.271,83304271.31,1100561238.0,25309200.69,2159885.003,180804461.7,73260526.91,1787551.376,67781972.46,51828838.36,9574449.689,177096485.9,6463241.359,15572419.11,15171266.26,714826.7311,15477537.74,46702698.0,303329997.5,11893966.55,4106381.052,25989246.84,214997376.2,27420178.82,7526422.41,30330768.33,2923143.03,342503.2902,154742.3397,48565717.68,1957601.46,67777249.12,882956.7098,16859888040.0,224161718.9,72008361.21,1234837.161,819564.0207,12440501.54,7848414.645,141733492.3,7457411.407,198599.8911,19776104.11,841445.1961,5729952.74,2613576496,27003556.99,4672051815.0,11339645.07,75109122.55,338861.1457,249973.3477,1592148.79,2231980.729,264705.1312,597492.3128,4595898.334,29867481.77,12095407.94,392783080.6,292403846.6,2746843.034,250894.0495,23992076.85,4078896.36,215801.6679,2444692.866,609043670,857740.1597,9991962.624,4823679.344,6541687.29,5280062.538,265496.0582,755359.9357,46214666.0,868317.1772,29403199.6,32585487.39,306673919,438256183.1,140084.5886,1460556.258,8173192.533,138517364.0,566956.8126,222479560.1,325599.6621,96419088.79,101300207.6,5778303.561,184160258.5,5186285.144,1916493297.0,12448663.91,18379073.63,185789.742,27364837,471421.386,2893192.601,7155659.803,33463889.53,48452961.42,7744697.719,845469.7072,136709361.1,9894280.285,78176951.21,10964079.82,209339.6894,3772462.699,359359089.2,2344063.467,7402337.306,13754188.58,74687217.6,4567700.006,2355875.83,12977100.81,310890.0886,105527375.9,989670669.0,385700.1568,504394703,351145983,77180832.15,77830317.04,117033863.6,120724578.4,49274175.71,307301.5301,862026.1279,163850737.8,31967369.93,288637.144,659084.2657,1469434.554,47707382.66,368114.0053,657850016.0,119524.0065,1069593.573,14497112.94,15815759.74,1506901.0,1022627.968,8804471.63,15242469,17589959.33,3915292849.0,10926114.14,14034081.21,205101.2813,7489483,5568949.0,10015742.59,1138283.353,83443482.33,53322700.41,274964082.3,81623407.22,38100198.63,9464032622,674473188.3,163351026.0,10937781.52,7080243.2,4612524,3905902326.0,5089605554,5862878.317,26410938.05,33731319.73,16082483.79,656026.9522,118442790.8,51888429.87,21137799.84,152405382.9,5855979.002,128028.3859,86950778.89,2287156.112,110826591.6,153052870.6,1801371.419,18894160.23,37197499.98,9719167.06,88037978.08,12324620.95,11424163.72,159906610.6,15358964.74,7966339.662,14910029.92,20323501.88,32268426.75,11648812.87,25906945.73,16570844.42,179496934.0,164822.8186,1292712.491,327959.1499,26962286.26,2157350.985,2889217.407,5377389083,1431231.367,10349526.28,34549249.93,44503673.99,8013094.871,143728246.7,10185809.33,1953785.192,2120966.798,206608.47,648254237.7,10043469.0,3887325.589,35777631.45,1581554543.0,6043075247.0,1051686429,1771407.216,2242091.181,61540834.35,6885060.086,2734895.492,27858695.83,38594800.15,15970952.8,29633774.07,114971.472,1732191.867,13700417.28,417685.6748,121224.1992,20242495.96,17196319.37,535407.5578,447907.0978,7094151.027,4074653.802,9485419.552,299602.6415,103326914.6,127177511.2,1784742.116,38849424.88,31858305.0,50817191.0,3109735,17497318.02,650698.2102,31054172.59,17253062.31,232313321.4,47668372.46,17368986768.0,210479.4475,2491510.777,3252503.248,3826811.386,7089527.807,402776.1593,70294363.09,13411424.78,103147364.2,20869214.47,104053619.3,457420971.2,11229349.78,7344130.0,4011214724.0,120597805.9,5045705.677,1135440.883,276839.5209,113632857.9,5379659.359,7806755.051,16291079.02,47111490.81,26741777.0,4677087.298,901411825.0
19,1512755.847,16998317.1,68146725.73,39496557.32,3040292.578,991293.0238,4326566.529,30245946.32,23940716.75,4908745.649,35587209.76,6248738.986,2658231.334,13460415.86,5309627.198,1795628.667,12665316.71,795525.6089,263676300.7,145930500.8,88907401.55,80735.47264,39155821.02,1443043923.0,65824599.96,18015501.49,45649961.57,107688583.3,2077969.742,14585273.52,42027915.88,2023917.808,28159483.2,120882547.8,4507412.718,35099012.43,70260521.38,4866097.45,1555372.449,1160830.588,33628164.61,76403571.0,151347.6692,3395238.385,185067074.7,108208543.0,288837949.0,3690084.317,1146104.3,65275980.07,18588204.27,2472143.292,1151656.63,300118802.9,4908615.227,116510763.0,1484388.318,4805473242.0,168388081.0,59012717.63,997746.026,36691359.58,4733782.675,34431656.44,3548143.409,4461358.643,1503835.36,30574933.02,14113475.67,18194558.75,3453164897,220107752.3,331973118.1,392649334.6,221725090.7,2806865.538,239982.0926,261433.3649,52213261.07,3362943.055,1805817.455,11942592.35,30478575.49,107313939.8,349044010.4,163501599.0,2737467.362,281863.1135,14672626.93,7447961.434,9158088.048,4913962.892,875670593,1215658.835,6634054.494,47303690.27,5411433.618,10843817.77,374544.7144,2371930.06,14680006.0,1256959.304,14229339.67,924755.1851,234141331,773299659.3,436966.8773,1310670.067,19387143.9,99867390.55,73907092.3,77393623.36,791127.504,236186400.8,520677375.2,14397580.86,207663777.9,7856500.905,2714790358.0,16085241.01,72024075.76,195998.3552,1147547919,636098.9566,7761118.634,18916960.62,113880392.9,1141345537.0,17131187.0,1081612181.0,372915436.3,18004450.29,198272612.9,82306478.57,292059.5576,4473683.553,350078278.0,6163415.532,2106546.102,17482886.39,192766358.7,6785296.612,2260295.178,18506905.37,25473490.97,279691890.9,429151022.6,2308460.046,287827057,374767883,69354603.97,1346808467.0,311006638.8,163952466.1,35543907.25,13886394.12,15848462.41,169298471.4,18491597.47,7127219.146,1212282.38,289268.6399,4156000.552,730075.3552,1307879043.0,142466.1227,1179457.444,345935054.4,246975913.4,467441.0,28068301.64,4341348.369,41396475,18117701.08,5496155551.0,845200.4752,21466250.72,617434.304,27195797,7369976.0,30207303.75,3948510.933,100269703.7,151370925.9,1075049491.0,690353565.9,68873039.17,15873660288,1964128157.0,373250266.2,53337093.98,3274614.267,369443919,4298311035.0,20324738172,21805670.43,55490008.76,30537982.88,43004989.4,1436277.944,163546663.9,85186023.73,879635451.4,601556044.6,3051351.08,131579.15,17786173.08,7381910.807,126188997.0,767544268.0,14435519.23,51643392.58,274773243.1,15871523.92,356046541.9,6697002.267,13908766.56,193084765.1,17633514.8,17827923.1,14850286.87,6522257.297,125785103.6,20195208.74,325475773.6,17301266.31,357323581.2,290848.7438,887440.3593,1126547.384,62946446.77,320953.9491,2286225.352,5117473805,3164213.01,89054527.85,483585882.4,143049131.9,7723631.653,444026200.9,12427485.97,4051029.381,5037797.273,146714.9751,2078809725.0,122532047.8,4495556.574,7056088.523,2187151704.0,80976288.21,789551369,3064888.222,10919833.28,4833575.488,12014771.81,5231839.681,26330280.57,66268288.74,19614101.55,168199787.5,693189.776,5487017.302,36147089.14,473620.271,129527.8366,5764156.551,7945782.085,5274929.088,568101.2868,1123689.729,24352193.13,22001787.9,456816032.9,41019077.62,649252056.7,12271957.72,23024125.83,3499182.0,5853687.0,7720004,143163721.8,64225065.06,31096137.42,40939638.86,460952135.5,110889854.3,2250457107.0,5782116.581,1637272.001,982289.5552,2913318.719,50750948.18,3549691.813,196176707.4,31718854.85,154419593.8,25810819.53,84908181.26,1643635682.0,31365398.06,66832659.0,4616208214.0,1321503121.0,5533766.381,471054.9072,492288.4868,208087292.8,37490109.18,2066652734.0,36303027.56,52900420.13,41917036.48,5092928.488,204661993.3
20,1437350.066,1256233.237,44609665.78,40947591.39,3038428.953,387251.9842,422433.9462,60891485.93,13431988.78,5738816.847,253546994.7,10323162.1,5065102.02,75950106.39,22966516.76,19534855.0,29819409.18,2284730.914,354223605.9,42125538.33,42096015.88,75372.79763,50595657.36,1880657230.0,19511630.5,23222198.24,22817780.07,61429680.54,6678275.116,89121473.02,1447127368.0,898952.5235,28384706.91,158802834.8,3365074.72,18589396.23,19221251.84,8219439.99,9781469.466,20868221.37,28937908.37,107705579.0,741491.9868,28349386.23,78411244.41,62181000.97,3035001361.0,42890576.0,1721609.793,126353938.1,21215465.8,3337675.316,15103763.36,239043328.2,16629896.29,506076840.2,3703929.1,15382474722.0,47293148.5,107282830.8,1805633.839,24106339.85,12818182.58,19305434.66,4891011.14,1980201.805,936620.3754,55554587.06,41330564.83,25789703.16,662945572,59563396.31,2103412949.0,229987148.1,287447100.6,4268263.401,106498197.4,410619.3112,24719913.0,16035878.34,818776.5622,24117614.15,72513340.37,19906438.21,283354898.0,87805869.83,9681618.189,438983.6819,19478262.59,1919960261.0,7336931.254,5561024.084,69480939,1111750.808,18745127.83,34408044.21,8403779.377,115184444.2,2027974.159,4727891.004,32983772.0,4001827.427,42361205.65,11684324.84,7005986,435274748.2,226846.5568,1181037.6,12040120.77,256544491.3,9531359.983,49955409.46,1992584.937,339099529.7,377375929.4,6140931.416,677275593.4,5314844.333,983007488.0,23736399.5,25431789.9,190143.0253,453674194,517961.8128,5894679.173,63354685.88,106666662.6,106492538.4,13802361.99,289259271.3,301916393.6,21831769.09,126460024.1,22721231.64,194262.9055,9728599.652,701878511.5,9254648.557,1586505.421,41354450.29,119595615.4,18549355.84,6200276.843,54243306.44,1393560.229,271796560.6,331683530.5,391867.6398,12696361,1998147,3800892.511,300881258.0,80494845.34,143380017.0,40498802.27,16220317.9,1047209.106,145111343.1,25860379.45,3014557.608,2022749.823,277434.3578,388426151.9,1221240.277,328419473.3,146035.3737,1323722.057,112576646.4,13572450.1,40853575.0,91982756.43,5556846.287,13217158,3308786.557,11870195700.0,3222942.167,29626030.91,209036.1682,9440632,7043169.0,10694275.04,1302049.709,64237159.03,349678824.5,1216863331.0,371815269.6,260457858.5,20926319852,2655962868.0,685252629.8,135244856.6,13990834.5,818937675,54908301791.0,11534326985,46439701.3,52294277.21,373890215.2,54268960.61,989604.8416,776802518.4,125566481.3,140963552.7,351938225.5,4142470.738,122839.2963,66806167.35,22815663.08,177435797.0,130823500.1,4424417.402,6733493.482,91389117.4,5035870.823,323260079.3,13642828.09,2422161.269,254839098.9,12858345.23,10006263.72,13192896.18,9396850.484,42379769.44,49731560.21,154362013.4,12079257.75,168820002.6,56459149.34,695490.6509,2366492.843,51322921.06,419033.3107,1658579.212,2636409515,6726162.993,37093159.25,17494941.94,70728780.07,1320397.183,495041485.0,22436031.02,2974905.079,864438.1035,220183.5443,1929391192.0,44256317.58,5804356.413,55092077.86,5048407993.0,83543631.87,197982319,2547097.218,7693514.594,11121905.36,6331519.066,1743145.215,22930725.57,79152122.22,10369775.02,109761902.3,212363.6358,1928165.478,22312791.86,408308.6691,152172.9673,7647390.038,25974975.9,10438382.87,12379884.93,7669974.87,64540391.86,10561117.51,466620.6838,33712201.06,903506960.6,28149776.82,50556708.85,415441.0,138973.0,3109735,175626998.8,139095162.6,74356089.64,116521422.4,183411101.1,12111040.17,1291783659.0,27991257.42,896297.0393,72141541.42,1677739.127,21734124.23,275021.7182,13185556.01,27677467.87,67203304.43,137025600.7,59652743.85,2369829579.0,110877086.0,11795068.0,15340733220.0,590501085.7,7341609.159,1638309.665,545200.1892,190924815.0,2315443.327,17369722.18,71324896.58,95724255.44,73639956.85,42466119.87,326781509.0
21,2613029.121,76251530.57,76857460.44,12326512.2,1243189.704,2564874.366,71841563.29,639410.3438,3214688.695,4881557.078,3824993.237,2057145.486,145174.0726,6786000.907,25517470.5,5651533.729,7584435.362,2091763.789,50153770.67,91911004.09,78871863.07,74062.00098,80903305.26,1328218122.0,85631108.32,25760712.59,76678005.02,359760008.5,3416329.587,350889256.9,74219583.3,1716498.435,37600537.47,4673754.812,1495167.066,43003143.61,3388793.613,5228720.303,3718335.857,8450169.366,29259469.13,6640503.0,151555.4261,3988168.042,127843168.8,360426897.4,45795560.34,4749303.077,2291997.435,61158802.68,228531553.9,2508273.396,6268834.727,159107783.5,13382695.86,130143188.9,11144577.18,8879366550.0,125211919.0,16505258.53,932137.0136,746532.2854,71726122.71,26566006.31,6153603.46,3682112.753,367693.7352,26422770.1,70951200.94,6675187.816,1549981534,272616443.7,161005244.0,41543632.55,41654071.17,11236693.49,281277.0787,183477.7735,28287594.79,1174414.614,118332.7363,35339879.39,13966379.35,164458342.2,1373117897.0,122627125.0,6464863.241,356653.1236,19612781.92,12147625.45,3027682.935,24352405.58,425372030,2350218.959,36378380.69,21480884.55,13376176.61,619992.1207,1926059.827,1962492.861,32983772.0,4653900.023,26873286.51,1018606.573,71149128,557251050.1,193175.4156,1826681.553,15879415.76,106358824.4,74536324.96,3048347025.0,759342.6424,43295250.85,104723187.2,8631550.799,167742244.3,7540179.446,2712040387.0,14904354.18,37669419.03,332610.5686,1614452188,785470.9161,742591.6892,17506609.53,41608177.1,161020041.1,20890104.11,194622771.7,21748759.46,5437803.652,137060615.8,38040942.6,709670.6286,4584112.94,1449860948.0,14981331.31,523919.4381,42389735.87,114375765.5,14456482.47,4041852.244,24451545.43,2451224.993,940047563.5,133758052.9,1145045.399,21848220,3425356,796958.1229,884023607.0,242097923.0,58895113.51,9396143.939,942558.5374,2022997.946,142688046.3,1307147.985,4499016.481,4179671.778,256269.9393,109858356.5,1093996.213,868794115.6,155411.4121,113962857.1,952665569.2,28695186.08,931637.5,259215890.2,15685884.3,39105023,6151399.375,8796564991.0,2031277.581,1936264.276,350803.5417,26758558,8014887.0,13474706.62,630419.5342,76125376.17,123269936.2,767457632.8,478412459.8,102471010.9,13379508639,2917231185.0,723218128.8,23279114.8,4951002.136,1228855321,7307567116.0,22492856871,26463861.92,72171016.4,476397647.5,25299100.8,1183650.124,486535919.5,8443080.445,378891463.8,836137319.8,10954936.38,120864.135,21207382.1,13374783.46,66324995.87,65727252.59,15291530.05,34074240.14,115714660.3,20680591.85,277253020.4,5438558.161,8985627.36,4294896.6,9369354.981,18464689.55,12538894.48,8646441.006,19925709.78,26973918.34,31411111.51,76416691.65,179219029.2,1100756.607,987767.1166,1001613.506,21157524.71,550824.0995,8607230.542,5885010760,5365081.287,130678967.7,703673406.2,16856210.69,2701975.734,263347590.6,10085433.41,154810.786,1344599.31,180287.3533,1569025689.0,12173899.78,4704536.518,74593491.39,3261454197.0,63164543.85,513607234,2879984.727,61334228.03,3813082.018,4049627.912,1744908.838,28613557.02,98431689.95,13645662.94,165629659.9,678305.6461,11921433.89,14900828.78,3817789.072,146921.5892,4666112.376,20157344.88,16117841.53,1487838.502,2990048.515,5079637.709,2024519.697,252977420.4,73544733.5,402601498.7,43870111.02,562982.478,227250.0,1336043.0,4384479,289936.0468,33694706.28,40562902.57,101659545.8,216805325.2,323371551.2,1841357550.0,14122233.4,1231100.834,2757033.118,1746498.301,46730649.5,2805238.061,29578478.37,5151386.852,302813919.2,32937413.02,41299267.83,2064940187.0,27368234.47,61942523.0,8856468658.0,1645721127.0,18187726.88,748721.7489,453215.2428,263238432.6,5173833.484,17658978.71,9570473.056,115450219.7,100761555.2,110174175.3,496667250.9
22,508256.0531,792260.152,55775447.22,44508537.79,3194705.246,3200271.175,32742779.72,24361289.86,2321898.377,2270925.456,25444936.17,10894039.45,49988089.0,136138368.8,2351353.009,15613548.01,2262749.176,1973545.062,35219306.51,31350959.93,23059499.77,84159.95154,134115028.7,1015322223.0,56624077.41,60917436.86,106911174.9,135247249.3,4670957.277,474274463.3,62877484.08,1096874.371,66050028.48,3291704.201,2623151.252,42953484.23,90033788.66,1774839.478,13763120.7,4810957.529,19371625.19,18081870.0,242260.6962,6846537.796,468920900.4,136033671.4,62520844.45,19750456.05,2250331.01,69994113.46,333344918.2,1001588.276,4018427.771,164388386.3,2803345.56,218555617.8,8019708.169,7133168071.0,428471500.4,9133531.66,3025944.396,299255.6091,14134486.04,32570924.51,4035875.635,4777350.598,2113866.186,34143939.2,48996304.67,7451851.563,1819046639,85791110.94,2343584307.0,188437990.6,32629470.23,3516723.615,546218.7294,806699.1852,7853532.193,24850231.08,166593.9245,44609325.77,25486397.18,51328880.09,4233495348.0,227681611.5,3921839.443,660022.6124,6428093.755,295096425.6,217528.39,25740192.23,332578877,971262.238,34902096.1,28424963.71,16546431.77,3316789.272,2005706.021,4902466.517,32983772.0,1787958.233,37221566.99,921696.176,44947439,667655380.6,143770.5696,1106604.352,9283764.435,134734688.2,9474413.841,47516703.6,1983032.881,56867648.62,2995557.623,8598980.698,89047810.57,5295967.675,3994454296.0,19827087.23,24467065.02,245683.6012,1018889100,648583.3379,1150764.866,37857856.2,1873660.934,1357374714.0,13189080.19,163127070.7,18818719.81,10090250.46,165028403.2,11478255.64,419654.1834,14840743.46,51219908.3,10799988.39,665688.8183,13491005.07,153377196.7,2321868.973,12227674.96,49290569.0,4726528.162,320491640.3,98918421.29,379329.9734,6684763,806636,679138.2948,775629560.5,240570534.1,33406625.59,3293973.352,957929.3633,6382610.409,115167098.3,4898531.613,16478515.29,8722390.619,910973.8962,333270890.0,1540585.873,946798830.9,149339.5679,3787388.035,984955824.8,13373378.1,643382.0,30779171.0,8100015.665,50206520,16103738.8,10099689854.0,9264734.755,5075617.06,308993.6924,40928649,8975556.0,17475107.66,2471095.959,47210026.82,166861121.5,1549444920.0,472910982.4,116597104.1,15488746863,2974376447.0,1011701116.0,21851922.44,5452941.818,980791009,9112050987.0,10522162134,41343733.22,102213608.5,122141147.7,28979529.29,1111973.325,583521235.1,20042979.34,1454198471.0,396489583.6,3642586.36,137160.2163,20558660.06,13901954.59,90263068.24,38846096.17,6276458.634,23731325.13,141822062.9,21447359.02,346896219.3,8018730.714,17688090.09,485498540.0,13341075.79,8558767.609,7565587.21,7363518.822,42748315.26,15813188.38,23118638.17,388040756.4,164175135.9,227706.2896,592310.1046,746655.0303,10145275.04,533114.0184,27341782.71,3126230000,3176667.753,142092921.6,614165845.7,22089060.09,2730379.409,161846804.4,41138416.49,1326889.093,1449192.552,4910815.424,609990869.7,4384198.474,7178788.985,34731913.49,3366147789.0,42037275.55,419675585,3993172.183,9797525.411,12512250.73,5513181.259,122994.8914,10441076.41,87864124.56,14504469.17,146452443.4,760032.1637,8681567.449,17433505.39,1293172.039,202125.9812,7037408.115,31657178.0,13948052.74,505960.7361,4265913.938,109902704.9,21014064.3,33552291.53,106333875.4,267626408.3,17532719.19,759262.5669,95830.0,1336043.0,158879,733206.5249,14954307.62,292287676.8,170595304.0,83244099.82,379747294.3,816295414.3,281155.4196,130203436.7,18252707.33,3969618.161,31255102.66,558113.0401,87106786.43,1608112.377,42167434.49,10823303.99,15104955.7,1788080796.0,144090498.7,49329406.0,6348299834.0,1814669158.0,14717440.13,1268393.053,609427.8147,271692310.1,1014897.645,2295344.66,15907095.58,79233118.75,204393957.5,12335839.95,1033254495.0
23,1915884.955,6759889.149,320292368.5,274024657.1,58495496.48,819162.236,2333469.906,118225356.5,5716873.939,19507231.54,13470379.7,2170011.966,56559352.02,253775541.0,5631185.267,42258001.34,636499.4215,1517434.434,478249412.1,61682014.5,52425844.49,79637.84189,250118191.5,699621862.6,2035612.751,191633448.7,71143709.07,84723387.7,3100630.438,45147066.77,331177087.9,27165305.55,26405301.65,96807191.95,3193172.6,147825560.2,57261693.55,1669667.764,4725090.347,4961843.013,52696250.45,48735406.0,869918.1911,6067742.591,128838312.6,85808008.21,4737529553.0,7281553.866,1067599.337,31249215.41,16662472.54,22249228.87,2944692.554,230424000.0,7042509.061,105008778.1,11192796.6,16022185875.0,52248366.52,23000155.58,8289723.838,4300397.946,9335457.428,14803278.01,56806752.37,7848986.99,1134463.696,13624788.89,154904445.3,23227310.3,4898211463,615184436.3,2574681861.0,2090956035.0,161770811.0,459364.9802,289885.5816,678204.535,39971419.16,2987793.651,80944.01413,4963932.117,56108368.52,19693615.46,252104477.0,89336569.45,4028167.838,413273.3593,9416241.024,3319910.829,32527222.89,1878699.258,1273494529,2295781.62,16570282.29,42615834.58,7665118.73,20032805.12,1394323.337,11655901.16,13102129.0,4641381.318,35379552.3,37937560.89,34382140,921561179.7,119370.7566,1724719.683,6777380.207,124102008.5,110969153.4,1880191629.0,3521556.636,260908739.1,446939842.2,8723280.986,1467325779.0,5316659.451,473508179.1,4849299.323,103233093.7,209275.9327,639602379,497684.7604,4283845.701,41820231.53,12896649.09,472876084.9,7682536.497,77834526.89,485698065.4,4592175.606,136158980.2,2007399.622,2742388.151,2940177.42,743922264.4,18316344.97,1147279.224,5197985.297,166287748.1,7535502.729,16696227.61,228430021.2,9316551.574,329877909.9,1151474628.0,3277326.115,19371183,4924583,2171237.663,598582674.1,76507722.26,113239123.6,22431881.42,459231.5759,1568359.47,218767331.8,3183058.787,5057222.436,1207767.456,1549238.287,400738656.3,5922503.208,771241842.9,107563.9137,1217669.621,309154558.1,15231165.98,1822042.0,417847655.1,26014752.08,26728835,26426608.96,4095627873.0,6075955.685,13798562.76,345852.7234,25381207,8562259.0,4183412.011,12395775.04,46593655.84,114731026.6,270196871.5,244642835.4,37020461.86,6353488162,925450568.8,77651417.04,11722536.28,5906050.055,388730306,6537356856.0,4465026186,8028615.443,113220709.7,60077304.1,9783507.516,3862595.353,122417420.4,56560503.94,110816233.0,284865131.1,913422885.4,129790.2793,73426776.62,8248984.107,136419290.8,687152745.6,6510791.503,39692317.54,212715901.5,11004703.0,100925830.7,1247663.119,22225040.85,998379306.4,7562746.15,9720525.166,63957443.96,11583425.92,38161139.99,9569183.54,171597011.7,43699510.48,180126289.5,149871.0773,906818.9216,3191738.703,29407333.84,699686.3445,1273792.093,4585688253,5346925.099,34850292.1,18381210.94,29172913.83,8610769.012,343260901.6,77839560.04,4873240.07,10826605.0,127493.1865,451812023.8,80078300.37,10745063.69,26663766.52,810248451.5,25152406.09,2688324827,1885612.536,42206048.49,66637839.95,39511440.85,543358.4461,19541988.24,84805340.13,9886485.477,93110267.77,878864.9362,2147847.79,15593044.46,1717875.265,135963.9484,5013983.035,51437965.11,5292569.551,538707.5554,6761706.95,9498046.366,8111153.844,6170229.221,32825693.35,344160549.2,65974577.43,41685538.89,539025.0,885296.0,1872516,148651258.8,4067067.32,16237576.61,15701990.46,273633562.8,86694909.78,16907640099.0,15967194.84,30705476.62,11793357.44,8295533.002,81834330.58,886142.5369,115164157.4,26628476.79,128047894.0,9454569.836,68234576.4,94712332.63,5957476.456,203508826.0,6573839245.0,467278475.8,26470680.02,1019368.373,451618.7824,131571065.5,479361.8105,15174460.75,55312865.83,81842741.45,59501839.89,6933499.945,358739792.6
24,676887.5677,1034675.385,77110820.73,30723853.87,1358534.466,2035402.541,264869.7031,11389105.89,45362231.39,18534790.75,27405592.01,5894759.364,3038647.579,101271895.8,23621888.07,7199753.482,4307084.724,1455151.261,73533574.27,43200220.61,30895282.07,83428.16673,114685674.5,1097603357.0,16334099.17,53857049.25,30581089.79,221134643.4,3239923.51,36270183.04,339291144.7,923825.475,17324778.21,3760091.648,1050656.688,73613052.29,5263326.536,7625460.487,2331281.591,14314993.03,15734013.33,19317628.0,148908.8186,4399240.338,99609767.67,221705006.4,79063127.51,6563778.909,2637611.485,75126520.04,26805689.69,2386530.217,11201287.49,121175210.9,24679029.92,106689149.0,10754220.07,6412864502.0,65322514.59,28739873.31,2254963.524,2215266.56,12130472.56,13811065.06,3799311.613,4319207.332,516276.7066,32484228.84,35712977.85,13262014.56,836002912,99115856.46,1085253974.0,117944585.8,34015597.39,10001396.73,447831.9507,1206739.319,61332502.79,15563494.98,6697561.407,4222132.057,14891637.81,22383929.93,349419758.3,86839010.01,10947869.04,507016.8333,6400426.826,34501139.44,3322486.156,3180203.777,242797796,831559.1724,7425871.394,6526268.37,17760505.26,2801992.257,833658.4655,1723899.769,32983772.0,4174629.846,153577539.1,20427563.75,319590513,418553561.4,146007.8273,1448694.774,21789484.74,289154422.8,1473786.527,98580164.84,218664.827,82999984.91,140564865.8,2557271.774,480576828.3,10211349.31,2632672514.0,16034355.54,31633010.91,209543.2568,1083437232,1852513.73,1260394.137,54918900.65,86927076.31,532125391.3,21621079.2,143825105.1,40492341.94,4312042.265,742342818.1,9670097.175,221834.5735,5364773.564,77932717.05,2322088.111,648711.3775,24004259.57,786184507.3,3845351.409,5847958.235,19849510.75,5536902.299,130126884.3,253084379.0,400279.9681,15846387,4691726,21586586.97,583874906.3,46643344.02,28676472.61,6627799.593,1191737.7,1388807.814,153174083.5,1691461.659,3827632.876,919633.8444,237968.1873,84439485.9,1202246.619,494115066.5,152687.7694,2074127.47,301442400.9,15248986.7,845145.0,17326390.96,8228564.253,18709575,6281518.925,7924095239.0,456427.8162,5970808.685,773868.959,13402023,4342144.0,5085571.115,1596437.116,11920099.68,604875153.6,1416840819.0,231687295.3,169795391.9,11448505756,1741507301.0,1182465389.0,67040597.13,4554321.314,571737582,3997266938.0,17915850801,27447745.55,71277291.84,127618102.5,27360025.92,444448.4072,441011115.9,22499422.18,1111219695.0,164267099.8,18294863.29,135967.5854,95584973.05,64453071.9,135253357.5,36510540.89,2431225.642,4478542.867,88095762.88,2445372.916,115548720.1,2748790.509,3486957.589,159378277.8,4174405.546,11358396.0,3663019.876,6685122.303,113144074.9,27723047.04,406854669.7,12627523.98,299648645.1,190483.0225,753446.311,272680.7236,33659688.54,287317.4432,22468788.51,3518157431,7845943.165,96911133.4,262520413.3,242640695.5,9474919.918,308187061.0,7949104.104,1440445.918,31306751.92,18155122.94,2514417007.0,20200655.43,5556388.441,36948964.29,3954243001.0,34061426.57,312573662,2266193.4,4110074.77,1386473.31,5835999.572,1967943.734,33553686.29,47853233.15,9214519.57,65897070.82,276157.5882,4947542.435,21111665.24,424976.1636,117176.002,6384450.949,7933870.148,8475796.413,511372.4079,1776402.631,181637690.3,1368064.254,385030.5723,33837111.72,934851058.4,6601353.444,4163775.027,487638.0,57942.0,93953,62669677.52,10922030.66,20687418.44,67762856.92,130350966.4,135224220.3,6697684963.0,270371292.7,1127855.082,67553449.89,2890356.073,129674240.8,376723.0778,431450913.9,1934195.676,79487734.45,33825230.5,7719247.038,1087779473.0,46061487.19,2854906.0,7506046931.0,396467226.4,7934548.646,964274.5009,415329.6221,143694617.4,2789262.172,628834.9972,27532710.89,92029366.43,48753710.57,9703200.934,1044100831.0
25,2132266.332,2979062.044,40122003.22,47084013.8,18485111.94,804676.3684,3444920.486,75374049.74,3138656.855,2279316.599,6287738.766,6449511.821,10930904.23,119309545.7,5113392.382,10834495.46,10267931.31,929999.9798,288560967.9,30603008.7,25397830.62,80914.43734,222725594.6,1489166749.0,51860795.47,84610833.69,836625742.4,276273435.9,3192811.069,256639015.0,229528949.9,2116292.503,46457839.82,101863500.3,71271486.81,51198906.83,48680504.55,2254284.385,5697698.502,1729234.208,41265107.9,20768498.0,223936.188,17592377.29,341004027.5,277616000.2,1692908321.0,59491273.23,3106736.598,156335735.9,30964937.97,8708437.705,626593.997,688414318.8,11184104.03,194860562.2,15919194.07,24491607378.0,352302459.3,45117069.6,3759238.904,3576859.744,25534586.95,18696800.08,30289752.11,1963490.389,299275.8878,64924503.41,118130468.3,4492614.725,2050432705,231205408.0,6475049434.0,342143895.5,123576404.5,8911736.864,221060.4071,278847.3159,42458803.44,900212.7277,94907.74311,12800518.91,6552250.589,46773517.51,1235978104.0,106356505.1,4514914.052,262541.5648,16444652.61,8244117.173,288485.1855,18957269.31,471976851,1683496.592,13799175.15,14994229.18,10641740.3,1895227.814,2910018.862,2506143.82,32983772.0,3458954.939,17200682.32,10626115.08,22439034,339212285.2,145077.4158,1863509.559,8187886.872,729733870.6,5843013.279,39039775.39,342260.4582,114216906.5,290670365.8,6161561.835,671925748.4,15011399.68,5399313293.0,19551062.85,58646300.85,199562.2234,670668085,543641.4504,1559386.27,73219919.92,63663317.26,107225033.4,60546700.34,457167920.9,12821369.47,23099675.6,262272363.3,10980158.67,287555.5143,6619774.913,1140477281.0,3505936.28,145631098.8,113555301.8,250013887.2,8489690.823,24735815.11,32200406.37,844488.9951,460881516.0,67500702.91,74743244.52,8747700,5845302,7209013.47,918709176.1,337379210.3,95218399.7,13580279.86,727670.9693,2413736.105,171723956.5,4567522.142,10935707.73,8822378.708,529610.8934,8781709.281,2054713.178,966469533.6,128971.8555,4112528.604,67994490.3,11117293.96,495372.0,36753248.04,9012653.064,70091137,29527711.09,13232644383.0,287458025.7,5959810.332,210166.3,72172594,10861035.0,65820729.18,89129761.81,18865993.04,651831335.6,821343297.0,746817092.8,260448632.4,26578537526,5379597115.0,1088200822.0,43789648.2,5594310.291,654124312,7841193275.0,25973094506,91638434.11,95772820.7,30317532.25,59412734.9,1794504.59,385803856.2,22197095.65,91407475.32,298033813.4,586884562.5,131870.8189,127959371.3,37331188.14,172651076.9,60542182.58,4334393.222,45675797.69,652995408.8,90788992.43,419980282.8,14434499.4,3060092.594,1405628903.0,29500753.16,18827711.44,20577500.9,10305670.67,116061802.6,62360793.76,17168320.71,45944125.67,321168054.0,231748.1863,3525916.641,1023304.942,94949079.77,1425190.867,10306887.35,6365325703,3259450.541,290892675.9,994706203.0,19555063.69,1506074.285,530525468.7,15668733.57,26192635.73,3376214.627,173059.8527,4265323004.0,99110247.14,9535260.094,19079358.94,8411445197.0,21413524.43,565051156,5612702.909,439358343.3,24169398.62,12143658.91,2007848.258,10072534.56,98295530.92,18464374.85,188840979.9,157928.3932,5295910.454,10132707.68,564580.9956,144007.8447,6975553.812,5605426.017,8476767.29,496800.9163,2470122.337,1134386.69,917307.4557,13974804.45,57322164.72,1058270036.0,6383499.693,255021431.8,313703.0,283379.0,8158387,73612387.73,56997305.32,171162981.9,248075218.9,211627347.2,128655876.6,9021009345.0,99979548.54,3767594.579,94243959.42,13897508.03,24744215.21,298944.6566,12479427.59,27874210.18,206266090.9,29566397.38,17187021.5,2535379496.0,43986129.29,6763442.0,15943096151.0,2787240578.0,11318651.13,957694.4401,229785960.8,355338503.7,3866988.614,33219238.34,78427051.09,38882799.19,109644347.3,10985877.75,2554764769.0
26,943595.1921,3361785.344,310823658.2,48112445.56,38722916.39,199259.3296,943842.2304,221076786.9,3347763.532,2102793.451,4809550.426,12473418.1,3650171.53,44157164.97,14027395.74,8422011.933,1897944.662,2748737.332,337446558.9,48609245.01,9545873.791,86752.91777,64899929.41,596216030.1,4346221.182,104406416.9,337470617.4,3886651.545,2912477.129,975377.8495,153758607.8,1030376.889,10779488.96,2018647.336,4694423.398,174616222.9,2297181.12,1132042.061,3049302.138,1051331.311,16241547.42,3371248.0,209721.9404,7137925.609,2049704.133,5498427.519,48805336.39,3433875.103,1286836.626,39571400.26,787256.5554,3149215.69,859869.0455,180670062.6,1971201.428,26755962.62,262285829.8,12233186266.0,10563441.3,22134635.17,1502285.116,10842780.47,6042531.948,24963576.86,59565221.35,1015002.204,548559.8164,66211293.51,1334580.776,16286162.14,1262150834,1642004931.0,993954532.0,30576633.17,24617145.37,324160.64,253076.6127,425595952.8,46667839.89,389465.3865,461868.8132,6877320.946,27081681.27,13780475.18,682083979.3,38558070.18,2237336.782,351802.6919,13516538.02,6027793.734,1474790.831,454199.4705,644224135,552486.601,11674663.62,140588698.7,19679536.06,29957883.84,276604.5517,1360613.748,97321157.0,757899.264,39562857.5,60618388.42,622603529,1266255126.0,132976.0847,1269324.803,3711825.306,839266184.2,664584.5862,4572271383.0,14555076.32,37909814.07,151211761.0,681054849.8,140878916.8,11105890.56,1028988833.0,35380042.43,7611865.022,80197595.06,48847227,412980.8318,15634051.98,45337062.5,62522950.07,18746253.79,114677932.0,1097250.642,256273254.0,58028701.6,848437843.8,1411812.489,10172930.93,978206.8298,4150045.351,20489165.76,103626031.2,8944001.891,634413655.3,11088321.03,628037.3578,6246145.047,606797.89,1290204198.0,708016268.2,2191030.485,399815789,70307124,28946976.24,291832858.2,32367503.81,46662307.93,8580402.936,1685153.709,1974509.121,179108228.3,448322.6375,698230.3747,17762477.27,1262404.062,343120148.4,722662.0458,230479663.3,122576.9445,641279.6347,1842154.373,725603.6706,602755.0,4636868.251,15869837.9,50071,4376457.526,3899032910.0,48039419.64,1569583.673,6291996.315,263591,5741811.0,1187226.713,771390.9993,17841699.55,814513249.0,420440210.3,126195335.5,24428591.86,9820791810,1081584663.0,561695659.4,133490028.6,7968031.484,275400,2492137155.0,17136638334,7278181.117,21945229.18,526696491.6,6569191.298,9634578.056,40250021.91,3605887.269,19696135.75,33258436.5,64621074.68,141386.1195,75217731.13,120141250.4,48257775.65,173982242.2,1717222.012,7338655.313,161833390.5,13329335.13,180803435.7,14346182.63,11528128.54,362989191.5,1454008.612,14313579.47,13407864.1,5572820.174,626738928.2,3778760.843,486290903.7,11618991.12,599944217.4,205288.988,526384.2217,373560.2256,4891184.378,257077.3933,544170.9881,4370051232,1116197.011,47126405.54,111704441.4,22771147.76,267450194.6,60721633.89,32947093.14,24586397.41,47151815.99,445212.0149,503152573.0,72955324.45,4555467.351,179253979.1,4718190036.0,634461832.0,65743376,43110053.06,715820.9777,38726008.38,25795827.95,1776574.819,114162876.0,32435002.06,3239970.157,64924405.13,39148874.45,1238249.735,5533161.617,56338857.88,251978.3555,15555304.59,15288424.27,483785.1227,471265.7724,22991245.49,33058611.76,2108636.836,500204.4014,19842752.41,11043328411.0,35277122.88,108410142.1,70329547.0,47296083.0,4011843,92260730.22,282058.3836,6662367.486,20926595.42,124525335.4,12946593.68,12949796362.0,204411.3802,2092808.861,624409879.9,1876584.478,6120050.325,1237515.974,12222340.59,934254.9655,12200319.3,344631.2652,15978486.06,58722135.36,1689650.122,1108557.0,6775364191.0,302453527.3,1814262.093,179580.7679,321215.503,5095568.971,2387540.685,8897792.824,53921041.27,302369443.5,59935389.43,22166381.67,672144569.8
27,889394.6642,18443608.34,102319984.2,155490835.7,80536678.49,6857910.089,10345956.35,100332919.0,34103172.53,175719209.4,195878317.4,4417176.586,2859448.499,30617417.42,10887151.25,17486940.46,2071026.51,4051978.583,202139182.8,60509802.24,118683709.5,78951.66355,532717490.0,851714222.3,33429796.96,278339365.5,112956566.3,162782978.6,5232623.821,37101939.39,837926238.5,1347779.313,13462677.63,95557236.15,2875984.418,87974546.47,47176473.48,19990672.83,9628982.31,16665502.64,43818732.88,174497960.0,169055.2893,11902999.48,310394984.8,163744865.2,291330027.7,12210730.42,2153850.352,34307957.61,17378111.23,1846115.718,14297785.09,116500216.1,31250427.39,240592906.9,7085380.492,10388148763.0,23197899.65,44257590.62,918570.9672,15724344.05,4500082.305,43441409.58,80085134.66,1925231.202,12131763.3,16952506.18,3702775.426,27999640.94,2758762198,475716278.6,684915459.7,303893297.1,101905664.5,8657995.1,69946376.08,171229.197,2981937.586,5605098.834,724047.9685,9092360.171,16517721.43,59758480.95,902678480.0,57423337.06,10541980.0,489367.4694,13613855.62,105841765.5,9913802.777,5909634.009,709277341,2476459.424,33101776.45,43597807.29,7628371.008,1892268.896,2984587.721,1954410.332,5389042.0,5431829.084,30394273.32,15810979.31,76983035,1012949999.0,72917318.05,301393.1221,18876187.1,254216858.2,96335425.58,43993008.16,243179.6454,232696669.9,457423898.4,5796334.602,1593236381.0,6557342.921,2487819613.0,11287875.42,10822587.88,169704.1351,486758936,494234.3163,2795312.757,106050964.2,1975924.077,276457708.7,9049283.88,138498531.3,92382463.29,21846289.29,264820452.7,24331264.03,253295.8094,37016975.0,1230432853.0,36871912.63,11488687.03,30846072.06,252901317.1,6817677.724,11567828.31,34849247.08,372574.9273,136188863.4,176573646.1,403128.5139,118078952,199261395,36840284.54,55208776.71,177827625.1,93270028.1,18360590.44,410775.5835,1024687.501,218288305.5,6498079.865,10820657.28,4152399.763,1712222.716,3468299.2,935845.7061,1267510254.0,137929.9453,3163992.429,107798712.3,18542555.2,2809018.0,234370004.3,9917967.984,63654377,7510799.38,5702856284.0,3823955.979,46489299.65,172819.5662,54788633,8097063.0,49517855.23,1545766.472,75296130.9,57844097.35,634526763.3,138390464.6,77523315.19,13857599327,522135357.9,433792730.9,14024637.92,41270439.16,234411124,7029836170.0,14814370668,11283068.99,30474100.88,142799636.7,15448396.6,287699.0197,224414738.6,194485686.2,195316362.7,258231408.7,15147058.3,128671.9758,26528461.98,4787379.302,94132684.7,20286886.65,7352459.672,19085740.52,72298778.0,13337219.88,238732418.4,19881092.87,36943452.07,157535921.3,11489284.18,22285207.98,11157530.36,15632131.44,136730170.5,4972526.316,395343846.2,60881002.2,347811217.0,175712.0542,361414.6465,2991283.595,49249738.68,1031809.152,1712115.862,4638116082,16093641.34,30519861.52,169383157.2,182431041.4,912454.2136,597346234.2,53433514.69,1171615.197,3228582.868,266474.6377,631451415.7,933781.9618,5335003.924,43273353.98,4146218076.0,20569618.18,1075976368,1544179.191,3984342.645,81017581.3,31013427.21,291791.8095,36290785.59,176861667.1,22903888.65,70070613.05,745885.9934,2353600.583,96646492.16,1059834.193,165059.6434,10866055.43,20815846.92,2061160.875,2296261.723,2329010.157,29679908.98,5810428.884,143523459.5,26012941.22,1387705510.0,78931113.91,3951492.565,12819042.0,36011674.0,10104304,467466.0977,33605034.15,220883921.8,33508351.12,458892107.3,326997518.2,3579294293.0,31553387.03,3085277.501,7270964.503,5560942.509,80396228.25,822733.1099,54267968.53,23956327.97,130408269.8,162862559.7,26813273.2,1982487446.0,2366263.432,91734707.0,6936933308.0,142728145.6,9721057.722,1187549.735,566504.8374,258516575.7,5447995.436,13281999.55,21810332.76,143171452.8,75332682.88,383126156.0,257674069.5
28,487191.4876,2446396.505,81283897.74,74632192.49,11721195.32,547125.3813,235496.4523,41619474.01,4233314.867,678087.6028,230517792.6,4832841.882,18274282.47,111877355.4,18619275.28,47376911.35,11670118.54,2875842.726,93815999.25,51728102.72,28914125.48,77341.65195,1258343219.0,1006803262.0,15648615.55,473771823.7,416011596.5,17622551.23,2893191.278,6298973.034,348264884.0,1576898.906,41223905.34,208958739.5,7609527.726,414393731.1,27670908.3,1874321.878,1484206.768,24082670.2,18760033.88,109133916.0,131665.9154,10154678.97,230740009.5,23424818.62,2389230072.0,5575316.467,3868793.156,44341407.37,2460950.184,3440866.293,22923580.43,693785912.0,1409619.257,71714966.01,5100180.85,9156770656.0,121478569.1,9706611.927,1433370.709,244311.3187,2672723.359,17702679.85,21677135.75,4002386.267,393951.6424,30301284.85,5245926.68,6985320.493,4817272190,102343488.6,5043197922.0,155964061.5,55635003.29,628589.7491,1336113.018,192985.4151,50367999.26,2713526.206,82835.75605,2684522.148,11799377.57,20123396.3,257142868.6,775257867.6,17431555.45,244234.3933,15898971.81,1135802.633,701794.0631,4299904.529,854319487,421504.0621,10649156.09,23434619.32,6693665.124,5558786.59,225485.3427,3287279.502,5707343.0,1179416.237,3665746.169,64030922.12,110480563,617537835.7,213153.5067,1600089.878,4747763.595,355680451.8,3383682.025,325367705.7,869407.8306,90697459.41,221730820.7,2555828.095,45914243.98,4020338.553,3860810944.0,16733842.71,44495682.16,188835.6285,648515182,787293.304,1887459.608,55076573.91,10009639.62,291498977.1,9451827.255,468953928.5,175859101.3,9474166.821,256545617.0,11042647.16,222494.1132,2178011.246,461093090.5,1123452.971,343292.7843,39820565.2,241023232.5,14621360.57,4580626.46,59953755.3,28900658.18,826309918.9,248661082.2,6106649.999,25708334,15091253,2358656.92,190383031.9,124716667.0,54362915.05,7618339.125,448364.4873,1265231.781,240414281.8,8419549.822,8994883.357,4764346.681,160956.8699,145543478.5,930854.7796,1346175533.0,114386.4361,768945.7334,311681518.9,13010638.68,876734.0,1667491.7,12431236.07,41188019,23365665.0,4658233972.0,5698087.968,30400264.53,150709.4539,21030383,6567413.5,35675483.02,1436504.721,58788023.87,75986213.14,232401347.0,293742418.4,24944292.39,12303257809,1262456816.0,176618741.2,15885506.33,968107.6662,333616293,4375950970.0,4323690926,6500235.128,112724196.7,75820129.86,9849188.968,668690.9264,97283290.35,121544620.5,25793926.4,163592668.1,86192840.15,126048.0492,95821802.84,17079243.57,81209651.48,134748998.6,939483.5352,31975364.26,680578383.4,8433280.162,105809296.0,4203218.609,2157858.375,725948421.9,12793559.78,22022088.38,14008543.49,9157635.654,25255629.18,19347826.2,20123220.65,14570316.47,181852289.4,246138.1719,382548.2049,1406157.179,37119985.09,165892.6139,509734.6901,4835519322,3333635.622,54004705.71,57872487.21,20785918.19,555125.8792,338094630.1,21822493.66,1290958.802,23573210.83,140040.3714,383218583.6,915335.5447,4017964.289,507089642.0,2392644022.0,157581851.1,1763457990,1645106.305,4102423.437,5072876.473,14441930.98,543672.6318,12680048.61,77142488.57,5316801.037,93521464.17,181649.6339,1327273.517,20010649.17,426033.2108,148083.3417,36346221.39,4831007.954,4909836.282,7105274.32,2809654.819,243963.3093,55649512.2,349221.1862,74714898.53,4578594347.0,8194176.662,20018228.48,670307.0,381864.0,681236,74662929.67,16036909.65,49163745.08,17569840.29,199962338.5,193548430.4,26104616724.0,221910.2354,7062325.052,4982262.448,7003192.049,49745041.56,401068.0321,57772768.78,51685446.07,156794252.0,13974331.25,9268191.941,1504689144.0,16698267.12,33763877.0,6642697415.0,571591623.8,9659432.575,1481532.164,330726.4192,102023897.4,5915596.946,2956628.755,32078567.84,33783465.21,16347336.37,5821051.717,305497983.2
29,11008388.95,2161289.755,29041842.44,19897997.18,587845001.6,556218.8968,256590.5319,1560349358.0,3577486.036,1674227.156,8477209.592,1894001.958,19791225.31,56877859.57,339954.2366,35347056.35,1356779.601,13574735.81,420326879.7,134038722.9,89974601.04,73167.90862,1819924464.0,2020930799.0,3362788.191,1816597865.0,944234011.7,8964981.322,12548793.37,3389520.876,857285045.3,911583.3728,31644994.99,8058462.507,14219509.54,38371283.46,15712853.56,1707702.031,13984009.09,594082.9999,8711590.229,3347672.0,141615.1061,13057295.48,2982685.011,18223649.76,2080686656.0,18515786.69,7870065.745,72070691.44,38337608.06,1136325.531,194097.6464,186648145.6,1818792.757,267652285.6,604939.8834,15404014262.0,21646404.42,9237097.893,1235670.446,332776.3098,12558401.33,29911316.26,678938677.3,48873397.09,1211585.772,77638401.72,17073193.25,21518718.55,2152624925,1293907148.0,772620174.7,160524336.5,235506513.2,465550.3041,327206.6092,12945223.72,42648754.03,220281.2241,72158.18868,9090226.568,366078162.9,16258482.02,863338520.7,265177431.0,3317133.703,242805.1258,11381188.75,1858806.469,202027.5883,13166004.18,78471166,1924488.526,14607529.51,7503671.562,9058972.724,29953481.62,381787.0713,456214.3364,34225102.0,1826174.076,9285434.754,107267001.8,476476278,812440773.2,160618.1091,1975657.396,3956212.063,756322463.8,3757852.661,97681905.8,227368.4306,83669991.37,198724869.9,26951207.17,48336452.43,6267859.588,4871820337.0,40598302.01,57361249.15,3276920.085,4013432,574786.8929,8331020.101,255084784.3,158634944.6,471672604.9,19568281.09,966592.2473,255579989.0,8149033.982,38108783.23,13692583.49,237133.4329,1383199.864,962531789.8,2286140.131,987883.2619,121786316.3,34188958.36,45307565.31,43653715.56,964104.2047,321044.8928,97097745.0,698978213.5,5404685.869,21449053,19162258,5020461.133,897664983.4,159926022.2,290968401.6,34741577.79,1951192.472,1016825.115,227051718.8,2694635.767,2394140.521,6354480.915,591776.9802,51788520.6,719223.9259,289718114.7,105842.922,12719851.48,11343173.52,14342263.33,426586.0,871031.7301,173284515.4,42274041,1741458.119,12135541704.0,313989.1526,1562093.472,1147022.285,42295147,5239413.0,7889860.657,2296525.807,10895919.19,575922966.1,250821017.6,130491509.0,52782093.24,20220909605,1138218832.0,226480941.4,6341177.979,1521806.563,932178,11775679067.0,32411041911,10174532.38,31326328.07,166471959.3,18575899.17,250157.0977,239304680.2,3684866.481,14316469.93,96823865.69,63362715.97,119245.8644,219539237.1,74172399.85,110029553.8,260107103.8,1799519.048,18131925.44,159977242.3,6122653.529,164191758.3,6605974.104,68299486.18,1368003965.0,23154670.83,22271483.36,24546680.78,18311382.27,80365180.21,35603267.51,59265065.63,41232660.75,161982708.2,201979.4204,384957.7476,466322.594,30678686.83,1661788.209,14578324.8,4553887572,834607.1098,7742011.875,129545695.2,19418797.3,27027133.97,134335227.0,1475742.946,5806126.435,2564700.73,174558.9935,83293982.82,10743848.92,4249115.757,9900831.887,7862693756.0,12970969.73,451576205,4736935.313,7048576.549,587824873.8,55893233.0,451213.3516,27466345.61,44814034.78,13901222.13,218401929.6,130236.0767,2120978.646,17814640.8,433245.1961,182411.0462,9791571.518,7818662.112,212043.9291,435264.6414,1750208.566,40105027.65,889895572.2,371091.7897,49969787.14,16350560829.0,1990309.342,2931176.144,292943.0,558341.0,3109735,53379884.12,955272.3812,39704732.95,54762226.87,320404394.0,79047998.61,5411764425.0,398237.0538,5243753.362,1293660.972,47851319.93,43006388.5,2061011.343,103054737.5,2687197.334,28774821.14,72534621.28,16056113.3,1161718250.0,27261827.8,68257675.0,14921861642.0,338888030.1,8454227.398,745079.3613,364683.1715,46727509.54,11676697.34,623254.0278,34839567.11,68735967.44,25212701.8,3357476.087,1202124686.0
30,3640563.098,52660436.34,19222947.66,952208.4163,19689239.74,2652737.039,249740.1088,8773217.14,3088882.821,1239174.608,18136239.95,3028870.511,241799.8669,14884393.7,24017318.53,13897747.94,13198856.0,4105336.778,146247222.1,344381962.7,123246878.8,88805.0239,196203080.9,1186469700.0,110502988.8,71784741.13,69218214.39,284667163.1,5747184.273,239029140.8,88281872.2,3475529.212,46949256.56,62216584.89,2448529.555,104393979.7,116034545.8,4220209.554,4742948.007,14236087.62,26954565.05,30616477.0,150240.7785,9310011.377,299969481.2,285478060.2,235632962.5,9629594.139,3229851.356,62898346.58,27520468.84,1509999.821,13487950.94,363191814.3,3231921.617,213221078.8,6534019.715,7930567560.0,77816836.51,17504950.29,924754.0173,1214429.445,4059083.176,27131717.68,9129662.5,3952476.362,595303.4391,38166227.58,54825979.52,15738820.74,4367965635,251093071.0,279356125.9,226619533.0,119923311.8,4130332.806,361755.5603,782747.2308,17265969.21,799986.4524,1342455.862,17250294.96,15355454.67,164356402.5,725717948.9,263282941.6,9353143.937,306352.5625,9671296.305,4325441.697,716282.1578,2050326.663,1361469807,1930154.687,23327303.78,204972907.4,6516455.112,1728795.732,1666309.0,2253130.783,11048381.0,2168845.37,15232080.11,140000687.9,44188606,571267235.7,147182.251,2046763.129,5774417.369,89451282.23,4800732.073,3404457387.0,763664.4902,228893159.6,267982682.6,3984911.557,140868472.0,5291564.174,6004602839.0,21747936.62,34075079.34,303726.1186,997450074,476062.9704,2407565.581,119079466.8,7418110.115,735084989.0,35118526.41,1217230445.0,114398137.0,14835667.79,313020642.8,59933027.33,366748.7991,5305164.091,491216646.8,16234660.68,499222.6201,43362184.42,301529714.3,13106949.33,15267416.58,27093507.12,7125678.357,438044907.3,175715764.2,2642415.633,21692058,9303222,3429174.966,612523225.0,500823196.2,62906034.33,13872546.03,402437.2614,1316449.645,151163064.6,4634752.092,10053979.26,5110985.114,426465.3579,124990767.0,2506303.464,2872988864.0,14592557.21,3754163.212,254822355.7,233765715.2,229420.0,51679173.29,10498834.24,70205948,6063917.8,10149946191.0,365406.3104,8448559.929,165912.865,45281723,7598369.0,19838517.76,859776.6378,46517352.99,166811756.7,1269124290.0,657834047.3,53474997.88,25244631331,3116598680.0,373409042.7,15044180.02,1987165.61,659829319,9192417791.0,25251058540,15200091.93,77649345.09,259355257.6,37512384.9,739302.7662,344313901.6,35131322.15,2176493834.0,587241246.0,23442948.01,144730.5525,69467948.85,9288461.277,96051450.13,388217432.6,6569028.903,14135695.2,319176649.0,26613258.55,278295190.4,3798900.219,11519755.6,24580684.35,12088750.92,16218452.01,23738107.55,10316432.07,85896993.72,36885437.22,31034997.1,13194490.98,338430060.0,261942.8593,455803.1548,499318.9063,69404770.69,1051506.108,18848502.78,3909174675,3607361.901,95206310.93,373555587.3,11803057.54,1123807.638,826544392.6,7282587.729,3864024.887,4440197.55,135649.5413,500794139.9,15539406.53,3802366.265,21826222.97,3825519459.0,79283552.53,1624169700,13130840.35,39692440.62,19523319.41,24946482.45,2762958.923,53212393.58,101714184.6,13834762.67,249727025.8,403343.6703,2491130.418,24621898.14,565725.7762,197603.7547,10552032.56,14623336.08,9314806.607,609897.3616,2761541.13,252729022.3,803927970.7,300716696.6,65696070.41,784707917.0,38536691.23,1543296.167,244524.0,178139.0,1453719,129472.199,93550074.4,39418054.79,53038739.61,558930118.2,634232989.7,6017901443.0,1069004.736,1990947.328,4157930.38,6265204.322,29182837.98,867559.3114,33122984.01,18528866.24,254246948.4,20866331.08,89979792.22,2353093296.0,34723724.0,160065164.0,7784657057.0,1681865655.0,5716799.099,1782054.395,437171.1677,440309126.3,24434844.3,14015574.11,20601126.97,92578560.07,71063991.99,7720680.395,438530931.5
31,948250.9556,5777729.983,108456192.2,127296127.0,267867203.4,1528373.676,884550.6396,828048176.3,18432950.15,23111722.73,9182226.41,7077191.924,77630464.53,260150336.4,9277699.908,28330345.66,6701866.272,9001716.931,54323766.58,5460729.139,16606167.14,82157.39924,29522198.61,547533470.8,13466829.27,18338497.62,434622146.9,1583918.785,1707535.069,1113111.667,239802865.6,2336181.282,4403534.35,15962324.87,3913166.761,156735276.2,37436114.12,6689904.862,4892156.43,2274278.809,151124185.0,43059197.0,1740721.241,11379321.81,50199653.25,14751828.48,140036561.6,6169758.341,691790.5003,33638260.93,1139562.86,51233418.43,517015.6449,722952428.0,3610998.881,91552832.26,8142113444.0,3979311964.0,94618544.76,15438488.34,959320.2834,38532161.67,8842172.798,20990437.33,233789872.7,9397990.398,1477702.313,54159668.22,10133680.78,3713656.508,2732775900,804204604.7,9725186891.0,247703975.5,387356669.8,1331657.295,544183.0596,672132.7427,9211159.999,519079.1037,2449134.517,4105922.821,150870050.3,14850544.67,475432371.8,37383203.83,2920158.928,402994.1739,15152890.63,27584781.44,29421653.13,1859859.121,82582040,953735.6585,344384179.8,128917270.0,5731985.43,3922032.501,1363441.188,10584973.82,131010637.0,27376127.01,59610141.8,8044957.739,530787080,347822656.5,232581.7333,2356142.489,10957952.27,215091724.7,58891949.68,6081171032.0,110282572.5,156659378.6,58363888.08,7428541.648,2434097874.0,6875724.895,841324452.6,15786183.42,46278533.68,130837623.9,6108238,566183.156,2658822.34,28232858.77,66996646.67,548318188.8,3052629.956,35990307.61,230780231.2,26237908.69,57367924.41,2592494.627,2145797.078,9608460.682,349683118.6,14617356.59,992053.3723,16961254.05,53991891.46,2212700.757,7601443.363,134261850.0,553356.8584,261517680.5,1783684141.0,1126481.893,29481189,11331226,11780571.04,268814389.2,323801926.8,20682917.19,14864048.05,1824162.982,1170481.04,137144684.4,9420158.109,1836636.009,3170239.991,347872.2406,65696067.61,10648474.37,458252866.8,146532.5252,1749182.139,21354496.06,10778128.59,2600483.0,647798635.0,14347026.26,21167849,25960579.55,1465112076.0,652973.1076,13448808.23,1122241.205,16828853,7368925.0,3808316.999,999751.849,9041833.697,803807148.0,165955498.3,122405018.8,34867906.15,3874513625,350169308.1,108556488.9,25592084.82,8800339.168,323589,1870869866.0,4876849150,4865248.613,71192291.79,134703753.8,7149204.309,45219896.56,62852965.77,47567722.31,27659815.34,123876505.4,34360427.74,133896.544,191047059.1,321023909.0,149302551.2,190318320.4,20628596.82,48274517.83,711713238.8,13788945.84,120109488.9,6667025.818,8919178.672,334358715.9,23136040.79,5884433.32,16927917.68,19236690.22,34870361.15,2733150.69,1656624769.0,12570687.3,125967680.4,214815.0991,384546.8799,1215225.402,32652238.58,2526701.823,1391526.579,3700229011,4193527.561,43177390.14,25512772.5,104936375.6,450250405.0,240431136.9,136314296.5,490933800.2,3325920.899,267437.5724,658894691.8,22484251.57,4803419.617,384359544.3,794884127.5,2745447291.0,840701408,15402534.34,3268678.781,267899280.3,16584653.49,3492537.218,34335517.97,132720178.1,10558566.17,36240713.75,13078325.12,1284939.973,3035589.488,20875861.26,174852.9394,25037642.34,27789677.77,866547.5502,574804.7976,20856929.01,2141678.546,11518186.83,545312.4472,14199828.9,157156334.4,53793942.82,116029212.9,1184777.0,4187827.0,3109735,456991121.2,13530365.05,36363361.67,11825600.43,32606077.62,6391397.909,22493638895.0,245435.6341,40247842.34,271435510.2,6707967.205,66524404.15,19703559.41,5724953.908,8003901.641,31281938.94,2518458.723,64297731.54,84614596.58,136444876.4,1409024.0,304614208.2,94051042.78,16875345.28,3023506.266,442920.6284,21640068.9,9847765.313,1733919.168,21149131.8,319063449.2,155024345.8,35716159.42,1048009970.0
32,4564437.666,1346082.216,50836285.06,89664467.63,139297635.1,3973664.303,9096255.662,167144102.4,5012653.808,2124126.57,176778718.6,7519043.523,17661619.46,102184774.8,62291440.89,5285481.421,3450647.003,4335797.985,176655105.4,123040725.1,90739523.84,85882.35836,68148760.61,586374316.3,62847672.44,79141439.68,141170315.6,133007751.2,2282895.463,7119189.537,235248031.0,2386318.114,19626641.97,220224178.2,15351060.24,130915467.6,22024804.95,10941604.7,2059354.262,25056752.61,22913959.57,117918304.0,132007.9106,10399389.67,277225532.5,133499388.5,1757438856.0,14375112.68,1473836.113,28551715.19,7140734.734,5590711.494,21864189.5,234944046.7,21275043.28,103965709.4,22962851.28,16822401991.0,546107014.4,25220603.01,1691185.834,2852169.632,7958867.839,17369383.83,104390200.7,4648790.921,2166681.254,19357614.01,72958651.3,11216286.2,3681464302,2478635466.0,2506664631.0,232883762.4,98125800.97,679321.7183,484604.4284,426317.6887,24737587.97,15290155.89,938489.2124,10034126.48,42575280.35,134707473.9,1395881623.0,107684850.0,14262396.47,472237.4661,5255200.773,8733773.856,96245632.74,926377.9646,1112988126,5054755.767,18221515.63,22334121.01,13891596.72,42325776.66,1116616.307,841751.9325,13316698.0,1326872.563,49251183.9,258213442.4,160355153,672243019.4,245177.3911,1519095.183,15650381.27,225253853.0,2091701.179,119947561.1,5511091.369,205040059.7,464236589.7,7452538.169,60707710.82,11243907.07,2200363327.0,17963925.39,27636250.66,226045.5944,670546950,3899967.355,21479211.42,32929179.84,13147388.4,1609176731.0,8065154.702,558733652.6,253615882.0,7654876.269,231879497.8,107479711.6,482740.5435,4533598.309,764387343.3,8087559.415,2584253.882,17919035.34,219293259.3,37284029.76,23068902.46,8996721.205,1154817.934,319250110.3,601031684.0,4022109.169,214396372,226681125,31305029.93,1320078306.0,266592878.5,157013600.7,23482212.96,929296.8312,1258700.766,213267260.7,3422612.59,9822779.09,3752237.911,256981.4473,250443561.2,1448007.289,1667416410.0,125151.0973,1280646.183,624463903.4,5043846.857,1030870.0,3612322.988,8457996.881,19148722,25511310.34,3871537110.0,3550069.525,34662498.7,2792377.715,16930899,7905360.0,27060416.74,12957100.49,112794529.9,148395326.9,539326252.0,468574277.3,45293590.07,10749146341,1788329773.0,228017486.1,37235384.83,13763969.56,169540526,3732214508.0,4677145800,14077730.46,147331426.9,99789162.14,14612925.71,4563745.196,287243663.0,134741474.6,524681886.8,327060271.6,112884861.6,139967.3198,56007794.84,61831083.29,49082542.58,416031952.1,14822709.68,30788866.67,218099153.8,11400944.61,132480670.5,2680647.859,4725294.765,624742995.0,4895238.62,6220508.087,26135232.73,7942814.633,96320221.89,16469357.62,342743887.5,53483535.6,511330782.7,334810.7212,833343.7653,15145050.84,51253192.03,58312180.2,1233904.514,3904026209,13909515.62,41493494.54,118138671.1,31327365.11,6257591.931,814107164.7,19542607.54,16844749.95,9655613.595,2340164.715,435660381.9,33880531.04,9912675.094,10856557.02,1835403367.0,2133302165.0,1502401722,3293502.158,61503073.02,138981586.5,53232154.2,694757.3244,35048234.3,102349725.4,16044838.14,122847956.7,12452778.41,1584252.014,22568652.49,11829116.35,120811.756,11801034.79,26489477.37,1702752.857,570620.8472,3143210.825,30691373.7,54839118.59,410618731.9,47382283.35,144595872.8,17945383.87,13685134.74,8800059.0,10672926.0,5946117,458094104.8,27922225.52,34354720.71,41267002.08,337683681.2,83595388.66,17396177579.0,37181650.99,2191388.601,4138771.396,6148825.713,71638403.04,9666517.724,446000410.5,59672401.12,151350343.9,3558091.665,113078077.4,438703031.3,6822870.658,60198698.0,849811445.8,559339100.7,11362350.08,1484826.905,385767.3378,209317170.4,20005945.31,58620485.33,22784164.0,320854805.2,91723423.58,26360459.16,883647828.6
33,1297096.37,19782764.98,78959445.15,220378308.0,83770012.44,3785131.503,6752181.083,68937665.63,4089220.287,11500486.78,4712060.12,5475746.29,636837.544,5813311.615,49906625.75,7320120.936,11549090.91,2667559.104,67263839.21,40886686.82,45591298.61,84732.97923,52801985.81,828129136.3,29758269.92,19572608.61,57608259.53,153382725.2,3002053.666,300539993.9,136691391.0,2096090.663,21628748.4,378159147.2,17170765.47,16042501.58,50525005.19,3110418.528,1692398.448,469149.0013,15586348.92,73163391.0,179667.06,7095156.802,145734486.7,154052023.6,3634011345.0,14576722.36,3844792.611,23116273.97,102023950.5,95295679.93,515962.0991,386471091.1,93887237.54,585748904.8,28201946.53,4087743730.0,147988120.2,29825273.62,5832136.267,33786872.36,13589922.11,47214878.91,44787566.8,13169730.39,1562214.396,10878737.16,165927855.2,37766165.83,3173090069,213668182.2,5952663568.0,296216359.7,80190859.8,30948771.34,237817.5833,841140.6059,11449369.31,318652.575,925758.6638,8433181.399,26809764.88,113848752.0,213980237.8,159450862.9,2357353.073,301276.7984,17012407.55,501926850.1,3574597.441,2176843.904,774204332,4374933.131,5717237.702,38596967.75,6323814.201,7150528.208,1556540.715,1622324.715,6324684.0,2699409.408,39685865.88,68932186.01,30591043,526924252.2,2891935.396,796442.645,7220170.152,80318311.1,8285898.325,73789287.24,708313.4535,213221126.1,151713096.6,7970631.248,155431223.2,9421990.053,3593058798.0,5605150.3,57920002.53,223560.1252,550300229,626141.8873,8593666.784,26342834.66,28985984.66,257143101.6,2928401.232,1394125055.0,124588360.0,2502055.924,157926750.8,103125526.0,217220.65,2358854.218,385675138.1,7284380.418,1829825.821,7906998.605,174867418.8,10920688.1,169046083.0,23624261.13,5758722.39,214808460.5,701113871.8,10253118.32,26052614,14222812,6018729.136,230198521.8,169064489.7,23171805.92,13053739.54,599643.8846,936386.3769,130957194.4,7736126.878,5359120.801,4736769.572,298157.119,72672001.61,18678299.98,1387196194.0,131088.5246,1862777.673,318183395.9,9099852.891,829977.0,52050577.68,4887081.694,30360430,6373735.031,2131568135.0,137818097.0,20026040.14,179158.3898,21677561,5892485.0,64995348.85,26099266.58,140109237.9,217718140.2,367255167.8,347397855.9,20145343.24,5852190592,887458312.7,248977989.1,6686010.422,9871428.285,227490906,2199966779.0,6505099913,6230377.476,82240624.15,185915734.1,11861382.35,724693.7912,167019574.9,78905029.64,422178905.3,283830453.8,4330047.686,138094.1118,41108417.3,7387185.023,112399211.9,285657147.5,1635248.839,55866821.28,368826117.8,3839407.828,134301441.1,3061193.205,22342210.04,307932698.5,10967179.46,6147267.008,8035039.801,3903497.43,70906995.62,15030126.43,91604953.15,10155019.02,414205966.6,267685.6746,11540467.05,1805334.535,56663349.53,330816.036,15248508.6,4770580693,4642034.677,17363453.61,99594671.18,23522166.47,4967427.663,485116455.3,47896181.6,10948438.8,1529666.352,17967251.66,535264760.5,721557.6007,11506195.76,11712510.11,1344141528.0,17164592.58,1041851385,1559125.43,142542477.9,93567002.21,18413061.6,166252.4414,37619205.92,108356053.2,19304659.07,101936676.0,163741.9312,1995548.611,68552334.36,408639.6163,228644.9728,12305344.71,14102534.72,3369539.999,670393.3824,4592055.988,1008254.12,424292630.9,83917528.77,35165121.86,228830141.0,12275223.29,3877482.238,1280139.0,409688.0,1254544,97438353.58,99138048.65,621046924.5,28630251.2,171405474.7,241230010.3,4205247489.0,2118476.892,5145596.518,6459842.546,3014421.6,30580759.05,1311060.1,72250637.27,88558449.99,130290372.8,31636692.25,46636310.72,934000628.2,15998876.45,58439226.0,1582230630.0,365180724.2,11809511.63,1103414.745,564784.4543,264904093.3,20684538.46,27994119.9,28564252.3,108512919.2,20568715.47,7002898.475,261140997.1
34,1274190.171,6307443.743,61466133.61,3607459.998,29087870.68,604654.1694,686973.5291,24415828.44,3151950.963,1883917.336,8623684.151,5249065.804,4206479.552,10143058.46,1511426.031,15357190.53,44403748.34,3329339.806,188746234.7,24563453.82,23460170.76,77337.24256,40887686.65,540428961.4,75989828.88,12677661.87,132489858.5,168636952.6,4702136.172,126247713.0,214721274.7,123049614.8,63198631.26,131929581.4,765910.6885,38858723.93,75095155.0,10648333.11,16276323.37,10923455.04,19417099.17,230777838.0,156335.8032,8027186.739,469128559.1,169429430.1,54369389.19,10636019.1,2717828.174,21926326.02,25822614.34,1120437.94,7965602.751,329835620.4,9272032.247,444254103.3,633041.1911,4444712809.0,155145706.3,42810791.13,827905.1118,18177590.33,9133668.15,26793707.09,27721781.8,3260777.182,781158.6826,5991291.616,67589110.77,10289557.34,2118997329,7614369.863,1594820761.0,613699835.7,119100136.8,1019285.881,167702.5772,5296698.713,29173838.27,406506.3818,134533.4525,43796581.38,30055007.43,334438781.5,864958888.2,394492435.3,5105196.048,274221.6514,21762669.87,215165643.9,373200.8089,1723835.173,343072598,1556558.651,1941514.857,2928992.19,6417324.701,1395222.498,434173.4806,1267775.942,71011605.0,1176457.72,12632909.7,24026022.61,75287343,1054280424.0,391173.2268,1682228.141,4246943.075,671821489.1,17199195.19,2792101566.0,722710.0105,88919596.31,99174827.04,5280299.874,73952395.07,5687555.241,662696074.8,4995898.742,12813033.44,192375.7679,1000574869,526801.8422,1798701.925,10726077.83,35879265.46,549229639.1,4528661.431,1162354958.0,89243656.29,7727308.254,122809873.9,173327447.4,463010.4463,1391489.451,826290054.1,14937427.6,337210.6745,19348238.0,117431717.2,3523289.426,2292418.153,17737081.13,330255333.2,46573814.63,648698101.4,2976427.128,89394545,3459586,948141.4111,190573133.2,799792921.8,68430842.03,7557106.142,927978.3091,1131730.45,219184501.1,721609.8227,13958233.73,972075.4613,100425322.5,8409005.3,1846880.888,130178119.7,369459.2317,1267044.455,18901456.79,51722740.31,7652534.0,21756958.49,3778945.776,26853379,2070062.165,2402753804.0,1064644.392,66041754.35,174882.7126,19581739,8323937.0,168093249.9,9698165.177,137467812.1,185880460.7,19255135242.0,108233338.0,33894207.18,3868935790,328122748.8,205773638.4,8382438.15,17623343.96,256740783,3114126474.0,2131337265,2973956.735,69957307.16,149613000.1,5316812.288,364166.8079,40774459.36,254881375.0,109370520.3,1037157718.0,1265588.544,126040.8629,33178293.93,3541782.925,111883682.0,83717773.17,3060286.133,17277538.93,289726726.3,6638283.873,322531016.7,13792429.96,3910943.415,2230869.609,25443166.06,10709641.22,8852879.77,12460765.03,9293846.918,9395618.064,94188813.55,58787551.8,155643011.6,128500.4672,707147.4504,323554.3038,23018108.38,3914050.958,11347654.31,4273669345,410284.9044,8530654.677,89890727.04,17346457.19,17180405.72,171070390.8,8969235.417,1373827.598,2549298.141,179578.0213,273877415.5,3883540.181,6890645.221,10770467.8,690494461.1,30661309.82,477011247,2983629.919,42131331.22,34012645.3,9169485.434,86333.70204,31485573.52,106878380.8,8338406.783,34189738.53,254290.0141,2530571.104,27871441.79,967228.4664,377114.6179,6956251.245,7701509.728,3506273.901,501938.1572,2316944.35,16237922.4,166170858.1,172795342.7,52601502.11,426765299.0,31822928.25,953175.3901,1418553.0,1336043.0,11323316,811274.5722,107400831.8,330515108.2,6372453.403,66071480.59,10884257.5,1723141372.0,252549.5823,1171651.426,15844411.75,466002.5563,21621956.2,1013190.199,20177537.32,31956804.18,45030649.82,22595982.17,41008917.71,425785210.8,90077728.36,44614430.0,2826957483.0,98470101.25,13576515.53,814932.4051,443951.6081,54865560.77,831328.378,15209172.38,17999315.13,42059998.05,46516770.58,78219673.52,113759911.8
35,1113529.014,2011511.909,68744345.25,42628475.19,22572933.79,8359501.814,38277294.87,47892870.0,13082820.86,10932564.43,3737367.497,1573489.251,45885022.07,89172591.68,9447493.014,15958293.62,11263548.34,2059200.998,91002227.69,53020586.25,62030431.36,80405.64488,57021062.33,1105924956.0,30292979.66,9982125.15,58081296.9,231768845.6,6180795.661,1141773341.0,89431055.71,1437900.368,38524312.86,35797207.26,6870008.408,158834538.9,20048927.99,9495349.906,4806028.428,620871.7209,111535691.0,43006525.0,173053.7459,4758767.984,185041232.6,232582441.2,1781458732.0,20915578.31,2135923.779,105893858.2,64180510.16,77947085.34,298453.0517,625407259.4,36466323.6,159570543.9,14218148.51,17813197824.0,553232758.0,41925091.54,2485793.404,2295911.946,37912883.4,49079028.55,31149602.16,5032492.651,405841.2953,57132646.78,7082672.659,18572994.76,3492744667,74381787.2,3023429207.0,319968570.1,66842112.09,1031522.82,325611.2488,592292.5533,37815473.4,321305.4189,325209.1778,34126686.49,32494816.7,65183713.08,1201292280.0,187895887.6,2014914.054,495176.9407,14555231.52,14139096.51,24954591.28,15177820.47,907904632,1058369.523,7239437.887,13780909.04,10851853.25,424506.3586,359348.2981,2081741.081,32983772.0,2097181.319,30199807.81,1110682.529,26459498,490947928.3,404243.629,1759930.292,37480730.85,435509562.3,5583800.769,51919653.05,313671.925,97388670.25,168175313.9,2627997.739,208858319.4,6730599.121,4520896409.0,28007766.48,51151192.45,313539.7225,589755051,903393.3829,202628.689,16988388.48,69543148.1,342447289.9,29012497.15,731791153.0,90389685.03,9596370.55,288129447.4,28443382.68,342360.9831,9058584.941,67847510.21,7651561.059,544537.9676,49533591.55,279297931.7,6334757.679,12743479.78,30626568.24,1137546.338,154221147.7,157781626.5,708109.8426,92380222,58109487,14462649.62,1103672277.0,260255897.1,60993519.48,13567812.35,1663407.352,1435384.555,323548611.7,4486494.59,7096888.342,8233739.567,485643.3018,24528350.56,13129314.1,923162768.2,152305.17,2289366.554,84031912.3,25869318.32,991106.0,11891717.6,3167060.136,182944261,19023686.03,13917012497.0,10306960.65,11834862.83,1327399.214,161914563,8094062.0,16040330.24,1130943.569,114975677.8,177607875.4,1165040916.0,475723918.7,94084959.85,19704054699,3583182955.0,622530819.0,60822093.47,12695613.35,375391697,7569923334.0,30405311159,51245987.34,193839757.4,148523977.6,47480658.37,401841.6784,578261013.1,47319284.06,324472274.4,630430653.5,1065280.807,131041.6111,220814557.7,16458443.44,122025639.4,213676029.5,3638201.01,41379663.91,603679568.1,6343618.217,355386894.9,7377816.65,20106704.75,977493450.9,12556145.43,5225580.439,19806299.48,15132708.02,55007396.14,74553511.67,89127379.78,50203724.9,258080709.0,318648.1278,535190.2009,1424086.665,68047102.23,353938.9969,5381050.642,6656210628,5871321.994,193237965.3,517499826.0,77372375.85,6727540.83,452773590.9,8728075.901,5165826.485,12446947.9,21561315.38,1657331202.0,40723915.47,3503395.258,11059929.27,3988928605.0,7166413526.0,1687367106,4076345.81,3530045.93,21388327.06,5030678.227,6302435.35,42041404.04,83785989.9,21348638.64,125555591.8,1248814.915,6774049.398,36789096.83,471877.9099,155969.4269,4177810.944,46652938.08,5603535.895,598199.4423,3016931.397,3222283.338,818798.9245,7462162.788,67086950.65,254005010.5,10618724.48,108225896.6,1792402.0,2565563.0,6482737,141811046.7,16561407.18,48654500.16,112127058.8,243551975.3,228580417.5,11211084821.0,1887335.149,17451916.11,7207842.906,5364149.437,39141062.51,613246.1815,793894910.2,11431308.36,82012671.32,22668945.04,22098515.11,2128614249.0,41345408.17,18940738.0,16767395435.0,1338516064.0,6829680.33,764078.3143,460832.8659,300315995.5,945075.661,28535042.27,14534963.9,31269655.45,90907860.73,54679230.75,866319611.7
36,2982566.248,1300607.526,79533640.66,84107660.98,1272547.76,3865845.289,12958230.1,11235553.71,1407936.084,4277248.268,39357658.19,13593641.57,30472906.25,108168709.8,2910644.092,6123015.987,6787207.039,1412657.401,112778881.0,28893257.52,21271236.99,85039.46549,9829090.47,875368703.6,20032138.54,6951828.791,35376696.01,394811842.3,2266523.427,398537278.4,56860423.32,1491872.599,34283846.55,3899835.379,29336907.38,64254410.1,20717700.9,490545.6356,3249936.108,2865444.377,24082157.12,16623017.0,202201.9601,2948008.314,483189996.3,395474932.7,339824499.0,38891042.02,654443.3738,72984581.78,32686288.71,2465095.215,1716782.949,213834848.1,8593455.974,49709907.52,7117790.365,8989696441.0,74145709.3,45146667.49,879827.3637,425107.1112,4510933.003,29579748.64,1364151.62,2179929.144,250054.147,26129833.54,118338982.1,23854362.93,1582917756,51282501.32,1881171326.0,226525240.8,44688846.72,1161213.374,210836.8418,1024980.539,51295281.59,13969312.83,120822.8732,6922291.749,18099513.14,76092300.26,2093856427.0,155458014.2,3043629.784,260429.6367,19858312.46,93324338.72,2874608.443,29464469.54,337595177,2624751.219,21730985.92,6411649.348,6372000.946,1776100.265,991630.2438,2869660.122,32983772.0,2227309.08,24538072.4,33079180.74,27122315,363768880.1,193415.796,1739050.544,11447120.24,121193996.7,1941781.215,2416069161.0,1069395.392,65240567.83,495357069.8,1941884.972,177182988.4,10322569.76,2667774024.0,8709786.068,58626196.26,200584.9502,721780810,2123618.142,1667507.534,39204655.75,447384461.6,249010654.4,10588412.05,323690839.2,5830018.309,3120690.707,309571669.2,22428571.8,337136.6453,3636952.852,27064025.06,10781433.22,436922.2431,26513269.65,298014825.4,1594893.869,660644.1613,16978295.07,2194508.09,423424329.8,176435424.6,501572.196,5714188,8011372,683647.5023,1179839082.0,243778737.2,127506296.0,11940560.21,781449.8456,1523989.993,167252194.3,14274253.88,15915676.95,2571560.319,282488.5464,196283903.4,580930.9946,373372716.6,38280222.35,1416901.282,266634144.2,3738541.816,46294.0,59405843.32,2921637.339,128607570,6938824.215,8943062417.0,336788.9124,4962170.565,248938.8911,128872832,6948200.0,79337779.62,25237648.78,72240010.07,238911409.1,1550209871.0,591039638.7,215136756.7,14189509325,2241685384.0,1085741473.0,124554264.0,8073249.921,435471420,7100929892.0,23595388949,47631400.06,29863308.57,372112723.2,26306081.7,820996.0226,203542944.5,17829107.21,2282067884.0,738905790.6,34944791.33,138593.6097,39741655.9,62033055.08,820576629.5,57375232.87,4849378.897,37494938.3,194558085.8,15134078.73,292426997.0,8888373.518,24201663.57,443812192.0,9183324.475,12354254.01,3552062.462,5555629.651,60370582.32,36850574.78,155042461.6,58772253.55,141596268.4,225458.3037,788262.6439,1458527.016,39855673.06,463282.3089,1064546.047,5054294805,6810875.014,153999579.1,468353869.2,10956018.02,4527454.077,1177266989.0,8235097.965,497219.4565,1189737.966,247957.6564,3694545203.0,10733464.99,6895055.121,63403304.16,2506950242.0,54344630.56,709213744,1482794.722,100912855.1,2733182.034,4441381.223,1531935.194,9345242.283,114047627.7,24629095.61,145534918.5,224797.3354,16466306.97,14709175.85,553622.8,145819.2546,2505906.723,44847516.15,5463867.129,688979.8857,4447050.81,2391119.237,886120.7505,42263442.23,52248302.89,285857929.3,27240465.32,304135547.6,287821.0,214323.0,9487696,11878988.63,73451447.11,128124024.9,82854538.03,166827224.5,115735809.2,625280692.3,544367636.1,6680135.677,6372459.861,2838598.899,25606683.51,253029.2888,8453575.751,2249974.535,76152592.56,46248288.96,10916775.75,1019303679.0,23259743.34,14789256.0,8951773657.0,1053952030.0,12961922.34,676520.8871,724162.5267,125968842.5,13863827.62,12802774.72,38208085.69,56288838.78,165388891.7,6864739.619,254873235.3
37,1445268.625,5879342.697,61797501.45,161543887.4,181108326.3,1653475.189,8405806.903,98136897.53,15978063.1,1993834.839,23414810.03,1719579.614,10725297.37,67516035.82,62569584.08,29807709.15,8023417.323,2328912.809,213905140.8,14319260.29,9589092.444,79101.41887,217451433.7,880510944.7,54151746.05,90997364.21,12484745.69,165785243.9,2516944.161,38739055.72,110291037.9,1361964.049,40677735.69,187690698.8,2231931.264,32110531.41,229142377.9,14361556.12,1378066.877,25503399.33,26266394.9,79565049.0,178902.6635,1366275.301,433588208.8,166344633.8,229604067.2,8065008.372,2727192.559,29746682.6,1108819.162,71307494.84,22139846.69,327146078.3,6955881.905,106908003.3,51203175.54,16088801344.0,131953935.5,15662539.05,2788379.349,61997415.97,3563068.473,20402004.89,85280111.53,16233223.96,575739.2467,7377835.838,23440885.16,28355908.14,2931463842,45862192.46,1020252715.0,897594895.8,305870448.7,476983.2389,213759.439,429165.9108,16035208.7,2145928.772,83240.02415,7512082.762,82786447.62,182081803.9,624128095.5,254998332.3,15962777.77,410050.512,10810355.83,17309350.0,14210509.83,1652058.3,1353779231,1334764.798,25938147.74,6325381.488,7646131.557,2948785.442,914944.3343,1618460.066,12689903.0,1473292.588,11834833.54,1727446.57,81531749,555515302.9,111811.36,1460520.672,30439134.88,69165002.66,1304961.084,169593740.2,366808.5211,298815511.0,207240272.8,5067646.658,112545890.8,7875568.637,1353971947.0,10734464.5,69423602.28,225801.5137,478315852,765252.9188,2124309.4,3565927.534,14223454.31,969216349.8,15765334.18,642866435.1,106500671.6,7816459.289,244004657.7,71144368.02,266294.6261,5853566.65,633889159.2,2696418.575,776376.0406,10070138.61,235646844.7,3189439.829,65097650.36,21654301.14,3431926.18,113705614.8,401535642.1,28546339.22,202990105,379379304,16195337.21,440497896.8,151539364.4,43531789.28,22904254.44,448369.6242,990772.7895,153241592.3,5030881.965,13456384.33,3272521.504,259016.9783,67135001.1,16394040.25,1104335904.0,122786.6024,758165.867,642816741.6,2961664.35,485772.0,14451450.86,3466447.345,11397552,5348743.37,3998597164.0,79157860.74,21853803.09,522630.5177,9526442,6287635.0,14387020.18,6304551.839,80369174.83,77124559.82,1837603944.0,321218098.8,44153458.58,9936095976,859981705.6,162824744.8,35867476.64,29644841.14,138111533,5343203836.0,5731737321,3617588.455,90317320.16,71082983.03,15425139.38,788062.5794,113784861.3,91544084.56,154027830.3,782120944.7,1645554.973,128916.0405,95299123.06,12935664.08,56306381.77,729902063.9,4014627.206,29620054.3,311580086.5,31478740.65,110164030.5,4094183.262,13503666.98,582791078.0,12404510.7,31336183.27,162185763.0,34268396.02,144109968.4,7036158.648,40655562.1,14153268.7,412899108.3,247891.2101,1080370.24,2553449.909,72570098.78,183120.8395,22602869.38,4949585683,35397130.42,33867810.05,42837295.69,73683813.25,2448096.081,568314795.9,31219185.47,3434868.975,4404786.798,16874745.65,823632846.0,1821507.971,5688057.402,5424152.025,1070805098.0,18962900.42,1174606852,12928095.19,25609981.64,18239841.14,20719710.41,442113.6471,25082903.23,80696926.55,18912211.29,97743352.51,2597200.074,1070786.94,20051515.69,2351155.391,89874.46234,36297167.83,41567911.51,1510453.54,556130.2233,1568648.25,261963.7678,1714280.718,693404925.4,73376293.78,222710436.5,19877918.44,16003707.88,10757742.0,18447817.0,11705824,2884312.55,23150025.51,62012215.58,18143873.22,107224676.2,30391106.18,16526506401.0,457907.2641,8616849.179,5207265.117,1398348.009,42680429.09,1044226.803,126638750.8,45239586.51,35806876.33,849230.7174,95000398.25,265647494.9,2405413.381,44412183.0,15438736367.0,515193543.6,17674529.37,2188476.93,327293.6566,83113132.1,3051890.174,30505000.91,16110214.3,75836288.22,48498694.29,9515043.336,846100144.6
38,21313178.51,2638825.355,64636198.83,37148181.87,9971718.835,351177.3172,3532664.922,20764379.18,10773620.98,26201157.71,64807260.06,9647399.446,3308527.052,118669766.9,1065852.191,18855947.93,7487733.879,1756343.533,262251967.8,95832937.44,54283200.58,77988.98264,683451362.2,1140932071.0,206838135.8,226734789.3,178876923.7,320414557.2,6180212.369,6965423.404,848907886.0,1893410.328,48343707.72,2002259.046,29809945.76,62070349.6,31827621.19,7762435.772,6353496.873,1737511.964,19036855.43,26726180.0,153521.5462,3766868.166,364906293.1,320985337.5,935132142.1,24441833.99,1116579.902,87539409.9,24933339.34,1452033.841,1599904.061,276527574.9,2215157.849,130007494.1,905675.5192,13977354807.0,42180461.93,26120290.7,3438103.135,3558079.137,19928721.86,62167493.08,1494445.687,1694906.53,2015650.853,46879734.06,36837766.25,50974334.66,1509714600,41439112.55,1006309226.0,474085699.0,60789080.83,449413.468,221941.031,272644.7786,37249426.95,7184237.448,398140.9435,7682593.916,23576610.0,272229268.0,1429036843.0,186963840.7,3413607.447,425835.9838,16112767.62,244632422.9,224090.1039,18222385.3,252177971,563927.6198,7427809.097,75859985.47,4498078.083,822622.2537,334965.6053,6308349.707,32983772.0,863843.5503,20517663.1,22248859.06,49638764,2131603544.0,4885184.906,2055995.281,29281060.68,250008209.4,2224930.1,7388331769.0,509764.0401,158189974.0,560510139.5,2880735.065,69141644.64,3812392.43,4559244540.0,20291432.85,35212026.69,204476.8863,569410389,695958.4939,2150257.058,331640948.0,5269291.114,1188303467.0,23404759.35,177970110.0,6295099.002,6247588.987,286536859.1,176122785.1,334193.8779,4203767.034,61260013.15,22719768.43,484966.0998,113572107.6,260320189.2,4277559.359,797034.6253,98937494.71,4757494.087,347531807.6,258094023.3,422741.1875,78418218,47699129,1455885.545,614164086.8,302157071.3,184097818.1,9892377.458,471595.3422,1362711.064,180211949.9,5809538.412,11789178.3,11210258.55,216706.3032,176383538.7,1270199.159,633617427.0,107659.6097,5503063.083,374598869.5,11273737.83,941180.0,6376862.838,15451736.36,43673423,5234178.681,11624599283.0,307414.6635,7773611.189,195251.592,37938512,6533955.0,5810087.621,2805375.246,97852906.0,291301343.2,426764069.6,210213950.6,71145913.46,23034516037,3077486384.0,1146148358.0,45399651.23,12212325.99,382836941,7774451355.0,32793607215,45657633.6,159847195.2,72649600.7,37291188.31,317511.0281,339324085.4,29349441.0,1422325019.0,474687142.8,183041627.5,127103.0405,28954294.68,35683876.71,239961359.1,51710239.55,4097325.945,24962143.44,137285548.5,22140913.67,613093758.6,13360383.54,23144594.19,161465595.1,43654165.3,48856078.24,15984292.44,15804873.29,107078338.1,44721281.1,46472012.6,34218227.02,385684461.6,291635.0174,461320.5111,518676.3576,50696141.23,312107.8487,2274886.127,6544057381,18795722.51,180715026.4,503051280.4,58821927.23,2561712.115,741508934.4,22996462.53,330908.6912,2650468.28,152260.0649,2720376883.0,14803515.56,4347184.6,19326799.57,7821957645.0,9888539272.0,512479191,2981468.405,7187205.997,1784823.181,13954876.16,2745235.246,29088153.32,106854143.7,12246949.98,86431416.29,235085.9719,3560858.117,46213756.66,607724.8966,120650.9494,3331705.425,12083561.75,4471219.682,576715.3436,1520191.413,304804.3351,645919.9754,320723510.3,97488126.69,2603414105.0,60262144.17,1556845.138,2413400.0,1745299.0,2340832,94106240.69,16220755.85,88072775.4,93335131.89,409835622.3,744985754.3,2845285151.0,303075.8514,3910395.152,9964760.74,14820095.37,38940424.75,288019.29,32820853.46,596597.2821,203666332.1,57095961.99,18620655.07,1070879221.0,19293122.44,42350534.0,11109881454.0,977964812.4,13010538.35,457532.7732,526694.9688,445046163.8,23746825.34,44202043.68,23761698.4,37229643.51,75445519.22,23482616.2,558119673.0
39,11733857.18,908306.355,132086653.2,9203599.428,48180542.9,440802.0733,307147.7766,107431531.0,10878810.32,21882458.86,2239550.821,1008205.502,10673531.02,96129155.59,35778042.16,15297959.63,45692953.15,4405813.656,21211578.15,12571883.84,9165893.231,76285.45934,134621209.2,1083667706.0,19009151.74,125658386.5,102149952.2,145820404.9,1896919.117,4592146.11,147851632.1,2077634.608,25084972.93,112226039.8,6091293.642,120264720.8,15273041.46,1424253.558,2150910.263,1940594.562,22194642.96,204154215.0,141299.9618,9630301.854,263529354.0,146307571.5,903610177.7,14350636.25,620621.4475,59279592.78,14423544.11,108975222.8,200988.3689,250831263.2,5028162.482,99223110.07,26801507.55,8049809175.0,166120912.3,28583085.93,2752533.385,50253375.53,4412957.612,107720340.5,57622202.73,4116680.316,1902769.533,23403074.47,7123412.638,13596752.23,2918168080,132099532.6,3757968787.0,102717524.2,42493917.36,519457.4542,471077.5404,236816.4356,45038163.89,318841.1209,146152.8488,3442496.136,51296476.62,40092084.77,321544827.4,122382762.5,1893222.136,316382.5321,15118028.85,56709660.39,3420467.16,3059081.475,1494435049,837660.5427,11002696.55,9498038.122,5475431.817,2196423.992,733903.5196,3791870.769,88965569.0,852321.1394,24777622.38,9364830.779,484063902,416919525.4,616141.6133,1013910.097,6031535.057,142629530.3,2037141.951,221979780.3,1045411.832,89708347.99,60378975.01,21260059.27,113247708.5,5111739.035,2088832023.0,10631110.98,75272782.12,212049.9419,1735849,575859.2095,526527.8484,12313911.71,17990411.1,358682882.5,18937141.98,417167972.4,266770879.1,12293894.21,191450188.8,21644851.93,265589.6554,2212966.185,278690250.3,3123297.335,22885960.47,17098206.27,178926645.8,6695529.092,12814579.7,57802170.38,233046.1321,245721260.8,232264062.9,2363245.594,128131757,93233326,24281003.76,732288626.6,160353670.1,8655402.366,5471692.869,631435.7275,1120106.43,207000145.9,21272299.5,7752285.984,1015015.9,603251.2868,302854889.9,18239100.87,243969044.2,5003514.073,714773.0789,134302907.1,3721812.836,1493527.0,3594958.119,5045283.14,18490863,11918243.47,5955872798.0,10988617.0,57121239.59,1118286.189,12059002,5278556.0,4754595.653,1230101.18,67625250.74,116863559.2,2124066516.0,451119119.6,14701520.72,9505512357,1870026558.0,218560275.8,33856607.45,2604940.321,771043,4465918706.0,17766860855,16716007.3,22741879.64,135524494.3,25734193.42,332359.3782,125558894.8,224850411.2,852518634.9,131607084.4,11992248.54,124326.7125,157136111.1,55621571.63,136536877.4,567424585.5,3410736.855,44694147.12,237454335.7,10027068.3,126190904.2,3957980.792,21454216.53,780003949.7,7033740.648,9336188.222,16101423.99,13413093.27,97491829.32,26843650.19,48910538.07,26307747.83,126980209.8,207437.4423,903431.9082,929028.0997,43143231.3,279798.0259,12202589.37,5312376010,1451754.627,91973656.97,105969611.3,60961025.32,11787811.01,216839273.6,5430443.443,2240996.252,9765978.019,153247.8016,1329299553.0,187429368.5,11508174.38,21271232.59,1377081324.0,11121867320.0,1222245600,5665610.351,4175646.856,47902134.01,18015437.97,1524054.974,16970069.26,56824211.35,12336634.09,126021009.3,1581756.363,937866.0636,19236091.78,1460826.574,98407.7417,9266165.664,30950241.2,593053.0651,856340.0719,1785162.837,478817174.5,1783906.231,109301716.2,29236326.7,363570896.2,9090432.605,100822556.3,7168676.0,7728157.0,3109735,102728419.8,61135907.67,24158297.76,35469297.02,38201603.93,54616148.51,23672491522.0,10029731.52,8958975.723,81615288.95,2635087.944,49560570.42,251315.3539,144224100.0,28512505.07,38653634.65,12780930.06,21130480.51,285336126.6,160174367.5,41068176.0,586843217.2,893879970.6,12004153.19,457911.3481,566578.8473,108258606.8,5591701.36,1009131.681,55919353.54,90956119.35,62021719.35,10387759.8,1536377814.0
40,609643.1818,632132.0895,243731403.5,6275783.716,32564055.1,3507326.023,8531915.656,101293626.0,21660728.9,7314438.08,18042229.94,6954367.808,8846895.931,40467835.8,12395265.79,44904188.35,3808981.365,1181607.597,134668683.4,25757655.43,6903574.326,73566.79072,660697646.4,885621313.7,12278409.29,382189235.3,451595958.6,12281144.65,1565229.761,104247163.1,57343504.83,1572655.099,10536098.37,88335690.19,3394901.354,66616172.36,11147308.73,7060804.635,1665449.18,5438299.189,9252249.473,555920.0,330908.2148,8667076.104,102186590.5,12699597.46,914750043.0,6049607.933,1056764.415,56175570.72,16032260.88,540741823.0,4616142.027,231099126.0,10190949.9,58975698.24,947795977.8,6651712744.0,71261719.27,13860366.84,3409732.031,58671886.37,6064957.575,41827875.88,40877241.29,2665750.061,723627.3661,16901057.88,9112661.488,6083617.282,2472624551,41414464.19,1985043627.0,265124850.8,134400238.8,887309.5989,34092259.05,625826.6705,39991637.88,880616.4344,1938987.801,5592523.264,24071337.43,13003614.17,655271206.8,55899317.06,2197032.655,285121.1689,16709137.15,7224993.14,23543163.02,1246795.936,569331193,1304075.248,16394987.05,2806512.846,6934900.525,407902.2514,2367353.699,5339228.583,162530083.0,1107049.888,67974055.17,6561065.072,659813691,662598385.6,1182936.813,845545.0726,13812523.08,164575954.9,848400.1187,4216651968.0,3644052.511,261484959.8,214682268.0,8040149.245,132105594.0,8653147.934,2343877124.0,64717664.65,23935460.87,169781.2171,496898093,516208.6952,681692.6612,217645134.8,91600185.78,459406437.0,7659893.759,5297593.561,95286942.68,15679741.69,363350006.7,5758126.83,5129192.211,5547805.558,368469394.4,4073488.909,103783816.5,23833869.65,300069070.7,4834052.074,6002303.163,114505983.3,1166502.357,264933201.8,1518870042.0,6209577.824,1071457325,1022993450,97023953.35,1541404772.0,94207472.98,74313070.2,25318210.01,530004.3694,1059319.316,167907895.9,2439826.611,9693940.673,924406.8945,188620.3625,17706943.55,75317662.23,565754783.1,113042.7069,548069.6342,461743103.9,2384053.242,374058.0,2921523.504,56003777.29,8670068,9363591.675,3559518267.0,20207973.81,1054934.784,1856736.897,5867361,2769481.0,5915101.1,1006510.18,45269945.77,68720899.62,270034360.4,220159657.8,18394920.23,5537591085,964926967.2,156939126.9,11924526.09,5696779.143,63958277,4200401517.0,11807796300,5162363.609,77073137.92,132489022.0,9480386.891,2438073.142,148611231.1,1075015.314,17296335.45,82772546.08,733984094.2,119895.9451,59034408.24,6440580.767,69946638.85,181685656.9,2500045.223,44538926.96,225546318.9,8661589.236,110654681.7,25074108.14,3122222.025,182955455.3,7500172.006,3541810.381,27207910.84,12150331.99,103602360.2,12235446.19,63163697.48,8677961.979,223237462.0,145247.7838,3403951.894,584321.7972,31780683.78,218350.2592,1238348.066,5542843848,1407557.696,24930222.21,44993304.6,110950158.3,55205467.92,104562256.3,2057256.659,19503618.47,15558554.94,365317.8691,817233524.7,1089607.357,4280872.073,6365516.686,960976305.7,79013111.28,953687915,1702575.978,1499242.016,32294051.6,7177176.174,3068194.184,16749517.38,33405887.68,10218096.88,80635354.15,27283322.37,373572.1773,9173188.782,34688243.84,110853.8026,14189875.36,3314659.584,1293472.42,68683344.1,4724093.419,309467.6553,2034937.389,4428462.754,13017809.48,1360630852.0,13949261.19,112577804.8,66023436.0,174922471.0,8834850,409744.5203,8260668.348,38320172.6,13806687.35,100662455.4,15637460.52,15687754321.0,223772.1258,26149467.47,59939377.82,8464200.191,19343481.1,438072.5073,147337472.1,21891613.46,41484741.81,2547065.198,49366033.05,358964856.8,29411625.58,18365255.0,5437487441.0,403933111.5,18054449.63,341112.1884,11012038.61,35440803.45,3438005.979,18422909.77,48933135.32,99225576.99,91306691.28,14142072.89,1042596167.0
41,547669.0685,4619571.766,117690521.8,143425356.2,869640.7695,3221778.627,329165.6952,13091483.38,30281364.11,1813832.394,5171706.696,13925176.05,40750552.21,207831420.2,505543.4479,9105386.397,3794256.69,2349550.483,29672132.59,12772041.98,7421004.708,78566.46138,2338676801.0,442553184.9,15570760.91,859261103.2,40763072.99,136446850.5,3076437.142,166544665.9,364472500.9,1660274.366,30521908.72,5574125.408,10739845.35,30932130.4,22525504.0,2674416.326,2786153.176,1272352.288,37037267.91,28060372.0,219569.8877,30899413.81,2836056.211,137138061.2,116473287.5,28639001.84,821034.4944,77531560.18,7143835.462,5000422.433,356594.5882,1689766353.0,9939712.105,132923250.9,5656629.211,23347104784.0,45268779.12,37124240.41,347515.7087,8110186.329,14036350.91,14771847.27,5036731.875,2575122.273,602211.2006,26733710.77,15249261.03,18918446.6,222425803,729021026.8,7113500087.0,61188950.92,11774335.49,10082593.45,2516558.414,837940.7948,36073200.74,3780971.02,212959.1187,17287523.22,9654864.424,17486590.68,558209425.8,114906472.5,2264678.724,334882.5983,17369088.86,20925326.76,2967706.555,13958803.87,41778033,565564.2159,7876942.535,21786098.45,7262029.293,362437.1424,1173559.767,1034856.113,69171413.0,5431201.351,60936868.62,1043927.329,516456187,957317092.4,274266.1497,2049377.931,43626389.69,324769875.6,1601347.591,45640063.84,500842.6956,41565402.96,176863067.1,1253508.682,1254505445.0,6957625.452,3941274865.0,48550976.87,94926531.39,202140.6589,137567334,544296.2,528276.6851,38934668.12,56413240.29,352423492.8,135219350.6,22470366.45,10800084.35,3737634.439,337715377.2,16291665.12,311733.7028,23506476.95,171217306.9,19039447.78,7859951.484,63833374.6,328486280.9,353049.0379,1859981.9,5780762.521,4746091.933,102905411.0,498566305.6,411194.1233,9145759,5588208,14100131.99,1778008963.0,86357886.27,56705064.62,7250458.17,1927062.931,1380064.944,211523998.3,6855207.262,481932.0887,1062618.69,305598.745,34442354.47,1712390.844,97562768.36,160135.2052,2327297.987,733323926.7,489958.133,1060553.0,122872323.5,5503046.067,20232444,2923605.056,21720925321.0,299154.622,8714965.775,1225141.773,17606539,9606716.0,12128582.17,328326.4747,60251886.07,191424919.8,1201640165.0,222140150.2,356772432.3,40722380659,1862971904.0,601641869.1,105057866.0,11081683.57,2712205,42271952941.0,8393056070,58048201.15,73421035.25,249574224.4,21004951.86,878314.7538,865171903.1,30061938.35,49425417.81,113707639.3,239519880.9,128044.1901,114025431.4,18386713.62,71765396.71,275055327.9,3540233.116,20741222.47,1664392951.0,38219982.26,298941540.5,25590183.69,2803746.418,508119129.7,2046417.655,7492100.99,3337566.336,5698160.208,124887847.6,45365180.48,95924088.6,22282369.5,202614050.2,179767.1059,410098.9243,494009.2743,11913552.83,918549.5817,3286335.478,5844630746,23088010.61,68020659.4,299108380.0,137504498.7,77651833.58,1515453496.0,34869590.79,429974.8831,8032899.705,220935.2813,882353565.4,6231050.079,4277624.15,18677879.27,987282033.2,233113381.8,159627216,2206492.489,1582096.305,368089.5382,3247687.725,5795983.18,30361263.18,70390842.84,14989941.04,76361583.56,171207.2985,9454923.668,17387294.01,442006.5499,148608.0658,1964648.197,5026314.802,533001.7425,547534.8692,2067928.799,198989.7892,566010.2065,495171.8016,33594714.34,300581179.6,38160486.38,536240833.9,3233937.0,11018212.0,265568,149570682.1,2773465.165,102864576.1,58292973.88,67870977.36,6773947.642,2105479622.0,255138.5954,937558.7672,208073381.6,1458780.851,24867929.61,307366.6369,5402020018.0,3329264.237,38910747.38,66990543.61,9096249.595,887437336.1,9478234.071,877507.0,23321209250.0,681033296.4,5352955.262,653507.5549,512220.4403,163136421.2,1250947.451,24381437.75,29615082.78,105124457.3,223194702.8,214458945.8,1764722722.0
42,966523.9573,2854280.72,72488287.71,174852429.0,122970056.7,3109731.168,398933.5752,230876908.9,4920734.888,8502395.061,4953362.901,5424705.361,7021694.905,135102084.6,14801459.84,26184907.79,5495963.507,2464865.465,473857927.1,64435939.32,48015759.26,90302.15242,62235976.46,1338132119.0,129193582.8,42121047.76,241872116.0,133647242.0,3585102.927,146909519.3,180375811.9,183777790.7,34130962.56,117053578.3,8087927.044,72984374.88,47187959.06,4700232.198,2256939.528,4834370.442,20936456.4,42208382.0,140541.2549,11646282.9,488861288.9,134408702.7,3053458446.0,43749898.4,733194.638,56611682.13,9826827.004,16152237.81,4630636.276,415124722.3,14559282.98,103297558.9,26910370.59,15276639631.0,921183701.3,33991285.26,1345592.374,25439044.49,9962696.208,19996280.33,133462933.5,24304799.38,468054.5985,13538888.07,6511847.006,22307349.77,3486209343,68311480.92,4573383223.0,638594978.9,162724173.0,43873901.11,284208.3879,2204317.915,45853226.33,255085.5694,258459.344,13700053.68,105409039.8,174016816.8,1556119752.0,193190720.6,2471513.886,4176926.256,5589566.945,10472756.3,55869370.91,2336321.984,1289844792,1556794.426,16613168.57,50654438.24,7280570.041,1527378.099,1165217.501,2307414.115,14361977.0,4604289.446,71580999.57,6167645.672,222959109,1274254505.0,165975.1867,1446159.15,7403527.43,94363097.14,20635464.62,418768313.2,8399525.643,193394991.1,879936384.3,7989786.449,83880080.26,8905224.518,3855469563.0,27451105.2,30836536.08,5966804.248,1016644414,614924.9568,1607658.708,54453946.67,58576159.38,283552941.4,9661596.58,207604817.7,101824967.0,29988579.29,167357947.5,74705413.61,269947.3468,7939339.998,1225607005.0,7351986.791,2479964.159,24410390.34,154253896.4,10855968.83,13189372.08,23979524.87,2630550.777,143461430.1,982697915.3,944115.9258,99604000,94119276,14012471.13,640726090.0,162661617.2,212987462.9,18310415.9,445020.8459,1158941.535,122352019.2,1489638.501,14680949.66,2256443.996,1152065.667,26283857.48,3810335.058,1702480345.0,156568.8769,1407268.215,633982386.5,39787024.68,936356.0,69524934.81,7502193.879,67144056,26410361.72,3961108159.0,12154384.63,10640085.53,229235.2027,49729861,6046653.0,30143992.45,932486.1626,48929750.17,74077263.66,474916591.5,375679145.3,49618677.55,11246051346,1400533714.0,354024998.2,45357538.25,12193734.7,712364905,4788085120.0,4855670489,11977508.12,127875259.6,124430539.4,18348790.93,5848393.374,230090915.2,48261093.87,92721306.38,636114557.3,170141523.0,147170.5073,42662435.96,4854018.271,387610835.0,77112244.7,5034107.134,24764528.1,390405603.3,5768371.894,337306225.8,5332768.397,8816788.346,160299740.8,22078105.62,5863672.177,29316130.4,21787171.71,73805595.0,10955395.84,140154497.3,58919063.89,314844031.5,233149.9423,446586.9123,1768091.863,79925835.61,546981.2281,2329131.392,3908962801,10332289.43,32772071.26,266872633.1,23265381.82,14535223.87,788421244.7,55025638.87,1604725.615,6571126.723,692757.6247,946488561.2,6268031.167,4085405.944,33088803.71,1562804815.0,2640512067.0,1461456694,3882308.321,5175417.48,123163799.2,25499152.6,512447.5206,57272917.56,99150740.97,24361681.53,119474615.2,180569.0226,1562560.274,31143611.38,579164.0793,139094.7726,7025406.775,41304340.44,8493188.67,645241.5604,4282611.853,270647.1901,52238216.33,541447045.8,49311441.76,2242988404.0,33232920.31,35686309.88,3099061.0,3623070.0,8127474,20285620.29,38001455.67,20959609.16,36091706.16,488332956.2,70361219.04,13705189493.0,272809.4196,5916469.297,2506769.287,9881911.68,34940725.7,489285.9077,356496939.0,27059502.37,156110764.8,12603214.96,59866220.86,1030254742.0,2333889.87,82794779.0,1926473518.0,777707384.6,11412556.04,707668.6629,413573.5368,136591569.5,4282231.081,11663295.88,26438127.55,70816900.32,82096715.27,5891652.281,754073588.3
43,4221069.428,18745051.69,152567932.1,510972783.3,40693161.79,4357076.819,14924831.41,290866381.8,22117809.68,5957769.97,3841749.118,3660456.378,354258825.9,376830385.9,11304898.72,30138191.37,4873556.353,7328564.596,571466838.3,75079328.93,46277317.27,80668.8688,24619111.6,1339616800.0,14471055.2,20580715.5,35914756.29,284473631.3,6582872.833,870589894.5,261654981.8,4065008.43,18087491.64,88924412.77,4604590.109,47735558.33,64232602.5,14124288.81,5000832.699,2560359.6,57799214.32,33895629.0,378096.9935,2898480.077,234259455.5,285157011.3,3724082258.0,10995629.32,2488220.523,102907875.4,27259015.96,65386807.14,1340082.918,884987971.7,33121696.37,620948448.3,36811247.21,8280510111.0,63319102.69,37949677.84,1253169.016,23951603.95,6460053.54,26324476.86,136380164.4,6383058.927,413137.3702,45931100.42,24336371.52,3988776.059,2260355684,2241910522.0,2533920378.0,850471209.8,433349267.3,175640843.6,69298687.18,1520448.825,58015942.2,305093.7269,1494564.227,17196685.82,161554101.3,49591096.72,571298255.2,89815733.24,3373212.665,516556.8027,15767271.91,27817835.78,60821684.86,15222663.4,397972325,900858.2906,87574258.2,97800898.37,4574075.563,1277470.046,3816807.379,12332236.6,114501381.5,13745935.43,39642066.6,361953386.3,230131322,1378945088.0,2215890.788,1073468.714,8626782.9,57657539.41,20981687.3,90085273.68,2082380.155,192278554.0,396589738.3,10383862.93,434084668.0,6083881.674,1213795182.0,10501146.9,62459641.07,317156.3272,1430139335,547639.7904,2304758.573,23917979.01,84335938.86,1071970031.0,46818098.4,162864432.7,396681645.0,12350632.99,50854410.12,24728358.83,446168.9002,4240757.627,1883337338.0,36655760.72,432796.4729,15914635.88,45716069.54,2795359.765,9378443.995,129232139.9,3455426.476,106768085.2,1760845808.0,538276.2714,393769713,207279085,9118841.816,307700337.6,250484968.8,162471998.6,18771234.4,974929.9199,1326882.439,180028066.5,2357639.601,8281259.618,1410447.052,409275.2871,106846260.6,10539666.18,686803050.4,156442.0607,3652719.39,362514068.6,11253139.91,2811225.0,1181123085.0,6102317.346,55095396,26094313.97,8101760475.0,1905415.624,8862438.078,408993.4814,39517778,9323263.0,13783917.34,1671950.758,78241682.35,470278249.9,414425138.7,420026186.6,77470095.56,15289517342,1879581402.0,630104786.1,35467841.1,1752059.421,1152155460,3274543256.0,11620968376,27437676.33,101709103.0,145282652.1,38604117.35,1045030.493,441050081.2,40163902.96,374812923.4,215280023.2,3128282.914,131470.602,111764373.6,14288066.05,120425526.9,108087432.2,8911649.972,27500447.85,841213610.8,6214828.495,465408405.5,11450931.37,5268365.749,1911242425.0,22550590.44,4079134.98,25899027.24,25352084.59,81393987.41,26794321.41,244796385.5,20112206.11,318038868.7,269766.8827,491325.2075,3252986.121,163125015.4,1514374.01,8973618.202,4238863062,1155371.319,18412278.92,183509308.5,110677156.8,260756379.5,193893547.9,108759356.1,1113585.826,6967010.514,915573.5506,1082045859.0,19645437.24,4209206.164,49340312.73,3930835002.0,33939249.06,842420370,7544975.284,5851647.545,28762787.38,10004125.31,286263.2001,47363690.07,250474340.6,39006011.05,150741641.0,871601.3073,13305619.71,13925192.2,1081771.653,195201.997,2882755.013,86148110.65,16552649.23,26475103.42,8105167.128,491577788.2,92578502.47,7732829.738,26868963.38,385848304.5,154941006.8,5991553.039,10252209.0,15679798.0,28416878,282797261.8,81902357.78,49205310.87,61811506.84,293505646.2,61470362.59,1140975238.0,13880043.09,27180064.37,6255191.842,7451396.266,129298593.2,1461838.722,810602310.8,25758724.26,25754457.78,59698073.06,48094445.02,3351146066.0,9657349.026,146929793.0,7218548065.0,798320548.9,9713852.251,532633.1837,555211.0216,91339455.6,4885617.521,19046877.34,25682029.31,174729659.7,101943422.5,27063104.83,293696833.3
44,1703431.248,1330797.675,439326860.1,469978.0936,83807498.63,1288940.578,283954.2959,166805927.5,6232461.585,1056817.069,26545104.95,2753520.796,1767045.454,19936893.98,3031535.597,10666452.9,2919259.337,1005537.159,184529949.2,22574758.77,8946327.181,78406.29053,262478805.8,504175574.2,6330543.614,211721651.7,435332615.0,16845783.73,1207921.585,761370.459,37327383.78,1573319.196,8520491.091,33429768.96,1626981.341,181123134.6,2701645.747,966605.5232,2453296.796,759490.5551,48730912.15,23986226.0,4333120.072,2995689.312,11109173.56,17131136.14,72715370.73,5040926.565,1589838.25,26591932.15,850856.5001,9801194.992,187901.6703,373221691.6,6543037.068,85822624.62,166393746.1,9479852802.0,12705906.36,67742909.26,1115087.345,19612104.79,927378.1214,5659780.474,64917290.02,1760794.691,290305.7139,25892685.62,21341712.65,5793312.156,906541718,47199842.8,1531737344.0,18948634.15,22519759.56,346620.1679,408110.1326,268312.7036,20522271.44,1147427.581,1620598.95,3083038.558,59978032.12,19830391.11,597018222.5,64929662.76,1823998.061,267749.8982,15220839.56,6590286.454,50368571.91,317758.0311,207525451,719423.9796,4022767.938,2244985.99,7855011.442,25167415.76,2957304.916,1219192.1,137030162.0,1171650.409,40659174.98,8195302.673,596834091,1006699152.0,143347.5688,1737006.849,6759595.724,1116711391.0,21857124.92,7532160784.0,41884113.81,67100540.51,174412317.2,535408874.4,106608646.7,5784822.364,1026106641.0,12783927.9,15183092.52,46899163.38,717973484,462216.5482,3926621.237,31257624.67,115040220.9,286422047.3,34392097.64,3284817.056,131657990.5,245363491.8,813196158.7,1834693.648,1038074.897,1190768.607,51166278.71,1408441.405,382086.9447,9443050.163,794758238.4,922179.8604,1420786.576,18812005.18,496017.0668,998711507.2,670648490.2,3791026.389,206075913,78689878,26850434.39,474540287.7,6686943.074,47517247.96,13870138.42,977414.1927,1435046.46,174894789.8,955807.4304,1673857.351,2609037.276,16434972.89,93572251.15,1685512.759,233852006.5,94171.14762,492694.4678,27578023.74,1383387.396,734569.0,1342834.823,17211112.79,784034,3237070.683,2123148750.0,363741.6354,8429372.458,4244893.67,244400,5719708.0,1753235.181,553723.1046,11396654.96,217380342.6,218158906.2,137937443.1,35784174.55,3153102077,793902042.2,158663960.6,141543722.4,829593.3608,40328224,1940569227.0,6943976054,7792595.696,64777708.86,205461597.4,2374279.71,27249237.58,91983847.81,27424359.29,66509548.27,20448335.76,8007156.53,127783.1507,71003650.72,167812015.4,59607162.61,151849266.0,14670238.03,9474495.963,339793254.3,4481337.743,65513249.18,8262818.568,5528211.498,236378337.4,2992110.774,8749627.031,4244732.385,4165946.151,135291224.6,7398109.751,1790226735.0,5139727.407,1015665179.0,222315.2556,2058018.372,217639.6073,9159926.493,15339010.18,2086477.729,3056004592,407519.9318,47100747.08,19905795.81,39209235.25,472179713.3,79992035.27,1795381.821,24316138.8,13180623.87,225452.8041,577091307.0,22958443.55,3632821.153,32307138.82,653238132.8,2815897430.0,34669796,11996225.57,1178850.736,83810040.71,9963640.254,1617719.431,18400525.45,32035745.97,28302683.65,75258141.86,56404709.37,1362410.191,6590922.993,63881682.29,95687.04941,1715549.133,9101158.971,521976.3938,1627388.676,634936.6781,29926327.6,1504130.575,377787.3687,19150284.91,12895659241.0,1666195.309,110348589.4,42455836.0,31557926.0,25470947,287379962.5,562596.4806,22636456.45,39963499.58,106215204.4,6991734.027,9946699118.0,9174406.443,2103948.601,49979093.01,1644085.2,36809267.47,1459450.905,60763781.18,7486682.21,14602465.66,9666924.656,10012500.9,38604921.03,1669171.132,191401.0,3087903205.0,217900990.3,8334144.999,562250.8067,326646.5335,11668089.77,3550170.601,4292130.668,47642038.86,245131410.0,30183409.55,9565245.319,432707606.0
45,4751354.536,6940226.562,115708845.1,71940452.25,19671468.03,5830032.244,6050400.042,124051543.5,16250631.27,2564221.372,2661734.94,2311992.712,5380780.429,154096130.1,2146034.628,9505370.865,7087204.552,1908856.15,65034846.13,90808055.41,127403946.0,77798.9235,2018696551.0,1403908441.0,5574563.245,761630014.7,224242984.6,33710625.14,10154843.5,6939870.292,1012161321.0,1062209.523,6261379.636,86032960.73,63816649.44,100391675.5,6990231.546,4848692.272,4687085.869,382892.7532,19213968.92,10179514.0,169839.2349,2372367.711,29978122.39,34439148.62,1452072948.0,8266326.998,722346.4906,113145549.5,5827279.199,543126.586,253728.9727,219097981.5,10255435.63,429639799.5,350444.9174,29769726728.0,11888820.76,57950538.66,311549.0283,1611863.606,4993523.343,6319085.805,79000204.51,2387479.955,858164.8921,97612231.98,6289465.817,9804991.877,2075415405,35262714.51,3095055933.0,48574558.79,180890107.2,649779.051,8460835.301,3060138.796,36448191.14,339562.8304,8784074.503,4229437.38,20064278.12,33496198.66,501397819.7,55063702.34,2141536.702,428381.6195,25226444.54,3815927.204,6932902.099,1231906.781,357873803,722527.2145,1638124.996,19212354.04,14444175.31,41621990.17,316224.6287,550040.1143,119862549.0,1283555.709,26227028.37,298718110.3,651830276,628091566.8,184225.6214,1558518.904,12734361.75,151063661.4,1358905.267,1675891426.0,1087853.386,236820933.6,193676504.9,4336543.072,23863355.8,5432082.792,2814171040.0,66791676.99,36368623.71,10474377.07,1751585682,676751.3923,5253035.747,136771171.9,149083275.4,764441790.7,68391739.21,47512117.26,242836610.9,5730711.356,239233257.2,6879482.598,199394.5106,3142603.691,289866517.0,1285570.999,616543.1683,38215740.65,232486480.9,2547106.214,10520452.4,4264567.432,247550.7375,121554342.9,1218534344.0,1062435.081,57432842,40371135,12772134.51,474360253.0,341912392.3,106551014.5,96868373.8,1428148.189,1994815.942,166386548.0,1772942.056,1212967.947,1332142.171,276317.7838,7328822.148,811146.8317,567208856.5,144455.3947,2697905.525,11455979.23,1288399.134,953405.0,891990.3385,14224072.32,41450118,4083437.182,17674389901.0,993257.3209,3311572.496,746245.5729,38089700,10824860.0,2136163.621,375274.2997,12026039.51,388722197.3,706765885.5,167907451.5,214247760.3,28623346180,1782413072.0,467671793.4,98014093.57,3789020.245,1035777686,14386436802.0,65274864682,37957805.28,71440882.08,38846762.0,88027574.61,908734.0666,173238921.2,11131177.66,156220699.6,165892987.6,17091802.46,126793.2904,118010631.1,66303303.58,133908002.4,193902532.3,6770190.198,67493688.04,111685381.8,39734001.51,350566408.9,27771037.83,4088178.915,67406268.92,14600307.9,90690063.9,96779833.89,11100803.5,117226612.3,74628535.21,473251158.4,12119211.8,354708347.2,481038.3644,466214.1306,478930.6397,55893297.06,894244.3968,716934.2326,4806817374,2002699.469,78572442.89,84245010.13,87326611.35,294264725.6,556146140.2,18108711.69,2181582.984,88056397.96,144042.9664,2016407609.0,7595464.021,3593512.026,6942600.703,7488756422.0,976354316.6,893462445,11343826.87,1757231.703,3768128.665,27908358.51,1541797.88,51292104.64,38370788.65,9453744.999,59472413.8,109509.4793,949576.9461,17083214.51,530005.4779,162607.1536,5175933.311,5068849.181,13750191.55,14341115.92,1671128.473,292787.1644,834377.6878,314843.5477,13938116.43,1459680554.0,2130304.744,39847407.06,2125319.0,5187394.0,21562815,490395230.2,9502782.801,30043585.27,117945638.8,868291587.1,209686037.1,30348948091.0,1752066.988,1595996.955,2068991.312,32691388.07,21723822.42,1029142.954,581261041.0,20963649.34,137975420.0,84634327.19,195940532.8,1609137192.0,4560485.479,3854078.0,28723954292.0,705013579.0,6099395.428,244578.9912,622451.8817,298863112.3,10591413.13,2746492.859,67985561.46,29801289.09,52147022.12,354861002.3,901855782.0
46,3429409.226,901153.5487,96763596.79,67107938.22,5363088.878,3794460.324,14732203.04,60915027.36,14215327.75,4368654.991,152930491.6,29780996.17,17695251.1,173503491.9,2927672.658,9899578.857,3311575.549,1559761.712,150249111.9,64323778.7,45768482.81,76198.50906,79924372.06,247583736.7,44488273.74,44356221.15,36770741.64,69818961.16,4852335.47,43497105.57,126079759.8,1128184.465,36797796.83,50571761.71,1958151.209,24097552.79,38034574.27,1526738.174,3348861.559,8889704.485,3277525.229,12525441.0,201698.7951,2706492.115,126879877.3,70370184.16,1059644335.0,27118482.07,3027318.147,17075637.76,82975081.53,36201575.0,5628051.497,121302704.0,26699036.69,309079626.9,56438632.78,3073006098.0,42974529.72,17129713.21,716673.6665,22042857.99,99495174.81,16319881.42,7241265.915,3557247.317,1949384.502,7056365.764,58091035.29,14507841.99,1998813712,11751497108.0,2409369278.0,151726905.0,84947715.53,10620307.42,20851771.68,1078836.079,25849081.65,36208611.96,39007250.36,9347485.24,78407251.28,44708955.66,928419450.9,210516899.2,3252338.236,607036.4169,9676914.9,56430348.25,21307901.11,40610348.75,429524514,4902937.049,33801002.1,38479966.62,11178386.97,95730906.83,1801876.111,893863.9549,215861485.0,5368451.886,129681713.6,590925022.6,726142232,515825228.9,525801.435,1508263.612,16127171.42,81386523.0,10640411.03,46128726.51,15924187.78,44014028.08,227568604.7,1329684.179,716966595.3,11471928.66,1744338069.0,13400743.36,37591040.78,940283.7078,2237804430,599770.1467,45350912.26,9091937.584,5608047.123,496093938.3,3921089.823,42270138.55,166152474.7,4301732.843,325999263.4,14100967.71,376860.5434,5076498.642,97558097.64,9227573.309,13823110.61,25854078.28,315318572.4,5795012.802,80266480.87,10255805.77,17366728.91,370000668.0,382470720.5,33265986.79,31788072,4338351,1344403.693,161092570.7,63503988.93,126548090.4,18311091.37,1529732.662,1470483.689,93855433.54,6213118.833,4042998.1,3578635.809,2256003.81,372933913.0,5239985.404,558836795.4,215118.7599,3270923.121,335421485.0,3830652.681,326956.0,39000864.96,3800233.568,62249044,5839437.131,1999182541.0,793882.7132,4078679.123,1033134.79,42962483,4387523.0,22832157.81,5082748.554,15690745.31,255235367.0,162330715.7,148395695.3,89859854.64,6156821397,523182978.2,619743407.5,15861647.7,13944514.91,1124828105,1139880751.0,31113673395,8923180.084,89431195.98,91936590.56,5834177.516,8175136.189,221414309.4,13825178.6,17306251.19,284118779.1,12667747.94,124185.0048,157552359.5,33838849.53,71218371.5,186392013.3,3996841.024,4315600.158,102892158.2,9025101.074,127805138.9,3796645.576,7803698.347,621834403.1,7487575.135,3262038.186,53790766.87,6698165.192,164792831.2,6590347.736,4193969820.0,37895773.3,267870884.1,362292.4985,551883.6802,1144473.933,35054140.16,809857.3632,21626674.8,3048284710,16982692.48,29915530.07,45899824.39,82387602.88,300978174.9,380499347.0,140044503.8,14286113.71,15104104.9,36966515.4,174162831.9,516138958.2,7912799.287,65118611.59,554070720.8,28932813.3,1174389694,1875974.214,7050370.549,2277644.395,6077207.621,1250004.422,42853497.68,122610889.1,15481035.28,48205608.37,3037156.379,5560859.477,81825156.1,3881640.262,142896.0577,3940159.313,13702010.28,14802293.36,507718991.1,3936671.833,278283.4066,640326.9902,11641952.22,53424540.0,232616887.5,48170007.53,2326259.973,258260.0,393239.0,576708,242184539.2,36271670.75,1370428620.0,17638172.17,175973473.9,161218175.8,109624991.5,293498.4027,1223695.186,31692436.69,2432722.011,17262781.32,5982865.138,1376642861.0,13168894.15,67887300.92,12606854.37,24578027.77,419058856.4,18915219.68,80945139.0,3048380210.0,72259843.98,8387366.146,3765376.353,328738.2486,144592756.8,3848644.064,1611027.672,10525034.86,179002630.4,70202326.37,17261607.92,358615015.7
47,515005.4188,5893059.52,229984979.2,45783737.96,213182099.3,3259530.887,259018.7171,1158481159.0,10251938.68,4719166.933,4095823.127,4383058.758,16949934.8,187794058.0,11960415.62,19701925.18,5699720.531,5005434.415,132840321.2,70029713.05,19045418.68,72613.62684,1105651079.0,998853109.8,7887932.807,698680954.9,218113461.8,89306310.35,5237773.832,107939620.5,418555039.9,1606267.231,5080036.033,70202401.53,5448408.483,255110029.9,32715374.76,5807364.098,7346211.388,1255716.036,25801192.63,47000456.0,500650.4982,15766014.61,6285677.343,90935253.35,7475153765.0,6384937.202,1055064.37,57739735.63,14576717.0,13808128.47,382075.6115,113270566.1,4095065.89,596854769.6,975914630.5,23500767678.0,18195993.64,41920069.68,2371348.751,41205835.09,8197672.829,24099096.41,72051016.96,7244576.885,1456193.464,38235510.97,21632905.81,4999960.29,1498454544,17231904545.0,14141049634.0,258384175.5,101223053.5,9167894.458,12603480.13,1046810.869,60175047.68,294216.2429,705604.7541,7271138.38,115049892.7,18492624.18,513353662.2,47562986.54,2992162.972,415326.4533,12756709.1,7042013.771,37411078.07,3459044.987,299010232,736910.2354,57572194.53,29916224.09,9132441.638,16512977.2,3954059.497,3437309.272,35303588.0,8880342.851,32060105.74,2604252.378,300618614,533006237.7,177851.6068,1453697.56,8955570.972,249661785.9,14344756.1,128763067.2,920404.4022,56301200.3,102706763.9,3725090.339,1628120738.0,5754892.076,4301212597.0,10750438.38,73313410.37,10143404.17,1518099064,653057.3449,5951408.332,22204031.93,38544421.12,540864027.9,38857065.22,42204127.21,308973381.3,5943478.742,219350364.7,8230584.64,292381.8832,3628050.757,370412264.1,35967572.68,20220791.06,67682935.38,175349065.6,2784216.002,2065816.89,33876317.75,1475541.207,85109048.92,627153438.8,551169.1458,30584889,16730223,61841720.65,494947120.9,237109709.0,166212456.0,4894742.171,1076156.567,1681061.953,201602821.5,1623177.103,17649397.13,1630253.068,326137.6736,2086441255.0,4668225.158,220309565.4,130639.6692,2283646.027,23323331.89,2519039.66,1428687.0,586858403.3,6818875.061,40851642,9155121.174,11064769302.0,609537.3438,12498457.5,1250417.374,29049278,10774992.0,2704619.868,629356.0276,14448788.16,689429504.5,1120422214.0,261310086.4,76230963.58,23336506394,1965730491.0,376005456.2,68739904.64,587881.2062,1267292283,15952454764.0,41764079479,22956321.33,51650814.34,195266360.4,20289896.67,813605.3354,235628199.2,53523763.17,540084699.5,186234621.8,164935686.6,118342.5202,115792234.0,14031119.92,73512054.84,391150633.1,13282129.41,34403340.79,90769208.11,11107802.62,158119365.8,5233136.757,3647839.161,9710580219.0,8483107.11,8017937.692,56191005.11,8069429.293,60319399.49,22262032.72,635280793.9,15336407.25,124276974.1,194146.7704,517354.8869,4592536.44,57865354.74,950010.128,3660985.841,4416505174,453255.0294,26836470.92,73341119.38,55999258.84,148738073.9,139726068.7,49458293.88,2827829.499,14387015.09,190390.9691,77865196.52,41688115.77,3710443.691,5726026.077,2219595277.0,397348737.6,724420605,6656310.96,1943508.191,212703500.0,35970185.35,83668.88951,21163192.66,66462602.64,147400552.8,111787243.1,224011.2258,1050732.061,8404165.613,625289.6054,189987.4299,5597863.532,75111577.15,17893852.42,644928.7006,11137608.81,2197505073.0,786154698.1,354788.545,15226003.59,1202300295.0,119288648.3,31890760.68,373832.0,113414.0,7915435,304207328.9,22583092.09,164145042.5,59842785.86,79287354.19,132393317.1,10062032098.0,885648.9844,7233952.194,8683335.004,12648188.15,56135955.94,460547.8415,366041510.3,22655183.14,22906342.94,16869820.39,14861150.38,903550544.3,3304405.005,2081417.0,13984032636.0,897277909.8,8524430.874,927088.9187,874429.4894,72172553.02,6449327.512,1311212.115,37804512.92,220690035.6,189774650.5,407516437.8,781821161.3
48,1478127.447,1547726.365,1148120869.0,106719.8546,140924882.0,5331910.566,4871765.8,179224594.3,11541642.19,10862478.06,8618212.87,22108603.28,5897115.358,36015246.36,15150318.22,44584768.45,30433553.08,2321895.878,523750091.8,13146067.94,17241036.19,84306.39569,1672115403.0,1215669511.0,41804362.14,1000005769.0,149756388.2,6751162.667,25151667.86,1402266.507,76514601.63,1936149.14,21379776.18,1388772.503,9462623.748,141023296.2,10538077.14,1228687.24,9345180.588,3413970.617,26300126.0,444715.0,195063.937,28415072.25,1801609.621,39689148.49,1626873719.0,17465587.81,1261437.533,54069360.4,190337183.6,2469544.18,293106.5704,616998130.1,5269162.872,490409233.5,2375070.309,17171628798.0,21361550.18,25589500.02,2606489.85,11616737.61,6712901.508,9112173.848,92179069.57,5066167.597,1080149.616,104159207.2,7617068.605,11555899.86,1406625247,2691602228.0,2721866424.0,37035656.61,270601121.8,749956.0531,467430.5349,8727614.144,2567545.43,333144.0658,1282216.409,4096110.45,37139153.91,11489208.5,369807356.2,51189380.97,1776397.35,298314.7234,16861891.05,6181749.677,4671335.828,4070316.601,35250155,1557481.772,41402555.37,582583.9437,14848833.59,16662719.92,309590.829,2923609.329,83185888.0,994117.2153,41848971.55,1252012.825,683932530,933433562.7,899421.5165,1067904.796,9835581.383,3485646183.0,699914.1464,8625616775.0,2910437.04,314730235.1,309298045.3,63592936.95,102932610.9,8730527.75,635321589.5,123886505.3,20917443.1,490048.8134,587815281,541791.1611,1617863.716,58679417.39,11482117.37,146379001.5,25146121.14,89778899.58,43989225.06,21919690.28,805272995.8,4187092.803,264546.1939,6818104.559,28273798.4,573596.161,1074872.12,9964835.195,758306092.3,7259625.859,11429322.11,56183976.1,349539.9298,409247458.4,876426783.1,39544381.15,291022886,559846034,15074317.4,94529187.84,158887356.8,50876892.68,91629483.9,1453247.563,1392234.551,125130942.0,4409850.352,502929.0202,1026563.065,16260352.96,112127415.4,806996.2634,206665644.9,146061.4797,1394059.172,12483245.71,38967971.59,683425.0,3932657.712,115905466.8,7111649,5748614.17,7678318673.0,436990.5137,965582.1016,945644.4445,2181321,6021925.0,8131319.03,399250.7008,40940229.03,750875451.1,335367459.8,190644308.6,71656968.39,10098567372,1211112269.0,105278588.3,34774846.3,5746879.719,992524,7667927280.0,16810347909,15739086.02,122760560.7,270805656.4,19324071.24,1361945.399,311019839.5,684999.7186,56929928.42,51249071.34,91750014.56,137398.8846,84543022.92,156250808.9,100014638.8,161040335.9,21554814.01,25895478.48,589031307.0,4566933.147,172063070.6,2580424.357,40564998.17,1212349933.0,5850002.466,22266753.4,14687861.89,7996060.637,36703080.02,10298587.06,475229751.6,9395412.501,145863289.2,281300.9055,441427.7365,1107619.221,23863476.42,154088848.3,1712749.348,1759737390,1644094.471,12113080.2,35179278.99,73009406.87,64722053.74,319341397.2,317907.7203,108143341.4,2982947.746,159007.3803,805417293.3,1124114.553,3714093.805,28005646.12,3289428791.0,1670570682.0,565553108,1614767.447,1921516.49,140947628.8,12681400.49,450046.9913,48932801.71,31057152.68,3040780.134,74293252.98,145291.4419,1136608.057,10171670.33,492046.6254,145805.7151,8094334.956,2353924.441,645441.1519,564736.514,2121608.808,277190.2948,43393901.85,369391.8613,39145588.77,300815674.2,38683098.26,1141390.022,170234.0,748868.0,7915435,176074986.5,70880965.07,6797601.089,40230423.61,86392419.83,59752549.36,10937756838.0,5492770.8,1994639.975,957673492.8,10406627.1,9628905.285,3420460.366,15429694.24,423316.0974,23280975.73,47611140.5,153132037.8,772643717.2,277262813.2,1157133.0,16446160475.0,228367578.5,11712156.38,1018747.853,395596.3534,20261963.02,1811906.608,5278209.687,50392288.15,283532001.7,71503340.64,17691575.05,1001430763.0
49,476694.0643,8523097.114,124077008.8,201285971.9,14811261.3,1537920.109,5083664.353,100666837.1,33402156.52,2852832.488,1685759.034,1738247.608,15200538.56,121431609.7,2183164.696,9049090.726,6772259.203,3828542.542,383085704.5,35614615.47,45958432.61,92040.38303,2423483075.0,1862375836.0,3050849.592,1424067849.0,201329161.9,16242944.89,3271415.721,987765.7927,932182445.5,1605996.937,9074124.984,6779590.493,27949810.34,375057762.5,2502001.555,4859107.192,5924864.945,466919.6271,23006802.59,1038033.0,6267768.798,21406064.18,4455137.568,18131319.6,2380378193.0,4711642.852,1030500.543,87071744.3,5304753.145,3246953.725,382583.1191,679269741.9,41306691.28,454904035.9,2571933596.0,14829751069.0,6007068.123,12949354.04,437077.0922,25384372.43,4320216.169,15769174.35,34481289.27,627508.1783,538265.779,95706712.03,765514.8599,9752522.525,2667512727,1123316381.0,7098789700.0,284977965.5,82536797.61,503019.1453,66596401.81,123539073.3,5678504.587,260048.1051,583922.3705,2469232.123,10140332.01,28002615.78,53748078.35,39216973.29,2393703.007,323812.7799,9203651.488,5113867.066,66108858.12,452854.268,81446813,633606.9866,770844004.1,43582378.33,25747459.14,24397350.89,2817504.224,2318428.096,236874472.0,29488891.42,87549007.48,907325.5682,723597237,1038840162.0,315543.0469,1946026.713,12345952.1,150512985.1,4563118.954,2194518390.0,23510914.81,120769781.5,53332046.39,40864827.65,1021917314.0,7285735.747,2020961879.0,29460852.09,18439340.75,379411103.4,210121900,2026458.309,9597492.015,1993608088.0,88977903.22,101627287.6,32249922.33,759646.1955,368230887.2,24646269.92,225662034.8,3799615.389,3145924.207,3519998.93,23142797.1,14729428.17,986680.3935,21737909.31,201414536.7,2405503.327,891812.9603,40941904.48,988883.8166,681507184.0,348887806.3,4211262.341,139935892,130059826,14738108.02,323378363.8,109098873.8,39517579.38,7493937.752,30595081.6,7420359.234,210937159.2,3889486.566,1878841.971,123768992.7,87965374.73,145092172.9,1259312.799,353071048.3,141354.8507,1606744.372,14173975.75,8887645.042,1034831.0,78100317.96,744894724.7,7001403,19585552.78,6064844028.0,689184.7001,1022505.581,10960763.56,6500938,9489053.0,1768517.737,317939.9201,27609980.36,12214465654.0,430597739.4,247738736.0,95922555.44,8423350553,1620220933.0,453254264.7,32879697.78,5242925.817,550059,8715445337.0,20217947503,17367470.74,19792124.76,252592808.1,26418330.93,11738535.05,38770540.0,3236591.166,28103221.1,12652581.05,57318801.08,150003.3996,58006745.91,196825863.6,172781662.6,46556301.98,38914933.44,74916476.15,452955549.7,63482947.6,419560057.5,12913414.71,11001449.51,699318338.9,13089211.65,43869371.92,39711532.98,7885165.187,272138011.2,8523152.416,888318574.7,8742070.702,598400860.8,199152.9545,352076.6047,693298.8444,8966013.367,65981757.11,9402978.352,3271202090,3789369.143,70258928.56,3862720100.0,165226109.8,163407802.0,50220744.85,63944706.78,69699781.18,4566334.761,247540.596,1001787324.0,54865572.18,4211860.708,227082600.5,8966701244.0,6509060308.0,434057709,321993136.1,1068849.1,14746305.05,28749834.15,919252.4118,45583549.08,44038276.56,3426118.635,156200447.5,40445052.47,497292.6561,6592626.345,57071027.35,2100677.978,6414329.082,9916871.069,577795.5242,380088161.0,4579700.728,266221.9448,121040333.7,316687.1951,12584357.73,833709298.5,793296027.2,137991519.1,10915958.0,9182812.0,66235,66442676.64,670795.1871,2615839.571,73253882.42,155583730.3,61150524.99,6490866990.0,251334.0991,20170519.87,113024528.1,76755132.32,56764152.7,10474967.74,5842791.096,2358947.5,59506334.17,44588416.35,36292956.22,1630972633.0,4359788.194,3612127.0,8673598566.0,786100310.2,4111489.981,1476628.4,366172.3481,79741223.17,708964.3161,16165536.2,392002624.0,178403143.4,52099251.63,26308531.51,1111061069.0
50,1045832.866,1775549.221,156088061.0,102277262.7,251733505.3,1670492.923,376472.7342,460284569.7,7452396.339,788758.3429,10083577.67,1675687.229,11298103.06,103824952.1,6117520.501,56471293.68,3586427.825,3788911.627,389495549.6,251361964.0,145806039.0,83691.82564,247072405.8,1227514821.0,24592168.0,69725978.21,486000454.8,12433245.23,2356123.931,3359578.497,559941209.6,1285145.897,8859014.362,122925857.7,16308933.67,165425171.0,11856606.2,4657398.87,2787069.927,378992.4341,24358968.48,22757770.0,5208409.397,31761244.01,11250082.08,13779242.11,1289137114.0,25559539.34,1455981.91,69077878.77,24094835.25,198624618.8,271591.3081,127825874.9,4750608.114,171430999.9,719576686.9,16177136923.0,91405238.29,275305930.2,1280854.702,57080814.62,9994260.881,11615951.25,221736040.4,8920563.462,1537949.599,37149178.59,14663852.14,15279617.48,2625123108,88147383.84,796821507.5,402652099.2,144382715.6,513519.9064,377011.3615,781224.4899,41720471.72,249188.2684,2673161.983,4670553.963,225205707.1,33451040.87,678357624.6,85926377.54,1834773.732,335600.4337,1028196.285,122822463.5,30272858.3,9746958.622,663710839,981872.2818,539500936.7,43856525.22,4354062.586,936071.5212,1368101.212,7094715.62,184228908.0,21958950.88,41439608.33,174909345.0,575474796,1022946943.0,311324.5031,1483191.808,10642669.2,370014227.9,28152207.5,3733198777.0,443818.4229,214513041.5,1062124630.0,15175674.2,1218467967.0,8335887.032,5171048883.0,15981424.94,41910209.77,24018607.79,1300146385,677454.0582,989211.3978,33191148.85,71663975.26,484185816.7,35291020.75,255354566.3,154708056.3,23332736.14,303629893.1,5788878.882,372893.1964,3309166.159,632816795.2,6430485.445,26215064.97,54720240.5,271056499.0,3985080.951,11572504.2,109600183.1,1134480.155,249579535.6,1470884038.0,26492450.52,311572141,135879960,29850162.24,418911430.3,443581570.3,287798902.5,30528057.5,606415.8384,1279289.836,136518051.9,2898848.55,426068.496,1578453.385,19988864.53,13749235.91,27093502.94,1647541889.0,109811.3433,1685814.1,96162705.9,1541608.791,752742.0,54651843.88,6265784.413,30307149,39763476.46,9584364880.0,24654425.21,6359089.933,341151.9292,23094438,14585459.0,9367163.108,1993638.677,19160661.37,146877019.9,1299956418.0,321583238.3,102472872.2,24442773883,2378409298.0,367178725.4,65556233.16,4922117.33,776896951,7734620763.0,24160714103,25548258.45,68626456.55,70683344.3,29792811.14,529580.1705,118006278.7,26490165.63,1065383369.0,426526668.1,32032902.77,136397.2851,117186007.2,14630520.13,134095571.8,110715833.1,15378728.34,30167702.14,60680743.38,9762832.916,333043440.9,5618972.267,69109080.6,324737426.4,12157841.18,16718323.38,15766282.99,5199460.748,149675304.9,39896601.18,118719103.1,28398825.71,400300190.4,248549.0927,3006190.646,780592.8528,75861876.97,675752.9944,746857.5058,5016658245,3089188.657,103593429.8,111073087.7,41112016.97,74273995.85,770017716.7,26100098.76,17735070.05,17778470.02,1584205.845,1712011019.0,24915067.84,3760340.105,41351072.56,3354588443.0,294762919.1,1158292838,5258391.876,9066728.074,253616192.5,43922692.15,474490.9378,34378702.09,74484195.55,19711371.53,97148427.6,4526884.517,731004.4958,12748986.09,5373115.073,109107.2533,7927933.83,28570841.08,10556505.38,850654.2999,2443353.858,311297468.0,280504299.1,2727102.716,36981821.56,2142689371.0,547249025.8,403426273.8,239472499.0,477962912.0,626808879,45114142.94,21531653.44,50821012.41,67335713.34,632477025.8,99408990.11,7701659827.0,11164932.24,20765156.21,117479537.3,13072009.75,24199517.72,2251139.796,275984515.7,29399665.14,125441972.7,105258364.9,77668109.91,1400537784.0,55646946.53,12207578.0,15660800950.0,758243289.9,13490930.86,1100299.238,582149.1834,181662530.9,21065058.8,1380339.59,34483565.13,138573310.2,92600603.46,58890467.54,958580028.1
51,1675361.967,13477050.15,7956407.435,222210.8341,3120115.308,2382913.059,272082.0684,37638051.18,4238974.636,9635314.039,25541776.93,9518785.094,199174.0932,10744189.71,24887136.24,13396346.75,8722105.11,1777173.403,68977599.51,294093902.4,145128353.1,99122.04864,339683938.0,723478036.1,180653661.1,121502936.1,77327557.35,337186837.2,4985077.91,262353241.6,128663213.7,2026908.042,222007429.8,3242878.425,5290447.207,29559845.29,229898906.3,11985137.68,2712847.717,33065867.65,43682849.85,34010525.0,147770.0741,6539500.556,291933840.7,338143230.3,250007349.0,5398955.176,3858543.751,56821364.59,34145110.59,4543116.956,32267730.58,132897971.0,11453265.19,113175798.8,1960201.774,8794564836.0,49968910.61,15168912.77,5593507.47,3708237.87,3724486.371,41209022.89,3748521.086,6178352.691,2292415.557,22282405.87,75063112.81,10905831.06,2320433590,2014700748.0,991634293.7,256145687.1,44654161.73,10171526.17,292143.5947,234380.0448,7316558.951,2217453.349,206225.7494,37855014.3,19894112.44,391675663.7,655825912.3,1410098738.0,22895209.64,568348.8949,9909191.476,25793778.95,399441.3238,11682714.18,898575780,1804675.02,16212524.48,2288547.103,16547396.19,2059418.976,1972244.62,5759881.863,8744525.0,1541822.011,56608383.32,1251343.472,47677331,379928421.0,174894.2191,1759412.011,11221638.34,40190465.82,5416907.497,3835434688.0,541453.8047,153523789.3,222009930.0,1902109.991,76490569.08,10512181.16,4776842387.0,10507225.55,29854924.58,225399.2286,1327065855,820168.6398,1651577.744,147586352.0,3264641.008,514279277.9,25237738.19,496649352.4,16920918.39,7513256.216,238808008.2,164519497.9,710977.5277,10749367.92,507245233.1,7556229.478,455902.3882,58634113.13,227841018.1,8286877.126,2668048.146,70200257.85,12445801.63,256409254.2,245234473.2,476554.6751,28508462,8256269,1055528.933,143653227.4,132264719.4,72808940.94,7333534.796,483573.7573,1126881.165,128549231.2,3271491.451,9914269.424,11620017.05,346951.1267,149922549.8,1948856.04,3023465884.0,137955.3416,3252598.364,446130496.8,19052052.04,204151.0,14281898.49,7817680.556,69998404,5694899.45,7457679387.0,4753679.098,9865915.062,213615.4592,58434915,7020416.0,32176321.06,4325745.865,117535378.5,153173870.4,845918556.1,429752974.4,77990168.55,10851656709,1780828099.0,829423635.8,19073687.34,8063198.223,1182099080,6051015405.0,8602854597,27999882.0,185919211.8,168658406.2,19994523.79,684759.7027,392849038.2,39222059.16,419825202.5,964636476.1,18420695.99,161544.7892,25884728.88,12440887.01,99600286.9,188621981.2,4029877.526,8666323.612,81799212.15,7987660.252,404322888.4,5216312.167,10827399.22,6636122.018,19006746.45,8376776.998,5142752.969,12169408.54,40953516.08,8752474.202,188065715.8,58660163.48,381832101.7,244350.581,402825.1939,461331.253,57963145.89,358128.4172,9673237.104,5197955274,19410736.8,79419493.41,659987654.2,27672290.53,3571234.833,1154041108.0,4675823.208,380671.9327,2803758.236,182099.7541,966977724.2,1743395.24,6324753.779,16965114.0,4021980594.0,45743209.62,1010774441,1832983.57,17311783.67,15687949.83,10395601.73,1375038.38,19390468.01,104695783.3,9422083.701,149827650.9,447128.5974,3953948.459,40608905.51,578889.301,186708.1119,20419228.33,8581092.472,15753567.09,25886845.77,1583296.48,59536598.19,10671459.73,384030937.1,196830608.6,790833858.8,33311228.08,1616679.601,1558592.0,110846.0,8197537,171129.6576,60944028.81,123023088.0,58094494.21,634595589.9,694594524.9,902582667.1,2177254.062,865099.6304,3021623.682,5717763.204,22596580.33,374406.8467,34502405.02,2102704.802,208313294.5,212334.7893,29686513.02,2084381283.0,26919255.99,127680313.0,8716434430.0,912893340.6,7622303.33,1600176.603,480692.9087,485936256.1,2717548.587,11610055.93,8702888.41,91859443.95,71083201.74,23805246.79,258939667.3
52,990817.4133,720655.1105,70264854.62,6608959.535,38876800.41,1550742.836,3666156.74,193142698.8,3391365.97,1233814.57,3860677.683,6969236.754,18183309.41,38406223.49,8616726.771,8853324.193,899585.56,4957267.149,49558315.77,8430983.911,2431198.127,88596.70528,476056332.3,1695034799.0,17386831.83,211436653.2,569211052.6,10088592.82,2328563.017,2243721.786,165292469.7,1439008027.0,20947103.22,84818304.35,4693322.934,18937565.35,4528513.139,1637786.933,1693874.367,1175361.668,100329229.2,35376741.0,186646.7537,9737579.617,85794029.81,11045244.54,2284311296.0,2006503.037,1255001.424,27325904.74,57630194.27,148137854.0,284745.9472,264797496.4,6240666.411,39984821.88,51507428.44,10919484589.0,19816669.02,34475668.15,2432211.403,17431221.21,5505916.741,20306048.99,127377489.6,4008244.46,1188837.424,15080955.11,9210437.566,69157734.71,1700602454,7008418110.0,7414257558.0,267820674.8,134022369.7,767072.2188,680352.1233,169266.5139,15990805.26,635639.1848,832742.6112,3751808.905,25213551.2,11548712.95,189911448.9,113515857.9,2930034.047,443981.5711,3837838.558,12844400.09,7043833.618,2075522.145,392215674,907329.064,11813114.96,515012.6944,8580239.214,73967527.66,1706449.22,2640591.961,101155378.0,3932066.461,14931652.97,87123818.37,458018673,728614834.8,420641.8183,1592153.983,7334890.821,543397929.6,2404933.395,1756558713.0,7646209.423,42519978.39,93883863.89,94662018.1,112102497.5,6291449.43,1952134402.0,9263095.224,10447626.85,23737148.74,655151998,466098.8651,11370593.52,140206467.4,98585020.97,299437595.3,6280297.16,5530610.527,359425479.5,3202949.743,278626604.2,4892680.43,5333163.945,2223319.447,210567814.8,11574119.78,92608939.43,6770090.552,157471933.1,2617240.509,12113278.73,32537929.72,1417977.142,742485045.7,833507781.2,1413577.56,2641650022,1051099867,329875974.1,589291178.8,353171961.1,20741226.89,3626073.903,1076829.283,1027852.551,217841385.4,2933877.934,3419404.046,2050264.059,1010266.217,279843838.0,23103243.39,363677966.5,154858.0732,854364.1305,76280183.89,2236407.707,1865076.0,2775712.929,18398453.66,21638216,3720665.115,19041997647.0,13984171.4,9360313.009,800087.8008,17549281,7191746.0,18544622.06,623110.1823,13806982.32,24118943.44,9429329.757,363437260.3,21766412.87,1450694466,895686571.4,170104999.3,18977207.25,5925244.289,59525602,2479216.999,6100797553,12979069.37,85452070.08,40271837.73,2102369.188,8072198.738,6446752.884,42070829.77,32889666.61,100140352.0,284654415.7,153332.0977,56861710.39,41471311.48,73576720.03,271369876.6,2974909.707,7740758.212,249589882.8,3002163.294,63665892.08,7171980.749,7857422.792,2374600232.0,5728814.302,8951245.469,10697260.62,6911079.668,47949761.37,4687015.607,414608425.6,12550847.06,63973852.07,277606.9299,2715609.148,1329506.877,22115964.2,3663095.79,1332558.863,5257524586,5148951.664,15824852.38,56997473.57,16727412.18,92740026.28,110918987.0,771629.9481,63588514.92,9339591.632,955277.5113,411843629.6,16672220.03,4483446.429,180769014.4,13134630460.0,2491990547.0,481009205,2198110.281,1481937.412,38882657.87,6707145.134,1058940.626,16280602.64,90367141.75,6652825.723,58659742.25,12140258.69,680860.7895,10869527.85,11898375.14,1116768.038,11794820.52,87482954.77,907567.2826,790656.8046,5253542.984,9792742.664,33722528.84,481988.881,21331946.92,862125205.9,30275739.44,18923624.43,205577425.0,298579224.0,164978895,46034643.63,23346756.88,20770545.65,19060719.64,34154837.16,10209815.52,11532532422.0,202049.9361,8442873.355,257532895.2,9336000.697,15631761.79,1501986.59,81266740.86,20658957.12,18008376.61,23290699.53,5266103.487,119540327.7,176906719.7,72425698.0,3718943119.0,350940045.8,8274766.912,1232943.158,17889978.0,22198334.45,1348884.652,2383554.004,38483477.05,449659042.1,138252363.8,82883281.0,456120358.5
53,1325369.632,6798265.322,290754274.0,165579389.4,478726059.1,2910397.134,818927.4876,871755497.3,64007992.94,8284125.11,19690264.45,6631584.922,41584882.52,129609155.9,7564552.03,10647779.93,11006318.14,5369139.555,530383543.0,67970111.24,56268116.63,82312.08979,759900701.6,455562563.7,8912124.639,340619113.3,12784300.59,34982903.1,2570747.389,3105579.705,74032120.12,185108069.0,15760428.73,30007671.7,1204903.239,224714112.1,16973900.37,4026848.588,3654738.644,751284.9451,46298496.39,207591.0,8295302.134,11720840.27,16500622.81,36317215.58,1544864758.0,4376558.17,881417.6238,38438493.27,5290614.726,20074202.25,317248.8587,486848109.2,11635992.95,48104722.94,2902988246.0,10196334870.0,26569189.53,81091400.2,800502.7084,39056532.11,2941781.834,32200750.19,87257873.37,11577151.43,1348009.336,9301026.669,30332184.49,3362820.215,2290497407,15853126638.0,8281893128.0,79616440.86,85789527.99,576852.9613,643176.8759,83612054.37,40436731.18,401332.0193,4748170.781,4954521.213,100075821.4,66312897.75,1155748500.0,38734698.48,1940351.675,347857.512,14168015.23,16348214.24,46221782.91,2394018.156,181561520,1243002.893,22993416.56,72197673.85,9540576.183,5132182.158,1280580.445,1434331.036,109140214.0,17121311.25,42690453.89,71170150.17,484863858,558554182.4,1639749.369,1517470.398,14571946.94,716947995.7,1210038.039,5866584596.0,178948260.8,138536299.7,617285578.1,24075186.37,1518818666.0,11068638.26,1472820614.0,3232627.764,37096773.48,18327572.32,38153720,832145.7876,14934328.98,23276863.86,61251974.34,322307777.6,4827145.772,626456.1162,37599443.7,9609183.497,230256085.4,4401423.707,5647700.496,3607349.366,48910932.65,18024606.09,1548308.047,8953540.44,205818190.8,6295281.69,37928951.48,18760216.17,419010.8738,240515661.6,1398168723.0,1456591.472,34060275,25190380,89730140.63,1065826409.0,112302847.1,219122926.3,24699450.66,569175.7064,1523242.737,151140074.8,4514773.342,3616096.33,1087453.184,2431546.132,337167413.5,3024653.408,528360944.3,176155.0319,938596.7357,27457776.22,1081217.204,1884385.0,126472544.8,33891650.73,21426923,14914264.83,3462783895.0,13824419.71,1130130.493,941615.8182,13628215,7191746.0,1597272.339,1674286.049,7486387.921,1069981898.0,190836474.3,188857435.0,26058052.62,5733499497,977650060.5,53621589.74,224326576.7,4417520.349,1046989,2512743940.0,6798460002,10372287.47,47845306.45,177915412.5,7698580.283,91876713.3,59912323.78,835433.756,25289958.31,29752070.98,32024314.62,134148.6519,167168343.5,195179491.8,87194047.16,103394752.4,23517679.53,73723030.05,26384635.07,22010782.53,141597563.8,3794800.961,13307969.13,581045872.1,18439094.66,34247383.61,62323791.72,10551068.78,92711867.14,10683126.66,1432976168.0,2922762.21,177677601.2,379691.238,21472802.68,1280765.426,14562919.58,40990370.04,4050582.42,3280449336,1119032.265,17441304.73,107370415.2,365238631.8,501481514.6,350342331.6,51940272.82,501331784.5,15077486.46,170941.6041,560213324.3,67239041.37,4085405.023,322975345.1,2267649852.0,5825486574.0,1082962789,10535114.17,1607270.357,477885841.7,30294305.08,1493342.51,25285522.67,69740836.15,10519712.5,58277934.52,89411205.66,994647.4712,5698751.217,139499200.8,156470.8908,10903474.11,20086950.12,599812.8579,708212.6281,2759716.139,287324.3432,77142395.38,483610.1192,17270783.51,158949736.8,37336709.77,18707013.61,1030114.0,865291.0,7915435,440152.6702,716148.9755,9062294.255,24521962.23,293749552.2,66043603.21,28972917019.0,275909.8178,16211301.21,288758333.5,9841209.224,42477243.67,20125954.94,17163406.82,8389397.449,54396055.31,13976101.19,77717169.03,104450237.7,12771589.77,2579444.0,7593411113.0,142984676.3,3782551.357,1726555.104,568835.6794,68490392.5,7557621.967,860730.5707,47667627.0,216024952.6,84043862.85,35866648.74,3322977449.0
54,1276815.349,4083838.037,34544258.21,180609477.7,209723915.6,1231571.245,18153856.19,410096563.3,45371837.81,11922263.09,5951826.575,4920862.056,8649439.552,195115495.3,21253102.98,11878468.29,5232865.628,3410791.433,57711707.83,22938870.88,108142697.1,88961.30453,3539689015.0,1618154887.0,33652982.27,1471120802.0,62670098.83,173448241.9,7423665.985,25292190.22,1063339408.0,1818296.832,27520754.81,333210655.9,5314544.693,125910175.5,16885750.87,12824513.23,15169752.87,21441098.42,28780528.74,22740002.0,158444.9718,9072679.411,103664835.5,174181493.9,2698222790.0,26164948.88,2704526.612,120593090.2,18563104.23,702680.1906,17121129.95,229926351.6,7886276.773,963444230.2,2431413.187,25822097384.0,365378676.5,24683577.99,807539.5488,592090.7044,9592413.021,62857608.7,239933883.8,16090049.83,3325893.943,75763219.63,2966720.857,6746189.616,2520030933,321096351.2,22270698395.0,68209103.75,135915557.2,11340517.8,38339042.75,1435010.256,30888173.39,609008.6548,3290457.434,29246973.17,162860747.4,28991837.29,730141565.3,133742109.4,10697500.03,315716.3754,14982930.92,11490904.34,1314107.167,6217211.11,754484098,2097156.8,25417243.3,37644391.55,8888876.605,4039885.796,1507760.447,721865.9279,143642353.0,4160922.051,68197449.69,14358278.86,641546232,511422885.1,2534721.941,1270505.189,15545949.54,144572283.5,3392157.109,27012199.01,344307.5881,123970127.6,81643721.22,5015712.536,815556769.7,8768368.131,6026475864.0,29711912.95,77446708.2,2246257.524,36946910,823283.3035,4248427.341,660935505.9,24804214.15,72421323.13,62328667.03,163321542.9,185685994.8,8273254.565,228552856.0,24529901.93,363155.8163,18383490.08,266293885.4,18684472.06,735789.59,65646846.36,197008413.2,10915603.4,4212145.403,7678152.133,2326986.63,743387362.7,29469189.88,606420.5097,61177035,78455104,22537969.37,663757094.1,306703856.2,58810024.82,22688301.67,1225087.124,1827474.973,105163000.9,14515703.15,3513541.691,19272111.48,657168.7192,231113019.7,2724476.618,389579625.5,152677.0093,10198422.88,344047981.6,12081847.66,1841632.0,132801880.1,29144569.32,41093476,33335333.6,18724132744.0,16132024.56,5738183.642,844800.5278,35295218,9390793.0,14605387.63,2399740.524,27051036.74,127847614.0,470538545.6,267534544.4,86875515.32,36792070392,2808531894.0,936844117.6,5562905.32,7902105.464,2672746,10769949463.0,45040539156,30303618.21,85427510.89,467541518.5,78812149.26,383100.788,346990800.9,26118121.1,8137222.421,219181370.4,300701289.0,114451.9661,69179336.22,14379622.05,180093569.5,707471548.8,7474019.561,29180994.4,169212026.5,41816275.25,272212748.0,7509460.169,10729287.26,147165748.6,6222446.746,17077706.47,35232017.58,13305836.78,103637615.4,31993645.94,67655084.4,35849654.58,191014729.8,265938.7897,471465.8273,1663130.476,18123431.26,1337721.341,929836.3228,4801437736,2763332.391,38440260.39,98987267.25,259134800.8,22074533.14,516771679.1,104229178.2,1089085.524,7728375.467,253216.4441,549628201.2,2676802.978,4360147.893,54881497.54,6445896887.0,231641526.3,1123413966,5485918.755,5525045.164,204981711.3,46705792.92,89853.42698,33594210.98,97772688.03,20444921.97,74028144.24,213369.445,2240349.524,25486862.85,629748.0495,217514.3421,9004270.499,27328875.54,543645.0484,850719.8634,4541339.334,280525.136,785907168.0,520632.06,51651369.51,2110133424.0,50844367.93,2865184.648,104106.0,574687.0,104605,133939292.5,27359647.25,46813057.5,227938883.8,319619340.3,860583501.8,9057525166.0,356886.3848,1886992.274,52740637.12,39596027.44,42430875.87,1116190.297,357063837.3,79587685.66,297537098.1,318330954.1,78163066.52,2769509078.0,8176842.378,7768933.0,25170513625.0,495565955.9,8710242.527,1558344.146,639004.0379,519901583.6,2727885.788,802102.6542,20221226.64,80579026.98,84896789.5,630902864.1,1199320709.0
55,6956827.766,3959135.427,119021841.8,168507877.4,48295861.07,1190599.045,12294574.15,167500395.4,34195560.58,9809728.608,515240380.9,32385522.49,39554916.62,91241496.17,12582117.0,17778693.35,10812289.58,1554102.954,30403579.18,29070877.8,28447823.37,76799.52563,53184737.32,685613062.8,55035562.11,44636792.33,54800525.49,243049548.1,6992129.112,22544839.31,60912067.97,5374385.044,42546825.81,2670549.894,4612249.753,15947649.9,5686982.677,982380.7576,3489607.508,9958937.907,43210576.4,14200214.0,149708.3013,3278071.459,94167746.12,243809458.5,133272447.3,59717376.84,13058663.97,49032206.54,22192986.68,1562948.362,9012421.192,35770192.78,11081223.15,112937451.2,1402240.132,15759548989.0,73073279.08,5066534.913,6701385.926,600126.9144,11271187.2,46154677.87,96007600.92,9907876.82,5043986.038,31440221.83,83006433.91,25926340.84,606843794,192467674.8,285874914.0,55086325.98,21609991.49,1094293.74,784261.4365,3628562.074,2501585.777,32661451.5,21016263.31,53038347.32,463563804.2,14916224.21,1829495660.0,16031812.39,10140547.74,590889.3211,14836651.82,100897578.2,5287445.201,29853054.03,277990561,8993627.096,18327438.16,43876506.97,10325836.3,764900.8544,973580.1995,3669481.378,254802253.0,1853981.585,143090161.8,44796162.71,773365766,1198877119.0,421519.6761,1302487.038,34496844.13,152973551.6,3043512.008,1610718622.0,15887010.53,22273218.52,65288014.43,1235499.06,1409338006.0,14386910.89,3254137684.0,25203863.54,17659073.71,233036.3179,655151998,991862.9639,817606.521,23276527.72,53933326.36,22448315.51,25996781.87,77210549.93,134138150.0,3064020.158,306110143.9,7984584.057,315137.1434,13516398.87,641362316.3,11669113.88,1822287.479,22179734.18,285083232.3,70418669.48,7492740.774,33059902.77,344379.0253,180776964.0,608389792.5,411913.2413,27578809,25716553,7635752.26,55621447.19,63094767.98,19743729.61,5470803.41,1827802.046,1411564.103,449300467.2,9071452.444,3784711.509,1406243.435,245731.3985,4418024.348,1191038.662,355901329.2,221028.3441,2504620.107,725673698.5,3059013.97,664766.0,49749821.75,3019830.741,180916714,15914135.88,7683941840.0,1157843.531,4459330.528,1009702.028,104832618,8719889.0,43940950.7,13064412.99,26418151.24,228261483.2,1679689998.0,81553995.06,387949093.7,11240949636,964329828.3,966525642.9,37424063.83,27225215.58,7407023,17817192075.0,13682657792,37966056.17,103873991.9,54669598.85,19957523.87,11736666.63,350611267.4,16311659.72,9374448.734,175602803.1,4789328.52,125164.5154,156025444.8,23735591.6,140716259.0,120900452.2,1023665.864,6060832.015,15396958.3,12786984.9,130052775.7,10045457.09,7210504.642,130562658.4,5063261.782,11544051.79,13217491.08,12255055.04,188240465.1,13443710.13,3056892218.0,61443475.05,147115950.6,214256.9408,582128.5634,936866.0891,5107045.674,317984.879,574497.0288,3448882000,28357956.63,30414238.86,53447699.46,179545089.5,552709543.1,94261231.4,10981766.19,8648896.499,3401071.089,294591.9345,1172667310.0,507272342.7,9374616.958,14295432.85,1462815623.0,5992245.586,726232183,10630701.63,28955568.73,60194383.8,69246688.11,285244.3627,6398067.967,51217622.93,5992711.891,39467134.54,235532.4136,8137306.657,24366618.28,434049.1701,250869.8457,15669666.49,4197396.072,967212.4398,593220.7292,1356293.596,447871851.1,3733525.005,449457.3719,73114198.93,24571882.21,27887397.28,599081.2614,3178505.0,5187394.0,7915435,62096457.91,24379241.28,52799428.12,76271602.67,98324288.27,281797150.6,32257857.97,611874500.9,6591681.962,52675360.27,5181188.892,8749850.099,10156037.79,2208314008.0,3069648.542,56840432.73,64381067.64,4549463.583,638076531.1,23361789.05,99011948.0,15737475164.0,184344816.1,7678367.812,1313104.072,350330.2297,317700482.5,737167.5568,737723.4758,9588440.477,89943149.75,17819182.7,28946495.82,1016590013.0
56,2630461.385,4236024.631,56438257.85,171707275.9,4295353.105,3474686.271,5510993.891,2815000.363,3756439.131,40939762.66,53521397.33,9320910.458,3719011.14,207301181.7,9002137.634,8138610.601,11673848.71,1591919.111,87135996.83,176328532.8,114268191.8,77843.85665,986961360.4,789760967.2,359812879.5,371808032.1,86607227.87,124035767.8,5054379.349,13775135.7,818064707.6,1964378.038,32530341.9,7953486.816,1523992.962,20897863.82,553435327.0,4470373.666,3976536.229,3712250.075,8593475.238,13164487.0,106542.847,4823593.18,190249057.3,124388320.6,652422791.7,2339659.891,1131647.835,70147073.66,31641901.3,1384574.619,3097009.939,156710179.1,32090322.07,590887607.7,1146307.512,3882930092.0,167646344.1,12208142.52,9501024.144,376293.0285,5218581.44,63150982.91,1098302.802,2462641.38,1649926.497,30546801.81,206527896.3,19114963.54,1002396123,1275038360.0,1034887449.0,324894176.2,41273279.51,738944.4261,35940897.25,727872.4241,12391901.72,6391303.772,250171.8005,35329386.59,12276181.48,673667793.4,245417061.5,167560828.5,4366942.937,328092.4049,18722841.33,40283556.82,4022935.831,11546918.5,226959941,2033785.215,6967581.224,49458068.5,8381408.627,495231.6072,1073027.605,6304771.079,114501381.5,1185636.623,97727291.85,58834244.67,39086660,434947650.5,3658893.528,1443689.403,5892299.911,62420676.13,5583111.035,239792172.7,547039.1525,132385407.4,287178016.4,4733114.588,96093223.97,10993665.19,3542953643.0,12318441.45,16593178.09,250108.23,1049801616,1842465.335,476256.8898,360015663.5,2542148.148,1257183458.0,31256342.67,702873241.1,16209275.5,8481011.852,188912833.3,421730413.0,271926.0304,4951955.962,706124516.9,5367656.422,403095.5026,70151167.24,176626013.2,7867860.138,921942.391,99415434.46,410499.1639,158138500.4,257067830.3,651501.6847,10277328,7627091,2751798.532,132741091.3,97643806.0,87033724.67,4619332.772,558548.9994,3805546.593,135722384.9,3806961.208,6472280.547,6804777.108,854257.0579,33785588.89,839772.8857,1668329478.0,143215.5629,4308158.37,560952539.7,46462372.37,696777.0,33551498.52,8782316.252,28426615,5299375.882,11084193858.0,373486.1425,3899037.758,166664.1734,22881424,7363076.0,32777478.05,14986467.54,137996998.2,501665970.1,809486799.4,199606848.2,114510296.4,17564630019,1459401123.0,1456388870.0,40108611.99,4072552.975,1113494182,6386359670.0,22768546419,39214975.57,222903183.1,157846375.1,28210369.9,673810.9508,509964131.4,15193291.91,807836961.0,753875358.1,149561263.1,121129.7667,22542269.08,28625538.5,121090875.8,138342495.7,2333112.32,20126402.97,56686061.85,16989372.95,477908195.8,14290764.8,48238778.43,9580690.203,22232474.97,32126981.38,10571175.2,8619944.433,483680689.1,13862286.36,213575074.6,116510767.6,1094321216.0,191163.159,524579.4001,421681.0179,85756975.85,1675837.965,2911092.598,4105068123,30884361.91,198171113.9,352171654.9,28333190.61,20890996.36,1081331063.0,50360803.44,814195.7799,1867885.019,149707.979,2409988808.0,22215481.64,10682056.05,5062364.419,6303587081.0,99795865.3,327773318,7706313.995,70304960.92,15509609.07,6973175.351,2100320.926,23108371.31,116414561.3,23585916.33,89647734.83,170972.3578,4324690.882,43112644.62,722337.591,175462.7414,17004367.75,15995528.86,14790306.13,877813.048,2164149.998,71900184.61,931808.8471,900701936.2,51317777.24,1430230020.0,15367082.44,1238740.582,3178505.0,5187394.0,7915435,354873.3658,3111816.087,179110903.3,131728884.9,451124731.1,673012734.5,3929653420.0,75287325.44,899476.3094,1834961.676,15093696.43,19083267.27,301032.4858,91620353.57,2871117.607,285861597.0,104662237.7,9226353.116,2377460711.0,95449499.06,27275385.0,13902650202.0,508518615.3,12563053.75,415809.7346,601503.8319,632124670.5,2056220.639,14085271.06,10094803.63,32746744.23,41446217.62,269261284.7,581052825.6
57,444714.7658,3144695.31,277722241.3,55723624.99,3248543.068,7011958.207,6002621.3,23542062.17,19112936.51,37355503.39,64376678.42,28366036.86,76010209.37,263121612.9,2344030.656,9619758.732,1718035.999,2224129.169,28004298.42,27144637.92,57775056.01,80632.29304,64682737.46,671828864.8,61838894.39,20723112.7,38698888.59,86785351.72,6751252.584,6813286.691,72419656.42,1965619.426,229362803.7,2964505.287,22331072.47,21232113.43,111274433.8,2467761.479,3891364.679,576984.2608,42337564.52,10553027.0,202017.0687,9834985.849,153441120.9,88271864.29,159761953.1,48978621.99,1606309.48,51303179.59,88684056.5,2941418.213,389937.8167,144060342.3,42316878.39,158259918.3,15768743.14,4438272788.0,311307984.0,22645167.35,1318476.507,2587949.759,8470433.009,21180706.62,5578986.611,14710569.34,1331694.543,30138936.46,370148163.2,12149098.1,504294975,2782806657.0,2064441922.0,101814252.2,26858524.79,19247008.32,287451.3119,498178.189,13643386.61,63030413.07,26914703.34,13354923.91,87446553.74,88845044.45,1220143349.0,1550767082.0,2200469.965,657209.0559,4529977.733,87521588.9,16021374.95,32140044.61,33742109,2327726.719,28907256.25,33906811.92,22438516.15,4780618.882,2317596.043,905949.7562,114501381.5,3968062.137,104031816.0,6910422.909,27355743,458978545.0,475519.786,1147772.423,26746852.97,102207268.8,569872795.8,288036909.2,940527.9175,26203660.27,4865150.779,1186161.353,1276207124.0,12644862.18,2038532042.0,13505474.36,12232946.92,274066.4805,1079601564,1100637.929,6673332.356,10756530.56,6150092.269,445306317.4,13303600.96,52342162.4,112682822.5,3141182.885,297958056.1,20260354.23,6039499.265,10122628.72,358239222.7,49446988.02,649293.5056,21788960.13,284607999.9,2039033.223,32151458.38,9540289.295,484390.959,189270027.4,177812062.7,620581.2749,8971645,3561562,1784964.52,329197502.6,86012322.52,45128334.85,3289304.037,1071943.17,1628681.533,339682075.1,3222116.666,5226200.624,1373838.76,574289.69,2895971252.0,1032751.985,334795571.6,322917.2876,3251690.584,193523857.4,53087318.95,219443.0,178664345.6,3862552.421,21283998,3072056.161,9618334060.0,1086070.743,3568508.811,361804.3578,18584657,2281789.0,19245663.35,699965.5275,20273932.31,153201234.0,1219882719.0,177736640.7,163380678.4,12618400309,1150123544.0,558061823.5,72714044.72,13125994.08,761465383,32064609560.0,10956859477,45088418.59,89967025.21,103083708.5,20807618.62,5513868.979,629236988.3,12319100.84,95931592.53,134301694.4,94114547.66,131410.9924,232064751.2,7018162.423,50428925.58,428932251.7,2912055.873,15271468.52,130863827.3,2244423.243,78981583.8,5391580.805,2136387.124,646499964.7,6138650.474,2457306.903,4710944.353,7185030.731,102509817.4,8436739.427,11414812500.0,37626183.95,251437381.3,394661.466,102585310.3,846671.6136,6107028.627,23955746.52,8839358.908,3152671782,13092952.42,21353757.91,138946705.1,122129750.8,17716835.44,900642019.8,40865328.6,296794291.3,58924144.44,256332.0895,402653853.3,13031893.6,12058434.33,55271724.12,2238210387.0,7210834.512,158130211,2489000.251,6976004.123,1260464.889,3494234.207,129114.0334,30382379.82,121861357.1,15428287.02,84844523.64,1198597.559,6672009.265,32445322.62,2447475.298,182780.7162,2772235.54,53457564.8,12553757.74,806495.0626,7471573.72,1024649561.0,1246417.947,37431736.67,991206697.2,153716954.8,35607319.52,1009821.389,3178505.0,5187394.0,114666,118713958.0,10464891.11,105133173.0,86798264.01,133192703.9,126657716.1,314672811.3,179844049.9,6900908.515,5491488.705,690214.6011,20745510.54,1503651.059,1918298112.0,2679704.687,13517499.57,12188749.12,8159948.551,735173247.3,9978903.773,14445496.0,4409580718.0,392869828.2,14872861.19,1602539.286,379802.7714,105154970.0,807459.2804,863662.3444,26767412.88,57707021.88,34937169.51,9582180.341,1190836686.0
58,386181.7714,2488842.755,599218259.0,50037943.48,32238616.08,161867.6786,1885016.349,53650697.3,4170435.764,665051.3511,1881341.135,1295635.427,2202267.699,48736767.02,14613857.3,14376767.94,634885.2258,10616504.78,1094621842.0,5640752.178,18253343.57,85194.04243,48310693.53,1730764865.0,1690776.563,120633492.7,25191402.75,14814657.46,13183634.98,9016109.56,88952876.99,1453110.168,11345538.09,17812982.39,3041986.132,266805131.4,2999453.992,1056310.609,2025451.215,1302817.22,20840497.71,9045462.0,1129019.942,19487782.94,17808719.9,15349699.01,222783119.6,3440865.802,826475.755,109891545.5,1820838.212,130380469.1,282418.7667,106198314.0,3176831.902,54783252.71,361705069.5,31662299714.0,18266059.14,45447211.81,655908.123,28317302.08,2408634.164,18680600.75,33373995.98,1221797.462,261522.9461,205744461.0,3964817.216,2466698.616,2139277483,94640873.2,1625236996.0,697822735.8,1269739477.0,432206.0061,227197.0346,2716869.566,15833966.29,210785.8033,1543022.251,3166439.049,9729058.311,17358008.17,584714785.7,65083763.48,2449053.487,314769.2222,11334466.43,1520509.866,5383934.982,712699.0208,249244423,618388.5086,16078287.53,11281642.16,8061467.617,30526121.52,1958620.487,916417.8824,92622436.0,4674602.625,15179153.7,878667.0231,605631327,1880834330.0,133777.3922,1782398.13,4454883.988,368771290.6,3221760.953,3547747039.0,8115390.968,90980177.46,127763873.3,125753634.1,156062442.9,4251798.6,1768936435.0,160153445.4,59086246.8,53595766.78,98678542,516317.5796,4461268.867,70709488.0,15035519.24,282738413.3,74896219.83,5901475.099,179852558.4,22038312.06,206665599.2,2603230.218,439577.5499,490044.1962,156367795.4,5763250.195,427864.0568,12324977.31,146647893.2,2322293.306,2305728.176,7032482.489,314171.4855,454332749.7,963513778.6,4258463.921,18184921,18104792,810117.6863,387637040.9,176596467.8,33106879.21,12422100.5,645232.8868,1172445.182,156806305.2,814939.0273,941574.639,7140628.137,1554536.652,10393508.78,18618593.38,64116577.83,107156.0246,465127.4886,24416130.78,1992475.879,526946.0,1516808.281,29043528.85,925842,12554121.52,825749514.8,408034.6434,2987692.923,2339660.246,963713,8121351.0,6850293.111,329219.5847,14979122.95,329964196.5,70486924.97,99569422.74,24721977.87,9171521160,731361004.5,102153858.0,90197512.38,259689.2745,907629,3528156266.0,25055351605,5183011.386,23111646.43,125344740.7,4528595.761,7143282.303,38197015.46,10705075.49,27322202.08,49049640.72,29094332.5,138845.5325,192250035.2,136415138.7,102812747.8,143873363.5,3391340.509,13382224.61,59600928.9,18354822.33,97844357.73,4948770.864,7055347.774,192966313.9,3363057.073,29155613.39,22887427.15,6692835.671,118373405.7,5583318.1,688793575.8,15771131.34,221106269.7,193492.7316,431124.9919,62180415.01,10626110.18,3217444.918,9109874.707,4378160462,360384.4721,167872623.5,16483541.98,25867675.26,170798568.8,290812868.9,9773448.786,174189029.1,14679075.69,152824.0508,662028734.1,53427708.21,4335413.175,96443666.23,1407287596.0,403750860.0,1589528001,12347490.55,603879.1512,32226475.5,10833203.1,82199.91312,22358547.96,72863502.82,8492192.329,57269770.66,10361264.62,2756030.5,9101104.719,9461145.647,116850.4601,15341798.91,10117065.25,254093.538,1768050.611,1478090.432,4273530.78,128690067.4,331551.3547,22739831.17,22249722335.0,13683682.53,79645437.39,4849925.0,10127295.0,96540,150223989.1,569013.8293,4085803.637,43003254.97,48125526.91,6863686.237,34527005197.0,11381710.28,2366449.971,96678194.85,6324635.229,21841864.68,10575344.35,38832373.46,4571735.685,39239819.49,5318646.184,8261850.697,30126299.68,934723.8531,1741831.0,1818166915.0,199131776.4,3966630.146,205505.0314,326790.6444,20579505.95,31552723.97,7635023.705,42450265.87,231523671.1,53784028.47,28326395.11,471636536.2
59,405469.3668,4974857.21,278769915.5,31296013.55,1207630.399,428537.4867,308769.6716,25927180.55,5862950.093,2439647.733,6650629.648,839775.3908,21518924.35,11243637.47,7770934.773,10867909.07,1684883.237,2937852.101,526049478.2,20851340.93,18623731.07,92862.60821,5148264567.0,1901935790.0,3213504.413,2076842813.0,65048277.88,19906628.47,2880257.453,506656.1552,168130661.1,1275131.835,9015909.354,7742320.642,9716016.138,187047841.6,1854420.483,2016804.435,3493265.452,980641.707,6710667.887,219796.0,14680314.45,3214094.105,26159912.19,20463739.62,2228289223.0,7286557.491,1671462.063,73868446.78,1663783.402,3691142.98,251445.2704,763164680.2,2169372.753,82279869.52,154581476.3,14605631549.0,18118690.16,10715998.36,313026.7332,1796047.085,6095292.123,10248767.32,3341626.87,694442.6952,243636.1685,119507267.4,1565565.308,6838380.921,907599111,256104105.8,466364151.4,49892434.89,7414570.075,384153.45,312328.0331,35184543.1,16684228.29,231891.1359,571914.78,5795090.621,904555.9444,12752008.87,293184578.1,52160154.36,1932349.063,342164.1284,14473924.8,1923467.737,63521854.88,352638.815,9387879,701860.1694,26477258.63,16158294.01,7622821.074,28019747.68,294420.6217,1340211.562,229506933.0,3169827.862,40878879.11,8560443.608,728373226,2237031627.0,313454.5646,1367186.354,6086473.445,873605236.3,17835004.69,4818405207.0,7642823.56,14213320.63,20078478.28,44982606.09,166054989.1,4754278.525,808227985.1,60248711.15,9796581.998,99165585.15,92630902,483094.405,3163744.735,1007309349.0,13234023.35,268969634.9,94961965.17,719291.5027,185443329.6,4678315.298,413315899.5,2013346.155,2245260.24,888214.0279,11709046.14,2070118.635,610304.0595,33042497.36,373855381.9,1436150.943,5623565.632,20435487.69,523969.1704,654587452.5,110654478.8,40070650.39,235685931,278572720,26608850.91,340344172.8,428552843.5,28311040.21,1673129.718,2029654.718,1704715.58,184059186.1,1241532.821,7035619.563,8420273.939,64520762.92,4640211.792,1208178.403,193072677.2,108373.7515,547824.3788,11072856.41,4886796.323,331098.0,1858289.436,281554282.5,1507218,15196372.97,9270184922.0,306012.6771,959152.0469,13023453.85,2198492,4947284.0,3214125.441,661722.0403,23208167.36,252914509.1,398169698.7,364759011.8,117316849.8,14733647074,4052066752.0,497127066.4,254176257.1,2147535.268,151641,12561183595.0,26796715726,34509085.8,20662103.67,238642242.9,17546127.85,6470188.477,112321694.8,529259.6042,9271124.452,11199319.22,235560262.1,151343.4264,105749980.1,126651192.7,85487513.92,56097955.9,11670390.05,17601908.13,359161278.0,25149813.55,276580824.6,18679163.07,4065278.6,81070256.76,4612731.449,49267547.72,15737280.9,5677363.97,277167609.9,11695983.39,3275875654.0,6116799.139,261001391.0,262030.5589,909763.8606,2677645.404,7007858.13,100524542.2,899735.9464,4368304253,2028165.794,51863845.2,44073739.83,36580238.68,308033012.8,59698153.61,8512413.346,165625214.0,2206381.102,263186.54,216974123.3,146786795.7,4310777.285,95978446.98,10207366777.0,1684415580.0,5449711,29411982.91,639110.5824,1118104.272,7093850.888,110495.1531,6423304.809,11605184.7,4043854.198,159683965.4,124093635.7,876838.9047,6224965.845,131278634.0,18814568.7,6926055.007,8314769.111,326334.2491,30194236.97,2049198.666,393933.9545,7803107.485,326398.0749,17831483.2,6580933777.0,27097799.29,207756873.1,23125247.0,37357847.0,7915435,356983010.4,499131.1102,1582349.324,58826083.97,102163393.9,41616331.15,3299616981.0,267442.9933,11722287.53,126687670.6,55093025.7,9551584.421,1908366.97,6026430.735,1507406.318,24394601.15,549622593.2,1950631.228,332518111.1,879000.2039,36180.0,11479394518.0,2037609513.0,1693312.518,419622.31,334986.8448,52650365.35,353949.475,8266184.208,132014197.4,287470287.7,26080020.46,11949286.42,766079697.5
60,5218338.155,1628481.923,34104877.7,39216766.35,23489299.47,1387115.258,3560331.071,57315007.47,2169723.512,7953966.294,5711479.653,8199080.178,19686506.1,95550981.38,4446636.723,4199735.841,5984557.28,3681391.122,93237354.57,20875097.03,11443833.93,86261.29585,689076340.5,929967519.1,59202850.48,360352276.3,58511859.68,39043073.44,2644033.892,37854609.02,413170309.5,135886723.0,35320778.14,114717192.2,3019145.515,53891554.67,163595841.1,3627275.686,7627349.438,1179243.037,110059855.2,55387582.0,135844.7053,2296198.617,319636045.2,39669661.41,291356225.1,10960850.38,1720809.299,33129841.8,3609406.943,734800.5969,1065296.228,351089860.2,1636570.968,63220644.39,1025713.783,7226687425.0,54690835.07,25052250.74,284215.4123,4422761.323,5508929.398,23675805.63,42798202.76,4608068.195,1759165.916,9779940.433,1865627.939,20424395.02,2668650016,159638201.7,30103328212.0,320176761.9,49209398.51,495543.1854,2280539.796,243510.6492,14830977.07,233097.2907,410384.4507,13693306.6,8524594.514,131792616.9,156509179.8,159217898.1,3187591.396,536122.4476,8040064.92,3440811.885,292556.103,4255804.194,623561199,1434451.861,5376721.399,27092421.48,9380074.134,927326.0499,220513.219,537850.3071,7370007.0,1102761.277,15485527.33,1976787.571,22189491,371569254.4,360457.3832,966329.6969,4642579.452,80257502.25,870681.9578,132240416.0,229342.7788,56415553.64,112257317.2,3021832.709,94011565.65,4015401.758,671530296.7,4045420.425,115705276.3,231095.2572,520998501,557932.3351,265356.8665,92937622.5,51289419.68,465135787.6,22485326.35,278203132.7,61517536.61,5437618.799,64251079.55,116717090.1,216376.0393,4661914.787,413376911.1,2133836.479,436127.8627,5436576.065,59088427.02,3213427.11,2201267.397,5554999.475,11049917.06,100712316.4,292059985.5,750059.5539,21386495,3959633,1647415.611,199363950.6,175190214.9,33657428.97,7337118.083,478128.9746,1662847.359,125162689.3,7111855.392,10552235.66,1815676.706,214596.5595,190428065.4,674818.5582,634307179.2,106080.5545,1453392.368,825949581.9,18190207.63,891296.0,8239873.948,6206185.569,27722952,8898053.09,3296653076.0,3994499.086,18958604.39,546366.4929,20951993,3709261.0,20940067.62,688388.5747,83187921.31,155672966.0,398596879.3,266785989.1,25928352.25,8457527481,676318623.9,229184049.2,12494572.44,12609595.95,345834503,4108653475.0,10289050189,7986435.908,113523232.3,17231582.82,14653065.07,248191.5097,35990959.42,63320203.05,7782738.275,646722096.3,29704902.56,140584.8955,36462709.34,35525693.72,192571624.9,118069145.1,2665096.822,50622818.3,329414637.7,15309753.93,111184013.2,19706605.36,2190605.376,563309172.9,7169853.807,15151946.98,22044976.66,13659449.24,31484867.04,6878506.982,68172555.55,31626357.58,111371680.9,201275.4428,616894.6992,345307.5581,20370330.0,252336.6312,4851414.346,4701940030,11992968.27,43467616.0,20688943.1,20121085.46,5985077.087,314864440.6,25232221.8,1897043.222,3965557.619,713873.9627,862202700.9,5546149.113,3602217.809,17421145.4,147197958.1,51480828.62,413344547,1993605.841,3736302.612,23559561.59,4661617.677,2445935.369,27213014.92,68929756.2,8597126.675,77463661.01,118835.9065,1571845.897,21019804.84,457088.4483,108832.2812,40353179.04,1803047.594,4986021.259,568310.0319,26417851.5,258548.2462,2105292.107,195487406.9,36401767.3,150623928.2,15336196.13,124268089.3,1412769.0,757035.0,3624774,2598029.816,5477179.628,24185528.12,19834849.01,81894647.4,88354068.47,7474751531.0,201100.7724,3263350.659,5919895.015,6763445.642,51236404.92,262115.677,326920452.5,26948525.6,66335834.92,15555184.21,10129607.85,162136387.3,2633633.838,38722465.0,5953982810.0,313487055.7,8664883.457,207648.9824,408052.9691,119572108.0,224565.1701,15454004.76,28691514.16,38754989.49,20567507.66,28993543.14,197138250.7
61,4718613.153,305201.0199,56813258.66,35510265.96,1252581.138,6232235.441,370300.8204,19398638.5,11750466.19,16944274.28,19656234.08,11791795.43,946824.2709,3008165.11,32165155.2,4823085.447,6779140.277,2279313.802,152415187.5,159421855.1,60794747.99,79540.13056,23927398.88,1026523721.0,87691543.05,4180187.277,57666986.48,163498042.6,4130962.338,302749036.2,171673688.4,1742219.387,49798584.36,108650322.3,2583688.124,21663125.8,202189558.1,8906017.828,2009765.721,12475179.43,63187596.68,84335644.0,222117.5118,3952405.501,674691352.1,164155350.1,200737554.6,9606778.819,1768154.929,35077781.44,10477860.77,1185752.296,10535944.22,196900137.4,12675648.24,131696748.3,2077686.826,3021435986.0,1098161277.0,21550012.83,1977132.92,34467179.01,1916847.382,55378531.65,3392870.49,2146203.577,438916.0939,17399606.89,20774122.64,18605403.4,3183353616,45874655.62,974151906.5,338331419.5,81027775.76,464157.1289,244718.7187,589062.2375,22495208.33,5947434.796,196936.0742,23244420.94,18834926.55,227328310.9,1028187932.0,380369796.5,8021057.736,458863.5043,28707019.11,6050593723.0,21057881.49,12088724.89,1493790583,2042310.246,17597914.92,700181.2978,10222083.36,2840005.746,909068.0653,1352085.012,114501381.5,925689.4337,42419809.08,911521.3116,35285169,527336833.4,272544.8003,1354272.054,31279093.63,156806476.0,20950995.75,2117032737.0,252016.4393,142826346.1,232901024.2,2811219.246,211366406.1,11419019.99,1907194832.0,6880012.085,49572289.06,235947.0988,477919248,1568909.874,1384910.28,29370649.32,8384685.945,651975993.0,12784124.17,4819372715.0,69907707.08,8630835.531,357413915.7,209047823.0,311005.8515,12335646.4,466192341.2,7858118.273,612857.8727,21569120.1,352068990.7,12611257.13,1316893.65,22400195.61,6401055.787,260856150.4,95786373.03,443870.373,45594873,41681970,10870271.76,585930490.6,183031187.1,70643303.05,7854401.955,505792.3795,1136431.232,165069555.3,11168238.75,21057110.5,3208367.513,488637.5663,5206127.192,1185421.754,1439152018.0,148906.4466,1672085.707,1237591595.0,61091788.97,1188801.0,1159805.941,3205844.488,79936189,8823886.168,4180107672.0,909286.9137,25270372.2,162740.2919,66320700,3225208.0,64725354.7,4023215.526,180183526.5,216295285.7,2065834667.0,581039576.4,59148806.16,10437115526,1258807645.0,918667341.7,40616175.87,60771264.81,268566375,3698537905.0,9896981893,19467535.13,110403968.3,82329772.67,12594650.36,240485.0875,302592606.5,91775830.31,413220024.3,731743861.5,1847296.784,128172.4228,68585444.08,10395468.7,132315711.0,515509808.6,2447050.605,15824724.92,170721832.9,11220726.38,293123730.5,4060905.616,7631896.439,4715422.261,18237256.43,4542340.463,28103457.29,14120236.55,323475777.8,13818405.22,236518239.8,15345346.43,668493596.4,173899.7148,1516740.025,464339.5974,52655052.96,471400.2992,388532.6694,1441348963,21612784.5,147335262.6,396862825.4,60420693.45,2227512.48,634799092.1,13641064.54,1099524.408,1215391.695,11795819.14,1195090725.0,1615419.938,5053766.747,2585538.003,2343103547.0,338323547.3,1130829967,2353017.077,9328664.54,6711204.695,4989151.62,486976.6864,16632070.91,139150652.1,15628855.86,138318668.0,170807.5552,2050237.73,43348718.44,531666.2059,208528.225,5325144.741,60195396.22,3759968.091,690858.6154,1913126.477,576030.9982,892492.6607,838615719.5,84225693.98,259482646.1,30664178.98,3463687.79,3178505.0,2400897.0,1282158,179649.2815,25082484.2,46596838.97,53894885.7,252356880.4,264790432.3,3048936409.0,10355642.83,928264.1377,8333172.51,2301518.451,27470359.74,5537510.444,41755119.12,26515673.54,77288284.96,18077655.09,34561243.82,1137149437.0,92081187.96,115046720.0,5215345221.0,558970872.8,23149072.86,616034.9695,416689.862,221554126.1,14780209.67,29530877.88,27343247.5,53552567.79,66599841.89,22267067.75,522783121.0
62,1275450.231,994367.4027,11450982.98,2963104.536,216172.333,297229.6453,135668.3164,673366.9032,184971.3369,2896882.581,589821.4635,251333.8352,10482922.47,2009284.635,119946.1777,3088638.643,1176939.382,332084.8934,2642727.86,1755695.101,2505008.428,69881.25214,797724131.5,2803877221.0,1974991.942,576127113.8,1722112.264,907986.0072,3837791.505,772202.7484,45953226.36,702378.0721,1609769.954,228443.5204,376521.0174,3863089.572,1867432.699,513200.3993,992003.9204,308855.5212,1222623.103,22848734.0,189640.1636,374597.3987,1391835.879,1016344.408,7938438.25,2212875.663,523937.2886,96665814.91,223880.2144,264836.9599,94330.52949,128576900.4,1267006.28,1399062.842,148370.5774,165560101.4,1604574.189,5374376.45,267374.0907,16671278.19,2886972.715,177979.3216,189273.6548,287089.56,1665706.512,122189078.7,687602.029,2553653.16,19748382,1837834371.0,37805626.69,8544696.18,604197.1869,204072.6735,483609.5917,346762.5518,5602780.559,152774.4658,769763.86,2702564.573,1261093.528,8627747.381,220595.953,4063346.105,1859818.063,320453.6514,21298758.49,784927.6355,35431077.95,190594.6494,17569,363552.6266,257295.8846,4966799.335,30776159.44,284279.7039,109275.2765,263175.3458,49008440.0,267878.1618,2128868.034,4395193.214,227955080,1499285552.0,1721039.337,678970.9441,670076.6293,20104417.55,281480.1769,1934330997.0,165192.4469,3567056.407,7062895.31,2599573.296,2611189.763,6158688.932,80620259.49,213391637.9,24159859.26,201598949.9,687868198,339204.7729,262426.6096,18194655.66,119603807.9,114250606.1,53246692.67,1580966.701,814060145.4,3175080.054,752870841.0,2553964.258,189607.0374,306139.1393,2116120.19,245366.5599,198884.2769,4372196.922,788499227.9,117793.4371,229231.0733,186792.6052,201048.4384,32577804.26,80949377.9,290949.4048,2713913164,833103973,639392852.4,440993175.9,2037241.02,1190888.447,237035.5107,217966.1822,506145.2599,164514351.1,132885.6522,168467.1302,31300199.25,615348.6162,1757412.728,402007.8715,39931878.39,72160.82442,609871.3867,215586.3343,1119725.355,1434662.0,290362.6228,2178764.844,47608990,948711.2756,12294173275.0,153568.868,916024.007,139533.1792,39665203,2618747.0,689075.6064,300945.916,6608539.232,358536784.4,543942552.8,27163882.13,175863963.4,15538268183,1315718391.0,478083006.3,352741785.1,2486972.369,106818,33361197101.0,13159522500,33236656.3,2070346.732,78032087.74,64260363.72,191247.9375,104533595.4,715679.7731,3252154.312,2205842.275,409714.2627,113889.4151,34025395.11,4296371.436,30708188.5,1442906.705,292047.2662,3602842.557,46130354.16,3821026.666,5169949.251,52224692.68,1025269.72,7474353.987,945474.7644,11180859.81,2786256.822,1369360.243,273024982.6,53152140.97,8629117.391,1518946.443,16307667.69,104284.548,333477.6725,159645.2355,2397859.762,7973639.456,379369.285,3941722220,621844.0767,313666657.4,5722306.774,8149317.13,165652242.6,12152291.77,1515233.792,148771.7943,1207985.248,1218447.582,881614929.5,547096.4966,4355395.909,2470387.417,10467332910.0,26455890.09,331806,86734153.59,1288714.737,225021.9169,213012.5137,65596.02157,12648446.67,7827862.94,1693081.217,8775378.958,249690.175,149120.0677,2875047.322,348212.1464,66755.82261,6974364.503,434042.0418,243878.4996,579814.625,392666.4603,207322.1023,795432.8565,149411.9879,2240705.945,125278282.6,503853.3829,3030755.7,512252691.0,936642324.0,116520,1308746.725,325914.7978,894736.5436,114415656.1,6108513.369,29143288.19,39884184.52,157441.0488,340275.3072,2192497.469,266522.9188,2446844.204,39524337.66,2104316.363,140465.3373,12500476.62,953569762.8,5035656.236,82348450.2,468024.4916,26746499.5,10660042115.0,112871313.6,5899906.282,144818.8517,175655.2401,172395873.5,327680.8215,3580001.194,76343516.26,9994465.758,1571401.545,644676.9743,11693392.21
63,1209750.066,4467561.62,53069975.95,234045094.6,21112804.29,3762469.287,22207716.78,108517910.3,16227028.84,20705992.27,1197119898.0,22723851.25,36225631.11,85783643.83,774368.0899,8719106.024,4741395.677,2569290.194,468468903.8,282833734.0,341396596.7,82355.97084,6426543.134,1089854061.0,6704820.276,3146130.002,9550596.575,272866837.4,5534219.608,74249116.15,290333619.0,1937005.694,48960748.08,34433868.48,1681835.837,51732634.52,3204607.214,4465036.805,5422254.44,3239096.095,95790607.98,42687782.0,218367.4365,3374734.407,41091876.67,273705697.1,1353263617.0,30269389.95,1301779.236,64963291.49,220986459.1,1602136.235,2543192.371,59309019.58,257764484.9,691514020.6,9287555.782,8850051500.0,86584029.96,9627597.216,757445.429,10510476.65,39528350.99,26937177.45,9271393.117,4266263.167,5964019.147,24649626.5,54344321.58,13153256.41,1213634009,187951065.6,3904097788.0,123487189.2,404481563.4,16825200.55,685137.6222,5395050.37,46831743.95,47225111.94,19477317.6,34726453.8,674231032.8,25969191.47,54249315.52,140398679.2,3497804.764,1080884.317,14490578.23,897175461.2,54763174.76,21885906.68,213126909,6278726.487,35946850.74,98790111.81,56036714.18,18348632.53,1740043.031,2157512.601,67078390.0,5103095.519,275663555.3,4691254.357,270183624,256120774.3,188882.1044,1428290.826,28190259.66,53855636.81,38887512.2,2828781096.0,3419320.922,111268392.6,174407954.2,6482740.144,338616730.5,11733408.49,850775177.8,8284896.859,61610153.19,327854.8995,2517485742,871645.892,16148936.47,9307649.484,213592898.2,29983317.44,72965680.24,17693297.36,1690973171.0,8480723.769,42226217.99,11198854.49,632280.0361,8904321.444,205530274.5,42893675.72,592633.5428,24089749.51,27013486.88,3784703.968,3881465.33,11630458.64,601726.1954,64739285.21,818293201.3,1423089.372,2738272,1374294,1672765.281,305870634.9,166908525.3,616418322.0,54785699.86,2089355.465,23021873.46,279904989.0,1593956.125,1569423.519,1649505.232,485116.0298,12569450.73,2194377.377,583694127.9,224762.73,4645978.804,6459335.213,33394474.17,281026.0,288882639.2,6019104.602,53441288,2872526.586,10022086144.0,1104683.83,13765435.32,928127.8173,43421184,7041573.0,27930157.09,4341660.484,7725327.688,77249171.42,335801028.5,534111686.4,55496978.35,24284628179,2671166504.0,331370736.8,59833109.1,6061567.248,1367482248,3737903833.0,24025563399,20497465.72,79566451.09,243867942.7,18310783.45,1369903.149,425920187.4,45869152.39,389746670.4,292196625.2,2971227.152,134220.1673,48078566.13,15374292.87,125092420.7,100406615.5,7295672.463,5003044.569,34885372.71,7285451.949,76146632.21,35771743.72,3438029.137,231925479.9,14317911.09,2622401.565,22191462.94,14837279.88,99944641.59,18733277.87,8124565749.0,36222084.78,266817855.2,2560869.69,603943.9582,1441374.088,28207293.85,685473.5813,21953673.58,4346157840,8989978.868,6939250.517,8553354.349,91883334.39,468882774.1,68659890.77,49604364.64,6151993.712,1274227.019,2963961.052,232827811.7,158958109.3,7641487.951,208734354.3,2991629250.0,50923012.34,723442632,1378213.3,18363076.28,27289170.24,22256644.46,455338.3135,41121603.05,231116816.8,29726859.48,118271099.2,291954.7666,3803001.296,30060555.61,1576948.222,246749.4639,2223649.138,82881343.68,19112185.65,677482.7715,7085064.04,376333.0691,713029738.6,816910.0689,35570929.25,142906171.0,53511751.75,2060340.775,1052565.0,284595.0,1563807,1627514.751,4073056.925,5209378196.0,93167013.23,810958558.3,78389644.51,785739447.3,17467316.61,9066655.189,48265444.73,989610.8859,54436289.12,746358.2616,13083222.82,13072400.61,26135543.82,89248615.28,161073243.2,334352214.8,20531131.61,68507321.0,8079247870.0,1577850817.0,14828661.2,1337689.699,795872.5369,144196306.3,1651623.064,920972.7127,10061876.0,235835253.6,62104108.06,617612.672,82399077.52
64,2194175.121,3752863.384,205218297.6,216153001.2,3903074.693,773576.1271,3939668.214,12966114.27,11802109.48,563312.1882,9984168.39,1677260.309,39519737.24,232479393.1,3385298.285,7202048.763,1234861.437,2390984.882,90881712.29,25515083.91,29483979.96,73759.67608,250984402.2,702181759.2,6012161.318,235714378.5,66085291.1,11617938.5,1362745.699,9840150.21,946834702.9,1500073.738,3624454.02,12358116.78,2700011.281,29364447.09,7186405.72,2162148.541,3653136.329,649274.0049,10443075.74,9572451.0,661985.6559,5083162.983,6505505.931,12815207.32,475550499.3,2679505.997,690202.0259,51410040.15,1352878.858,4784031.114,227300.6439,116965828.0,11651213.79,26372922.29,2640076023.0,12639232700.0,21158615.08,21366543.43,408139.9527,24614445.95,3680480.495,7619198.129,3431319.619,958526.8682,262217.3343,61893411.66,7028094.526,14194859.51,2140562576,6497579797.0,2183339552.0,20604471.09,35873453.54,2061323.908,388138.912,2402513.856,18528521.13,2724460.097,1641559.491,2488536.245,6101856.248,23101790.67,251422634.3,16274056.2,1868226.234,441921.6746,12801163.78,16140916.2,118443534.4,1188821.037,145099814,1499265.767,62146712.3,7809515.0,22869318.69,89267404.36,1838393.73,1392851.669,175799603.0,11305696.73,109907321.5,950375.0764,533711785,910689296.3,1383241.628,1849296.785,11007679.69,198633893.4,91090922.64,1911834539.0,5041574.65,187479216.4,156941122.8,10855835.31,1727214900.0,10492376.15,2219226674.0,36064688.23,15349884.91,158482721.0,974671944,604477.9953,3543906.385,63314845.24,224825980.9,220639920.9,56781520.14,1255650.042,358734636.9,6433206.274,362175752.3,9345246.804,220282.7025,3682862.963,116713237.2,11942779.21,643960.0302,29184123.55,348274714.6,1806060.553,964331.0655,26364757.59,1019622.602,214929790.2,795862429.9,6190985.827,616200239,107426101,43288352.4,775976878.1,226850286.9,45195521.88,29323159.34,840879.5898,1882003.258,245074361.1,689547.1847,502690.6845,17797011.3,399193.9749,83687134.07,1101730.078,345237665.7,213459.6286,597432.7817,39765052.32,3277002.849,1052792.0,89144563.86,10217022.51,3062008,7594214.191,5619272657.0,1200812.254,2829620.475,845120.1063,3523410,14217117.0,1301750.866,521491.6106,7804082.457,506708067.1,283276569.4,282746356.3,19646856.4,10394874790,1726030633.0,204750369.6,30743136.94,58661740.86,351116818,3548895856.0,11082879486,19300013.44,48419184.43,76621983.34,9311597.973,2712999.963,101241536.4,10941799.54,27226312.24,86085417.17,55663338.87,120210.3012,44196626.46,19839332.45,41149833.09,200373718.1,3754064.543,9829679.531,98703345.27,16154030.45,48154294.81,7527528.422,7371332.065,733396073.6,25064843.26,15036314.14,15364967.24,5758186.644,218125148.4,13907020.11,1411571904.0,9439579.836,904223789.1,469338.6375,3220689.041,510968.8166,7643213.022,8859259.717,9174993.755,4848911144,27007055.76,66016626.68,36861700.63,72668295.71,581467377.5,179688587.2,22050795.9,24635103.31,7051975.863,164804.4668,690740118.9,8377637.613,5382592.507,38341478.98,3830579094.0,107661804.6,1246221507,11036370.31,1055846.062,3556917.177,4491524.572,1607844.08,101892791.7,49144495.52,6393739.022,69774783.21,1802764.479,620034.9516,7336724.129,2498302.592,129265.1443,2666136.932,10187202.96,4375875.576,2882821.256,8049035.32,10581026.99,1650067.382,344159.3346,6983623.011,3047363604.0,30546077.44,248250226.6,25660553.0,16991439.0,31635417,749899509.8,505265.7786,21328760.66,115834280.8,110583631.5,24951231.15,13259861827.0,267642.8072,6610891.11,60087988.38,5205119.678,19477521.4,87860778.44,80993170.18,4368938.238,26364260.26,16426561.93,122061157.7,195325588.0,2868283.72,3756330.0,8155952097.0,683963568.7,4505777.582,1117094.973,359176.2138,81321070.0,9103608.518,827673.2988,24061824.78,87268221.4,34573001.13,12698644.93,685829966.4
65,2447282.072,1983407.81,328974976.6,14729577.82,1978481.188,828405.2739,2086829.142,9739060.108,38834791.2,1029488.197,1152067.168,2164700.741,833617.1326,43708569.32,925547.3167,1493257.755,1093338.154,985146.4441,25857707.97,2960905.672,4397481.261,84471.28329,542169658.0,128307453.7,4318930.537,308943284.8,26738899.16,3324819.098,2612619.98,750173.2565,4240424766.0,332258102.3,3281411.145,3887091.408,1569371.631,68621479.51,3533673.663,406842.356,1375090.225,263270.6097,1383721.804,280459.0,1217239.19,1489340.698,10070378.88,4036474.393,569507700.8,2980513.577,718941.0839,5886738.841,3099438.707,257521.5569,170554.3751,88176634.5,5277016.312,115944224.2,18428804.34,10568059368.0,4877140.639,43517698.78,1124350.147,14006125.22,2305622.076,9934893.104,6972093.877,663149.9645,5399250.594,17456157.13,1098069.321,2659235.36,549779892,8721580126.0,9210109230.0,236773847.6,28053169.21,394582.8874,31794828.89,15107704.09,1211047.793,232259.8542,5429030.776,3607399.083,2374899.212,13959859.8,649097629.9,12951883.22,1956725.783,208226.206,23016334.58,1308398.661,3010858.452,255612.6513,60217604,661789.9555,7230891.457,10190370.57,12630182.93,1690533.561,1173801.396,986341.1444,21194257.0,6467021.749,33194847.48,3096669.577,443894120,703660317.8,1399844.232,21848222.84,10817741.0,114129495.5,1274769.717,1184579768.0,20840321.33,5340503.918,12426674.64,11190563.22,201858036.0,6778015.894,814418973.9,9434214.201,126923832.9,313686750.0,639195,575085.2843,223836.4648,350119845.4,52452740.72,31716098.02,7563143.895,517373.3756,48942144.02,7978221.244,259337451.7,1790542.042,1242537.641,29179088.08,2680409.844,1432585.034,419547.3888,6230276.101,236400634.4,184377.1644,9614177.099,9629347.987,242580.6473,764228915.5,95746744.48,8169080.926,11681978,44954251,25455919.49,14970371.4,13989182.84,3284886.863,1165805.571,10507221.64,20585060.55,256321184.0,1722653.678,1132853.079,125916999.0,285904.0404,2806017468.0,729864.8311,153770766.8,115304.9835,1043955.401,21136159.92,1591513.386,313802.0,3957551.889,90294368.23,12095874,5822605.551,21670718550.0,617653.649,1018480.644,6459264.48,11372015,46818780.0,1352388.416,291818.226,24955219.11,7261157909.0,224204330.2,54439925.16,22260274.89,4260480471,89948332.45,186177236.2,156075338.7,1073435.92,287204,4079337743.0,3857880946,3956018.734,57020877.37,133608024.2,1786864.512,13921126.69,65416072.5,1444317.412,5045433.895,104988147.6,312512847.7,130110.4466,101673967.6,29000736.79,391457137.6,92025288.52,15293056.13,8961344.854,26316550.88,26222382.73,513842592.0,23781623.55,21808909.9,3057048364.0,80719893.92,17367154.23,32305712.71,5570515.999,66254460.08,485719.5693,2079774116.0,95679948.9,65083392.77,155577.0199,382179.194,8398043.081,1848937.713,41619884.71,691264.1582,5095335767,736313.3314,39508038.5,78679374.65,198588121.1,97626682.59,30974453.33,12851052.65,94834369.74,1963268.409,119374.2523,525950773.6,2050179.767,5343723.054,133435688.8,187345306.8,1269893236.0,55954623,14284786.74,935115.401,1964353.043,3889543.807,5432581.133,14845984.95,24565136.68,21745567.61,26036203.75,55978084.0,322972.9761,13467916.32,62776683.72,871812.0584,1966240.747,1848002.521,178093.4264,565606.1545,3087066.689,207816.1107,1069801.196,222678.8653,6142085.472,61637706.96,1734556.423,36291312.85,1052565.0,831541.0,116520,747351.7296,277472.0676,4027007.274,8405414.976,5670063.358,22901866.51,11132284638.0,1816126.157,751951.5305,53283542.48,13572808.54,11932610.46,11502769.41,3995065.486,1018706.964,28314353.78,1346569.852,4629055.865,16720032.26,1860545.814,286475.0,6161660367.0,38531711.73,1762447.419,432311.1684,578045.6538,7922387.835,908507.3124,7723706.261,22924069.46,1499342188.0,44613336.65,93722931.81,2881249804.0
66,2004492.947,2283449.557,191870782.7,49892557.35,36195740.35,3016063.423,944242.7737,215159366.1,24300546.81,831487.3438,145665703.3,8827506.973,18891685.13,142119982.6,5965337.991,51575863.46,3580770.077,26739143.54,68620463.36,26315876.31,22670970.5,78916.03949,3169888147.0,568651262.8,28344185.01,1264397994.0,94343644.01,19611461.33,3733257.592,124691907.7,1127692939.0,1095941.309,21323459.09,74964732.42,6656855.775,186765995.8,34085708.81,5033395.385,6823449.723,1051088.599,15747570.2,11954400.0,382879.7352,9091701.929,129994569.8,20414963.42,2713695701.0,27726365.64,952311.1153,24371182.83,133534972.6,39677195.84,265197.2439,319440793.3,5502302.553,716567867.9,188834396.0,16449303963.0,44554525.06,8199504.259,1087889.818,4467141.072,8500927.606,20450464.09,5500380.132,1674593.553,546359.7054,52597584.93,22744448.03,10968224.12,1741797721,10136637942.0,25636781037.0,84721434.73,45615300.26,4988929.068,53563318.58,333579.9473,14000803.84,6716576.459,411765.9275,6126153.935,43355939.85,14559015.01,980471253.3,69501339.28,3131286.576,320596.6303,13565752.0,4487883.774,7379786.744,3970010.584,148806306,571836.1216,26599984.25,639381.7442,4217312.195,3781487.412,847151.4476,1270993.379,60894198.0,4916098.512,43348745.64,76765840.94,372303835,716508887.6,277082.147,2303520.145,15561051.48,94733969.71,2499575.85,271894009.7,2824325.974,51950593.2,111343384.8,1790574815.0,722456744.5,8405458.135,2858205691.0,21285086.29,113289416.8,13688363.61,6173224,523093.5376,3041287.679,247775667.0,6905742.561,38829568.46,14071020.83,231458939.5,34515752.74,810860314.3,214215307.2,5462440.352,1252575.938,5684609.274,421074547.2,11385126.72,712342.3598,26386762.02,203458984.0,3857394.65,806410.5575,21652592.5,1284655.976,406826360.8,603282245.7,6298299.955,41143546,12792422,319570680.4,504864280.8,197955552.0,21641573.18,5812930.152,1405013.315,1754811.808,155992683.0,5555483.557,11129092.86,2860211.127,1902256.603,392237003.2,8534326.783,376456018.6,122114.1775,1402714.511,764509544.8,30752891.18,173768.0,76579169.81,73340592.27,47608990,4243067.008,6064709602.0,319254.8076,12193232.6,1043197.089,45312083,9724589.0,16188045.57,393755.4049,74133696.63,815216137.5,617432788.3,270802266.5,65475875.56,10374497852,1452923222.0,841671231.0,59124537.77,10011416.88,652608,7216374203.0,17372166065,25406876.94,106532523.1,140986772.5,7775963.243,1540346.512,91086371.6,13003061.85,175294730.7,401352217.6,63163670.62,128613.9173,35045314.0,227685128.4,357231612.3,208840584.7,1278295.034,36332675.01,215889399.3,5036257.493,236363181.6,13895473.02,12714376.98,2103557525.0,31626215.99,20025350.84,10037091.3,5707809.533,129121128.9,14354730.4,284666179.2,35816593.08,218571108.5,265441.6132,139374287.8,1045294.388,14250937.98,17242739.23,1377348.638,5599906556,3577086.104,39551689.84,458050449.4,128201742.6,138068992.3,514204763.8,8155560.691,31805327.39,15179097.34,4237963.816,736367992.4,1461787.832,4911448.932,51481437.97,2076690345.0,166227625.0,392937932,4433019.356,2712542.135,36236110.3,11129452.35,105849.3634,23055045.58,70008009.33,12037832.38,124549007.3,4447235.745,1587020.662,14757803.74,6642406.901,192998.5133,14848474.16,17505653.16,517577.7129,714344.9543,2814443.799,210924.0043,1310233.245,466112.6013,20089121.79,4792406721.0,43349207.06,32688643.57,623107.0,137161.0,116520,761053.8678,11364382.94,14280107.79,58949357.87,59582660.42,107439165.7,7395169027.0,226756.6471,1406787.538,113227349.0,24159496.43,23743476.25,4614753.144,530271695.2,18101438.71,67618514.94,58399782.3,3186965.155,406012783.7,2690994.595,30283986.0,9466378360.0,315584247.9,4344192.32,1562777.415,438674.1218,51743833.05,253646.4393,14111721.01,34679246.87,33305184.75,45895650.29,402343980.3,714202977.6
67,615968.3766,272913.5711,292146771.2,6579954.888,284954.945,174145.8613,920246.5601,46928058.05,6950931.507,3358645.948,496035.15,364488.4273,51291296.31,3339721.316,936588.3537,4705200.95,1446874.244,3048857.195,317280767.8,839826.2965,11266357.29,88192.73591,3158209441.0,326751864.5,1094338.295,628925577.2,11747564.94,3786543.5,8831436.795,1617058.665,701369825.8,17318587.45,7672875.085,648128.5543,29410127.88,125581487.4,2579366.843,1286869.379,5408218.723,1346535.708,3465353.335,22848734.0,137982.7262,3173482.495,4073301.109,8991099.458,334491608.9,24859739.16,558423.9461,27191116.0,2988062.281,744268.7454,251522.3111,1421604252.0,2757372.047,40327724.76,3044697.594,79198885.42,17809875.02,8100742.773,1415943.636,21307047.3,8614241.108,12341693.66,573117.1106,671096.7104,917640.3021,309217158.0,785818.1534,1602594.64,60635188,22690866065.0,117737449.0,132827746.0,5669974.847,407882.4942,158704.1294,274760.8487,2454698.902,235835.4961,92395.32161,3909097.971,515765.6751,11667730.47,71934550.37,18776331.24,6459037.976,259491.0182,8810970.41,1173274.448,132397043.2,280503.6776,6037,509014.7349,21750920.76,7279806.8,16808593.56,253545.8935,110533960.3,2615388.752,11033805.0,41270299.98,13940568.44,7567591.075,81435488,2081764406.0,141312.5942,1963300.288,5107968.781,1437819483.0,766401.8679,23904655837.0,238830.1808,46733656.07,6605573.642,66868291.64,10584058993.0,4715423.382,391542590.3,353618630.0,15149432.79,561345.1926,516694,448333.8952,179501.8267,61838334.12,11723008.5,220641331.0,19982978.81,456197.3196,89996703.96,37282191.05,1715845903.0,8693148.411,401465.7915,21742753.23,3392981.622,3764400.38,341319.9255,3752900.665,1661220591.0,320000.2074,385704.2796,49648565.19,338392.9382,877917580.6,56992900.59,1587593.282,6048607,2846486,217830.2672,413171557.9,12893712.32,1320863.103,2295500.676,283257.8735,965192.7688,123590309.4,1310500.815,11537489.83,779347.0316,278283.151,548007294.4,1053647.828,103903803.0,107042.1193,514684.586,16246422.21,516980.5556,635628.0,1525022.546,31323088.47,5826,5168567.589,10876983138.0,603423.8407,1080033.438,508498.0312,27491,7310316.0,20893566.01,304177.4286,13548657.35,2824380598.0,402573388.7,170478857.2,167552594.2,18205025724,1741108225.0,342697723.6,778610088.7,227476.2891,319374000,5925165063.0,33756124169,7923545.792,934348.1742,366941565.5,6626867.964,483374.2771,80159832.54,599064.3899,31371841.26,4846177.188,33295823.63,143732.6723,133628236.1,271785441.5,102181624.7,63456092.37,1222893.253,84288674.16,1138701556.0,6756224.974,112099174.8,47552045.37,12223308.0,752649658.3,393759.4762,8312121.714,18068024.5,5628460.712,244159839.8,30759539.6,223715249.5,603057.8429,32501094.13,180288.2123,2971555.141,29454744.74,3523859.919,14384921.53,501096.2049,3765137911,308038.1837,862926026.0,48465810.76,38794119.42,7926443.753,29736996.52,4868860.205,4884288.167,15889545.93,124177.7151,2193226742.0,633609.2497,3106835.118,233238893.0,18312177062.0,781040317.3,510204,3664115.449,614111.0306,280797.659,249923.3055,736644.5605,68658214.88,42812598.98,4745365.577,53404415.24,5127668.111,915581.0099,2281049.82,10664729.8,61317177.69,1492640.759,1013612.4,350191.1936,585091.5214,1054175.066,640217.8077,2349187.15,753488.1158,19911118.72,1001038334.0,3808716.053,32115613.49,32263705.0,7278290.0,116520,1754302.703,362513.3073,63899784.48,251476852.7,2358218.295,4967527.547,70976686.51,194348.9712,388562.961,1049518223.0,9444464.299,5577264.931,18284672.51,3055983.997,467269.5679,6741579.574,598879220.3,12909079.26,81534621.9,1215325.86,3118.0,12741480166.0,618619790.6,2426362.36,289129.5426,282187.5598,8395821.577,3817148.036,9372132.716,206345817.1,178044763.8,57871737.32,461381081.2,226228940.8
68,2743472.725,3812335.046,73913179.4,84280702.04,45711810.12,2210172.941,1294315.634,175324145.2,72219884.65,1952629.908,2750544.943,8261010.988,32538403.6,132724716.9,28760224.61,23152097.86,2219906.891,2236568.337,90894769.25,15647781.51,5671949.834,76534.57827,508107532.7,1460082578.0,22636813.79,415176154.0,44764348.66,17955450.78,2136252.193,1830010.457,65372231.34,1911864.933,24284725.41,49121800.01,1459004.361,274410733.2,16333108.91,2969060.348,1560602.706,1255504.814,29013664.49,970769.0,146244.1409,3162930.064,633515331.7,18380637.16,1445960801.0,10674302.33,704402.4878,86560898.78,15833224.48,3870800.062,239561.8972,192279299.7,15786642.83,743400830.6,11756135.82,28636837002.0,103804244.8,22637331.72,844247.8458,52355075.28,18492250.65,7395603.646,6280196.683,1821938.779,2304719.337,26689768.49,6244833.707,10589409.73,3813806056,1669828504.0,26534102394.0,454972581.9,309911533.0,3601752.912,92554706.69,2119176.859,37530603.63,309117.0305,2962330.217,7689981.329,21801782.08,16213168.16,2186640226.0,130189243.5,2588501.511,211684592.3,10385688.49,8644646.011,56163362.93,14865613.16,1060418358,817787.4309,6981284.525,2604631.445,16259268.53,363553.1022,653606.4815,2049790.034,113272528.0,1238291.883,96810658.95,1150486.89,497670159,734143749.4,377902.6319,1011338.085,21506379.33,33549883.95,538514908.7,607553823.3,2540428.021,111669804.3,120026984.1,16849505.41,231103115.0,6335677.272,1919896987.0,7506119.075,186439063.5,7169518.326,687868198,637118.0249,583580.7047,266599528.7,50097732.21,201862330.6,22685872.77,56578290.59,482442842.4,15521936.1,41684560.14,3273547.454,279434.5925,6783080.292,444067201.2,2403805.169,2339117.915,12736805.27,36375616.56,56604376.09,1504250.196,29125074.45,418507.8217,230579564.8,964055223.9,4474393.562,1125911571,279788482,1097169228.0,1175317469.0,129179404.5,29829311.37,10996739.66,1381175.586,1362473.338,207081265.7,6175905.381,23249746.13,2653065.631,378063.7262,59407656.13,677648.5001,607767514.1,167729.2076,1003846.649,223027122.5,4350157.576,753781.5,11772073.46,14611473.0,55564657,13274449.14,6142682661.0,2671553.383,808104.4213,1080640.431,53317343,8425659.0,9260450.273,438630.0231,102046248.0,327492472.2,598735780.5,332384005.9,57353345.4,12344695710,1690382597.0,700366490.7,53892789.82,5259002.47,2571454,4790060937.0,22510709315,21103211.22,160739273.7,147860111.8,29044682.31,931931.344,168791178.1,2247695.557,16335472.84,270510914.5,45022447.31,123835.1806,37991830.38,51723179.09,115964917.2,460694431.4,5190152.684,62183366.39,178014079.8,35523456.71,308674050.0,8744272.277,9740501.749,1479102776.0,28093105.28,44138323.79,47427102.37,25094875.25,157065106.4,23245759.62,4204227148.0,22278026.35,264712208.0,317387.9529,352956.6496,794349.448,114184158.0,2841902.897,260854.33,2966394904,2637287.896,73656810.25,100103188.2,354402700.9,648627939.8,867710173.5,27963655.98,7948307.729,5959913.462,251911.0264,1204552413.0,5008190.033,5550018.0,12646176.74,650529889.4,44925932.42,1201278075,3104327.322,1376730.085,45601515.05,4412329.42,1679722.847,13924305.08,81841393.77,30374632.96,173584634.1,153468.3008,3724776.021,34764606.39,3520290.199,115211.779,2384344.637,2564239.758,810709.1162,658782.0909,2610166.668,93886086.07,2313784.631,378915.5676,73903704.19,204286630.1,4534128.315,13897392.37,11712177.0,11977392.0,116520,893139.8268,13868759.35,72566006.8,60444818.14,84686913.61,22099559.81,29394082314.0,12506648.08,4563535.42,96740270.71,14760265.89,25881348.27,3217295.318,95640229.65,11739062.45,42774421.09,12953672.35,33963900.22,282667967.4,96815533.29,59035657.0,11958228207.0,561105905.7,4417886.612,300608.2235,526718.4066,48087685.67,6451791.741,27454592.79,15058610.49,127465141.8,35588444.09,4972112.03,891302679.8
69,354807.6265,49399876.43,20203105.72,329226434.0,3385659.391,8568472.866,6582007.642,4783883.048,3943014.317,12847790.43,32303060.51,5842953.354,1831533.459,10552144.35,5805610.623,14252999.63,7909614.431,1558244.753,240710545.3,40909537.33,37207830.5,72338.69469,27070308.42,941828409.7,14566028.32,19005484.73,65717856.61,239673118.3,7975968.579,6409671.639,449340950.1,1533212.511,17778666.97,129020833.5,1473035.061,18365080.01,44972778.41,5214638.217,2889458.914,20065513.47,33792066.28,16791762.0,2426629.566,11274714.78,134915643.9,240413888.2,51819811.26,4367627.483,875941.7243,38217641.03,44481545.37,906241.3292,17318122.66,307404309.4,21045904.6,70320304.97,2490571.629,2057779437.0,40633262.9,58798295.94,476319.6219,9432670.921,29852616.05,9087040.38,663547.7718,4914422.055,826362.2871,12276900.12,45446879.38,39729234.04,625348520,31215494.15,646468448.2,258327946.0,110869036.1,12950560.11,190869.2272,223518.4821,12539906.25,11557393.23,104208.7959,37359677.13,14529090.13,34901276.21,331559306.0,177581260.8,13451186.66,320996.282,17843247.46,13065943.23,1239164.39,5831255.663,151032934,576495.0844,39181404.66,28696788.8,10209778.62,1539901.039,1994891.813,1995458.403,46135465.5,3860606.415,5973946.054,1080234.096,16914684,478197739.4,191352.2033,1592008.559,5057932.791,275691307.4,25732323.42,73846559.91,278213.548,177586285.4,313084017.2,2607159.103,159271245.2,11039682.27,1047248808.0,4743599.557,13332866.79,198475.6929,521257403,570597675.8,1400449.046,25561541.96,49668871.46,124531043.5,16508463.03,704137490.3,5949763.8,3986772.052,146306486.6,8623150.439,281491.9626,3066946.803,670961086.6,20691943.91,552351.6063,36214128.81,144708539.3,4043086.175,1050624.88,18257957.52,354940.5534,87135089.15,430758706.6,2782084.651,13457922,19621763,2784930.073,203289331.0,16077011.16,104582415.3,12545009.44,883761.4897,1738312.556,207829730.6,14640170.35,4830472.853,1222139.506,27212350.34,104809776.2,1217352.892,415057180.6,114207.1365,3686664.337,59935343.1,11944417.4,1327678.0,153320527.5,4279101.261,34147416,5879044.809,4742504275.0,29657289.78,5175009.581,159929.8668,30510298,9257926.0,27949792.94,955758.3095,70666354.83,157131451.5,1053167884.0,288376455.8,148402596.0,11816970452,1154192600.0,1063791863.0,28361115.06,5545893.219,580340734,18741816280.0,8554032202,28670842.77,62390361.86,379469378.4,10284783.17,265317.9002,697461447.3,18760727.74,213081321.7,257521178.5,4012943.959,117894.4478,130512292.7,22811553.19,100866979.9,24633825.07,2990679.865,11667312.99,267352947.6,3849334.51,336103602.4,12109683.6,4993022.079,165154108.8,11034542.9,4173229.617,5189810.423,11365585.53,39457883.16,18105232.78,77020208.93,6586262.301,135363216.6,236584.4285,1305370.245,392050.2312,32509319.92,29816126.67,2295311.574,6983678641,4429734.241,13383642.88,69305968.46,21525011.78,889994.2379,417424751.8,87788892.91,1885761.078,870168.594,187986.9108,1147130835.0,3295858.438,5248949.786,86529826.67,2580915015.0,65065122.24,318322496,1863721.607,2881740.094,4646303.298,2208939.757,977841.9379,29398791.67,226787020.7,12491630.19,80214745.9,154598.2293,8992005.288,19348281.18,521112.7323,150879.0939,4029599.055,16576681.73,7728071.038,555454.8527,3603629.167,247753.6082,830988.979,416386.4795,22159579.14,899552165.7,57640446.87,2671137.459,466998.0,336116.0,116520,63911682.72,139646425.4,58358094.57,41372291.64,149791845.4,23072847.16,1451109388.0,380125.0563,1721813.954,62338437.02,1373842.769,43903249.75,427580.0305,7039246.991,23599744.39,82050307.77,59040222.39,22232331.74,2281435282.0,4433268.672,23209013.0,4877981145.0,437664106.1,6768334.462,1875909.806,489182.4214,117676263.6,7688396.306,8114766.372,28801824.31,181618549.8,22200092.62,58975273.17,232559228.9
70,2257461.989,51114241.65,121090877.6,63367231.3,7471380.631,2183242.292,3437767.308,12712123.69,2467795.166,2731649.765,45290144.05,1310812.405,851274.0203,18517019.3,6403457.598,7332417.497,5755914.324,1177572.817,27818504.27,65697396.77,61719359.46,85011.16828,603826444.0,770973718.1,85341984.74,766287686.3,71433390.87,78769744.19,3466653.274,78013700.83,111923360.9,753815145.9,64903813.06,8068536.961,15418024.77,59307033.57,142055661.4,1880070.385,2037136.77,2022115.44,14269247.07,23164115.0,119067.2264,4819152.469,280413555.4,79398224.2,422315636.1,1228418.859,1045954.798,59430846.86,15835854.28,8022721.96,1124116.013,158417850.2,6493657.61,37056840.22,2350556.326,10112809436.0,127881527.9,22135804.08,1415101.509,649695.9073,2890938.731,13874315.97,5441230.483,3337876.071,382136.1995,44969227.26,19255241.11,2428491.404,4062205385,957367005.4,4048345264.0,53329805.07,21074563.79,5494332.25,211916.8228,676995.005,4256851.622,3667403.56,240799.5302,32643814.55,9672622.292,256772286.6,1170468796.0,275709588.8,2273288.352,323655.9301,14143995.66,1981297.72,48442936.97,16139207.86,827288889,453180.8298,12966998.85,10279745.64,26216668.96,282144.4708,1140556.505,2029542.246,43262491.0,2230655.254,41899179.07,10923473.67,480490184,950332413.9,133904.6803,1220457.874,6241189.898,100181042.1,21572502.52,273886637.9,1656703.302,45011888.52,87202230.86,956842378.4,86303765.86,7360723.987,4218575587.0,29287678.11,23554259.8,210682.0402,853013603,583141.4242,175341.7253,140841988.5,7118765.331,218347300.2,9083521.367,201774332.6,29905864.55,359978063.1,780425681.3,29382001.62,284854.45,1498444.018,522275346.7,6410454.501,460965.0937,26107142.8,766144747.8,4444555.685,1097340.857,23482857.58,265691.2563,878976726.8,295830282.0,453452.0964,10088090,7131053,429121.3204,496058751.6,262088970.0,17757143.28,2958407.616,373360.7387,1108444.539,205367371.2,3038315.32,10900912.01,7822097.565,178315.5633,207237354.8,2336717.938,919271082.9,99723.61558,1649997.839,221871881.3,12914555.8,291187.0,25518395.6,27618394.71,53043961,10690794.9,7715396918.0,567983.1455,6865198.491,204727.414,39665203,6766331.0,15284867.11,1611770.103,40444254.24,173327344.3,604952167.5,373353205.7,63906696.51,12139714163,3130575733.0,156555481.1,25412962.91,563071.4715,319374000,12160766416.0,8914702290,28404496.33,94480801.8,60944330.36,25961270.66,1387944.196,223229779.5,25168498.72,155267310.1,517537710.6,65627999.28,138547.4922,38650433.12,44228308.25,66784745.8,239068127.8,4139784.147,21355307.46,139982351.2,17229156.96,110605501.5,4153080.671,2917283.008,15825341.72,6772231.332,18020730.54,24480735.32,11852910.0,301046243.5,16683895.62,137524917.5,118595292.5,1429173963.0,187947.8191,403922.7157,295335.6377,25211921.53,445556.9758,12425595.49,4099140931,1493108.504,181820221.8,230300565.7,11298135.54,28605082.82,442940569.2,21956229.37,297787.0227,5155513.91,177709.2361,1355972820.0,1248753.682,4383934.432,26755477.63,3149847880.0,370613601.6,1742302824,27513968.6,4496468.252,8414022.87,20994227.42,328077.4081,49596630.17,68753366.14,9069541.17,224181038.8,1288014.27,5502238.267,18385496.32,1651895.096,168620.2836,6444920.824,12952626.63,4182180.644,695249.334,2139701.537,245475769.9,1524074.707,376790652.5,196653788.9,660748154.9,16483081.19,45080089.99,1052565.0,340579.0,564384,1719128.655,3128267.633,39381177.93,62898190.07,222034184.0,276273276.9,12039227446.0,252786.9007,725680.1127,37782797.3,10951462.08,22903802.36,419917.9132,25025463.8,3656000.891,145439248.8,12553612.69,9980676.095,1856922232.0,2822989.049,84622562.0,9278486172.0,1715007007.0,4961257.506,582999.3985,358850.3783,216531086.0,949025.541,4563125.145,13132080.92,172245627.4,85118176.14,12920224.14,2831106841.0
71,1146570.257,1399278.225,294080213.5,27034829.47,133001522.8,1000869.868,1080339.521,210889013.1,92379866.52,1353294.765,15416641.57,16469221.17,29770299.12,27446397.71,4992392.872,16563438.44,7344059.893,18536071.7,259467924.1,86748490.65,43661347.3,80202.31433,184485998.3,487158467.5,24778437.88,349739348.2,54391418.69,13622018.62,1906650.692,9179873.372,90802623.45,1698300.362,18970971.38,6134769.919,6926606.667,132475230.1,6943760.714,1897274.963,2156638.178,1283210.838,134299807.3,55483989.0,230552.8577,14132405.59,904844.417,14195325.48,944137931.7,11600258.32,4164725.652,27156956.28,9454608.887,32746628.98,288268.9678,584232245.8,2153267.621,65061895.23,50942090.84,10132150955.0,42659324.03,17822589.42,667752.011,2370202.094,74419489.4,23226542.21,24588050.69,7344821.697,775371.1646,20072640.81,10049142.95,80970307.78,4558660723,9760615125.0,3745239636.0,130594872.3,53443243.94,534743.5392,806045.366,753896.9109,24137748.73,377549.3914,117080.0484,5223425.508,131339883.5,13349519.65,316865757.5,115486261.6,3490156.126,351180.1794,8173257.841,1852567.82,887054.9067,12507479.26,301106073,1195071.559,13568380.78,19533368.6,31505138.57,2159559.088,975379.4781,1008904.929,64142288.0,1245747.859,26363316.27,460083043.2,227645378,792728992.3,330989.6552,1184891.77,19983609.98,49984097.4,921077.179,109934533.0,2795506.441,39140344.91,628574248.6,3791471.211,183268653.5,5826699.585,1112309347.0,10236888.17,301296640.5,187325.8066,687868198,773631.1094,990136.8754,79304430.23,8439057.669,42753236.93,25205089.77,610196.1196,35473457.37,14351586.18,64162352.62,20506019.47,946074.0256,19530299.11,136297526.0,1781078.52,651278.581,10662019.18,56096426.3,30542041.8,12504133.2,11677479.05,14631052.86,439354347.4,755109805.3,1070981.187,12076089,5396523,138448137.2,734898106.0,391367966.1,211168183.6,9529037.276,1113365.078,1273193.973,158851301.1,38417893.63,554882.0153,1027799.861,228725.7414,81607096.54,4642949.754,727731608.1,185959.9312,1014448.19,97259862.96,25193667.61,1401910.0,6229887.221,8397192.012,214795822,8748818.678,7049600494.0,995939.9893,15945306.5,934319.2542,205165865,7308320.0,7477775.247,2105492.92,37294516.46,332261633.7,797195514.8,203715927.9,114430264.1,11003763966,1145868318.0,678661408.4,28110367.9,14840523.23,344496,5761173041.0,4010545599,31410210.81,130407790.6,62584188.23,17838330.16,2778682.192,91119334.33,63651569.1,12363679.82,184393158.8,27490965.18,130710.2319,90020903.57,1190055333.0,144701624.6,247760544.8,2582683.32,130007274.8,571969774.3,89024093.75,299366262.9,19171462.09,5193038.98,614326339.5,10273234.77,21108048.49,51787522.61,7735058.177,55090128.83,19127850.84,468611389.7,32643564.08,165647941.2,189621.5012,843763.43,924368.6329,50744344.57,253779.428,11067477.65,5582164635,6206298.976,51039269.77,124294113.5,476544402.0,78318082.61,1148364586.0,14609675.18,4647042.739,12004674.38,1285041.558,997863554.9,6408066.819,4001898.028,210746183.9,633942530.7,4374487533.0,1545113132,3394213.199,7334551.743,132856232.5,14943022.65,13757034.25,28808923.42,26602878.0,20186490.44,62611653.22,2938874.624,5270540.209,25215871.03,2758594.642,123586.4469,10014191.23,7466913.443,427399.7784,528652.7151,5642254.244,1991260.236,2104203.213,486928.3789,34097939.68,246483416.3,15230491.51,4688323.402,355126.0,674765.5,116520,731635.3548,1176070.562,63688680.98,89604866.27,482210599.3,74014739.21,3219680279.0,335362.5764,44533286.54,23595374.36,4421851.958,22958578.97,3163721.016,1521568027.0,2098719.565,28288777.89,443637.3446,9296776.933,424361364.1,36525622.22,10913691.0,10021394216.0,499034019.6,4923301.945,839789.7585,469828.9178,72508648.87,664415.9205,8226623.556,58978669.13,90955615.15,33457725.27,10334078.85,1995634211.0
72,1796899.876,2607555.563,38336875.68,119611236.9,115241745.0,2316702.837,421064.6754,225357894.2,39589999.44,9646151.354,3328717.453,2582955.36,113183102.7,130661878.2,3516816.365,68295432.16,3231515.498,8538478.621,173218646.9,5180992.173,12195202.11,66908.65623,38144642.71,686402902.7,10728494.81,33096958.66,45574003.72,7684829.651,1870307.287,5067906.976,233141648.9,1414347.721,7879247.56,86652623.1,8176712.756,149369862.6,5192712.371,25832193.51,7639764.891,2018487.092,40770757.31,12420724.0,195643.485,15575184.31,1769203.533,8423748.602,481103546.5,17323580.93,907000.8097,32640784.07,81952019.11,18143827.38,314356.6613,232476053.7,3618854.464,54333744.68,33773724.76,3738961855.0,78405149.9,12156229.13,6395713.733,19620545.35,60971927.64,10755406.21,126528184.0,4045704.7,1053421.167,27080930.5,11607544.8,5437417.807,2009174205,6836729179.0,7391961869.0,115542983.2,35927900.48,924584.1441,665650.2877,313056.0748,29182453.28,307985.6788,6680458.698,4457573.291,46095884.44,10201114.05,592028111.2,171242818.4,2247854.986,441076.386,3637004.928,1736049.144,140611359.0,5511443.55,339037283,642951.7411,5509911.546,97216369.72,23434823.45,506806.0438,1078465.813,3323524.109,21781162.0,11487283.09,37917758.76,111585309.1,231915168,167611661.1,183134.0079,205439.4381,33535406.38,140800683.2,34155713.1,30726851.5,1585976.276,21414575.74,104420482.1,2367088.082,1002479904.0,10030151.43,1125388302.0,74621435.11,25206938.09,214420.7956,687868198,693138.145,421249.4892,22422820.7,17913782.14,31848412.02,11519786.83,460278.4309,95949702.13,8391040.636,190319051.9,7233060.283,213524.7232,18781614.59,80479767.44,15436200.71,3717668.984,24888427.95,186203997.0,2695272.419,903511.3748,57394645.53,997981.6386,316190086.4,170661879.7,758805.8891,11799898,22008275,9774967.878,543255962.8,37447431.07,13770915.13,1838792.606,900128.2606,1380629.091,177144516.6,1897471.583,5077186.528,1986455.432,401252.91,98662730.29,3645506.945,231493795.0,153064.411,1072794.217,44050444.71,396126163.8,516847.0,19941477.79,35409423.94,49155148,3770616.089,3304073336.0,523786.923,3769043.086,640554.774,48037020,5647617.0,24199857.93,434562.1981,47813830.58,118245224.7,723978973.9,147264169.3,104312251.8,5250927448,847302968.6,1273245594.0,51799600.24,10133918.26,516009,3649038561.0,7502315142,8525839.562,182773480.7,107258046.6,10337557.68,1011708.906,138480069.3,13971894.26,27193636.2,266173211.2,1868499.25,109044.808,79523204.28,96273811.16,160163847.1,579907573.5,2791821.528,146262620.7,178090680.7,33601665.91,498973743.2,58317174.3,21210838.32,2358098911.0,9024027.767,11896883.41,10359937.32,9303271.123,186809322.5,5070732.911,8809709558.0,33797571.78,235906867.0,187105.767,439217.9351,12949430.87,29552694.89,1608523.619,11898899.73,4195865115,2485984.761,47136058.76,98332652.64,199979986.6,188277985.5,156954060.3,113716539.2,1905816.299,4517951.884,27615896.75,806036537.4,7401808.54,4495052.113,84638083.11,1174363930.0,3009530148.0,224706579,1180411.628,2843148.213,115246792.1,18604500.67,2412668.78,9263067.884,68407541.42,12998828.97,55681740.86,107509.2935,1450594.931,18014439.33,531846.2828,137661.1266,2611623.184,6340932.417,563212.3163,650271.4906,178075704.3,18892226.17,1846015.221,338363.1078,24781953.7,291892407.5,12205359.91,103228238.4,134444.0,296796.0,116520,14632456.65,318006.6076,6353497.728,21964608.96,24417217.12,104444439.4,6014606634.0,1970997.111,2387360.8,430609666.3,1367927.493,36130936.6,355633.1274,1306221165.0,19410053.82,150783272.6,5685070.96,12050336.88,279450850.6,878508.3097,5918229.0,3314503383.0,194711438.1,3727393.253,869416.3354,396244.4855,26249317.74,1469695.855,14940658.01,48130893.84,114641484.4,114568047.0,658087.7991,441795318.5
73,1108386.399,13788207.47,8593935.173,139366761.8,37092221.09,2593727.881,339845.8595,50125403.83,5534638.927,3550008.311,3359311.201,5255889.745,212957.6837,10853678.96,10153447.65,12810188.9,8801579.513,3098761.099,358435609.0,234222985.0,103367839.1,86974.60459,80589610.33,911258465.4,179307085.1,58476535.06,83864284.93,255388294.9,9472946.281,391573669.8,1190369052.0,1814552.383,22998200.88,2809983.407,7007141.779,61378630.85,66977485.37,8442309.524,1690711.348,5606052.929,63442953.8,36624949.0,298087.9925,6436070.879,166349925.6,256437855.5,302254012.7,10371277.75,1924035.316,41910230.18,36221851.56,2145195.663,4192293.504,444433916.5,17777723.68,151560761.8,8367989.709,8386094780.0,21339214.1,26211709.98,2173621.616,15614471.19,14211222.82,50214057.24,21031000.41,7314480.647,598385.1918,25822643.04,35212707.3,51500295.31,3905487965,2459230412.0,868709532.3,360525503.2,165032772.7,20673453.05,292678.429,326132.9142,30621998.83,290442.3575,1317880.461,23993235.29,13206424.38,177903672.3,473095465.4,158428860.9,2863443.229,674423.4221,9088637.58,1817199607.0,7519637.545,5875235.565,887987093,866571.3237,25356668.99,60358970.37,14870016.87,2258829.945,2370539.117,3771937.704,46135465.5,7116811.417,36707904.69,24094217.39,53484062,1038734184.0,207623.2945,1704197.277,11915222.1,53212578.17,54833216.25,130969343.5,325299.6804,140079862.4,446812920.9,5554954.271,93332815.09,10129007.13,2279264533.0,9011050.52,35848339.55,231832.5083,741870508,1185422.265,1384035.585,73601588.2,3388345.946,333500024.9,15211563.49,301461465.8,153268651.5,20359278.83,99534065.75,76955490.19,385923.7967,10724371.15,1012159433.0,13870298.94,6727034.507,34463317.54,96282253.04,40199444.6,1494623.179,10295858.72,350487.559,259878706.3,487891495.7,493512.9155,18031750,15707009,260732.378,56195958.36,151616418.7,138315049.6,16614105.31,1694315.006,1402884.414,143361022.0,10122847.55,6495079.226,1305210.368,517797.5035,2402501.171,2123630.847,1531705515.0,129697.1353,5448443.206,302878090.2,17227077.86,421013.0,225181269.2,5365229.26,155168891,3137331.632,8742343323.0,5231165.576,10731758.72,262736.6858,121536683,9562842.0,10463923.81,15603571.71,148363836.8,99839106.66,646056922.0,813546495.6,113669426.9,12718470178,1352343389.0,694321724.3,26294115.38,4957349.044,455315046,11574315845.0,20149824216,38177156.75,133212120.6,154805449.8,29379909.73,322237.831,311848030.1,40129837.61,1616492478.0,1190553262.0,3071280.769,140200.7507,140097586.3,261515343.1,109518823.9,136742002.6,19880871.21,19422111.73,393656622.3,10721590.26,535799125.8,5462279.005,32662608.81,6118598.997,12885710.35,5999351.163,9429599.535,12450654.82,56778543.83,2315380.63,204649998.3,30122387.0,230877638.2,467407.8022,399141.9951,385667.6703,91451954.53,576354.7155,11854336.86,2712459199,3630962.765,108222455.6,512572977.5,30380928.0,9506510.451,821787356.8,49179285.33,1042933.714,1286566.35,266333.2704,1928735217.0,3352864.655,6674298.275,11366304.89,3750048005.0,118616189.0,1465555534,2578720.772,74305704.64,36926793.49,9265465.796,2423249.139,14317680.48,177933972.8,19671058.27,236111719.3,245625.023,2801941.955,29673549.37,515429.3103,163096.6151,7356263.887,46771558.45,5301641.809,581500.1766,5636491.706,32092473.39,2645209.327,576257957.1,41127744.81,679707372.7,57855245.6,4748259.885,1052565.0,1131129.0,2177315,470997.7017,15322098.18,116539647.6,107664197.1,355558938.6,386291468.0,3703725151.0,3252102.442,1636959.625,4042387.848,8465565.465,269972105.0,321741.6036,44748522.56,2223956.35,93380023.07,15984694.15,42861256.63,2461930865.0,63897047.3,218441401.0,8301270668.0,767876568.1,10264110.23,574017.6865,458756.4147,252766290.9,33397738.72,24770526.97,12781606.76,170486203.1,72724555.85,27602305.8,305544668.6
74,736367.9795,28111275.91,97583226.68,492716742.8,8119294.644,1975657.563,1976891.444,6144020.942,1478836.969,4386328.682,20781105.23,11260360.7,1238185.564,14192892.92,9734989.733,11480191.79,13772145.92,3230920.108,112751658.7,80251348.2,160166021.4,82936.86546,116267291.5,527887651.7,168713631.2,58612689.47,25396730.85,227674592.5,7609199.035,522878875.6,218830739.6,4010257.717,17989666.71,3973265.241,2981063.582,114088121.9,134535503.6,7690309.575,7858456.831,11300925.92,28464101.32,39294306.0,194434.1549,8791239.505,227101214.8,228438572.1,171818185.6,2604541.264,1250958.813,35979888.61,100228060.3,3264633.716,9331557.344,467830312.3,39274774.69,105935874.1,26773641.8,1635807331.0,112906258.5,30760258.76,867082.313,359241.7393,1964706.477,20131095.81,1179847.061,1400789.247,602268.1952,20394107.23,214566802.2,62121953.69,2091398723,625225898.7,682451584.3,384092618.1,46316223.54,23773746.58,356452.1474,288312.8305,2884723.167,2065192.977,118867.0127,16157191.15,25730165.11,529708056.1,620534983.3,132879490.4,7813790.703,382466.6174,7487321.314,12973031.71,32636327.83,8594597.385,584923729,3177963.732,30344698.71,44539395.54,5751072.217,3889229.613,2956978.313,1647841.711,46135465.5,4942355.767,37900017.51,957978.6994,96443500,889221841.7,127336.3308,1851211.433,17614231.08,127979015.9,55611819.08,55391571.42,705211.8397,131518828.1,106851374.6,8181359.777,171589068.0,10146932.24,3199060907.0,10028869.86,8705902.561,225794.058,881117693,931181.931,4713118.578,54809347.78,7733218.062,447441952.1,5052765.337,629462113.1,17500588.03,12831244.74,184607163.7,294028302.8,288758.3839,6437766.896,1280967649.0,21462952.44,430332.4546,8914455.439,171613165.4,8952035.914,16954758.24,9960515.103,325631.2362,226916793.9,169610484.3,469943.8487,227668159,175604332,4391209.816,61485659.2,114989694.5,28760385.1,6963997.959,406362.0175,1324684.239,152340779.1,3180012.61,8016392.867,4411140.886,350398.3074,176488293.4,3099076.921,1195008328.0,115940.5306,3771542.134,591878900.5,37725774.68,1915070.0,206792078.2,4494400.672,63370932,9598945.814,6474329467.0,728926.2648,10954927.45,917128.0212,46971303,6986078.0,35463765.86,29771282.24,137646489.1,207498819.9,507100194.0,270594102.9,47355175.16,15554073090,993045584.7,983837754.8,17637072.28,56781165.27,753009452,5809857028.0,7129507364,14653386.68,254248465.4,176780793.1,12753629.45,725698.0076,330739515.6,46872054.32,1102223033.0,778580478.4,3294212.379,135166.884,45769267.68,12379464.93,157170013.1,426811623.3,6812354.132,21326698.22,239766010.2,23749498.05,607836642.9,8369252.869,6552769.932,5346695.732,2493744.644,18721161.9,15013022.25,13824809.79,65149599.65,4086810.328,164486442.7,467357943.7,563841997.9,310518.911,439213.4958,1735836.065,45007666.29,841171.2841,2334223.962,5137495431,63690254.59,70780267.81,313780340.8,17364358.72,1688468.235,722656142.4,143128803.4,2907953.183,1365589.804,156935.0055,479925854.7,2582951.501,6600041.541,35991202.44,4251715221.0,284462896.6,798896223,2268381.956,125068593.8,11199664.44,15551305.84,911186.1782,35990030.2,232110847.2,33317469.02,76394124.18,753437.0127,9747394.096,43597334.83,1305238.411,145848.5232,2373927.695,48973205.24,9112899.064,4302511.162,3685157.072,120568365.2,89336690.98,1138953871.0,64656672.12,662266430.7,68944081.47,2451637.873,15766977.0,14024932.0,17628612,695177.4544,115003668.0,83664795.55,50653351.03,374268457.2,662894623.1,1631992408.0,301411.6983,1361938.872,3673598.791,5230520.92,45569899.02,306661.8315,21204721.92,4063289.831,212547538.0,71576324.6,38769168.98,1462125149.0,61874029.4,111398756.0,7630848501.0,524876149.8,23372574.83,3477572.748,319239.6217,580201669.0,1494846.617,12133248.77,44485051.45,74820561.78,73536179.94,12710309.69,160973081.9
75,392978.0672,4637351.713,267901613.4,190973057.9,249082.4809,146224.4573,1150575.866,84933325.65,3521596.753,582332.6848,2130861.971,10072061.14,258910.8862,67733774.35,12288143.38,8766424.877,952057.6588,1127515.376,100055720.2,34854888.83,13962793.63,98043.08939,10395508631.0,516161093.1,8575772.769,2657847177.0,28587383.65,11552977.6,2870337.897,544545.3416,3176442386.0,1185270.758,10029184.29,7420069.839,12369474.32,812839636.6,1919063.866,2645476.754,3455615.984,423600.3019,8971584.308,22848734.0,399295.9606,4335818.413,7118038.768,12345990.92,6038426997.0,10060445.03,776951.8725,15284024.82,2922340.331,29094126.76,299380.4076,159251807.2,2533266.433,89889225.75,1002272051.0,12068613424.0,13570317.21,6627314.489,1403139.311,15908980.61,8937452.995,9107367.955,4000513.857,342320.5948,200137.8725,69670097.0,1239968.104,3129537.231,890113089,11660498421.0,2784492568.0,358240483.0,63670517.89,307296.2343,153627.0395,6547017.981,3680603.614,216493.6272,2545043.3,4662052.443,1260162.276,29381991.38,721194463.9,26597587.29,2114945.531,251877.2819,15214795.92,1416617.984,896878.2107,3066386.6,898910,391522.9187,115306559.9,116796941.3,16603063.87,1145290.381,490005.5005,1996512.104,2825772.0,7201626.383,3791885.624,9444661.427,97950966,1324566265.0,198169.9605,18596265.3,5483045.471,451757428.8,18447114.01,5245071657.0,76268224.13,40668059.06,20986624.86,24967165.22,347315270.8,7325321.878,288604331.8,15069058.32,26207494.06,5287960.151,381888,436847.3161,154947.2796,3889978343.0,43029688.66,483065338.3,21121406.8,361702.7237,143590861.2,9070009.716,466742339.6,4551047.542,1587146.828,3350443.307,4810975.573,7837483.365,265784.8723,2948676.729,437178163.2,281957.9197,652251.4804,28960917.01,271620.2242,564434146.6,131612240.8,502352.9726,1912795,919378,16748469.29,148834837.0,21436517.77,4992195.113,2317174.422,44654438.31,3542880.368,156098586.1,406761.3734,5806037.001,3750593.854,184278.72,41482926.86,6460294.31,979255732.6,2081003.518,1057700.667,58697124.13,1346249.182,753781.5,2377515.069,699456162.2,1575116,3448985.761,7141555945.0,491140.3469,962615.3278,7631214.813,1284463,52693751.0,2759046.632,253823.0944,38581582.69,205947345.9,259972998.8,120833057.7,96070886.71,11033391671,667309541.4,598720356.3,140248712.2,531855.6168,74194,8959618799.0,17175051844,14744010.11,76558855.09,195066868.5,4699462.044,59237048.29,163490773.6,499407.7972,31794561.45,32477092.73,38075590.6,152250.9556,97282339.9,320980919.4,313719338.8,442078753.4,3945015.035,50063225.19,88658406.0,73916036.71,562977807.6,33269997.39,16745229.43,873421274.4,26844630.68,40021816.67,28810530.49,8515019.438,83615756.94,2391528.572,471528094.5,34852680.16,94129936.97,117760.1312,299870.7246,364541.0944,10106113.62,20005684.5,1330354.838,4250091142,3055606.899,60353100.3,84997872.54,21520833.62,59095440.7,132485562.3,46480716.4,36948954.78,105245081.7,104511.489,1201129086.0,19821923.42,6269368.606,19222333.59,2760405433.0,795662051.8,34175555,12610193.64,957530.5462,258349.674,1812660.812,4187211.578,16822800.86,24778808.48,4523477.789,51106377.43,175135783.5,614760.982,11695580.95,211435063.6,348595.6301,4760627.864,2762785.44,503171.8109,6301101.108,6429181.001,22801121.59,2526387.809,206037.2749,16993343.66,1601938673.0,8003348.784,39351055.55,1052565.0,674765.5,116520,802219.1351,172863.2541,100096176.8,126664315.8,33307840.41,162792465.3,16511392918.0,204855.3393,1958321.734,405330454.6,145695705.5,7583025.003,5058581.427,5403677.135,620019.4912,168631048.9,229936.8719,36870779.22,1388804031.0,5722684.502,26746499.5,11919401702.0,221701669.3,5724923.781,758373.6418,229041.4406,138049840.4,239341.5995,12626941.71,15951889.72,451296307.8,40255063.42,60672075.73,5406408079.0
76,333722.664,25037869.72,50303917.83,166791.5557,1504288.26,3809980.821,1645096.605,3553564.615,13584326.76,16004615.09,38214314.92,9920683.684,212101.4461,3424147.847,368604.2392,10047078.89,4996374.741,2186854.983,83613475.62,43653508.88,50603362.42,76670.37218,28010518.26,385051809.4,117623256.0,6346091.155,3046821.913,34268063.97,1449074.979,500508747.3,76838694.01,162846077.0,112817032.0,4648286.311,4057189.956,33909332.98,7980747.614,5053757.784,1916457.101,813487.1153,3602775.991,25486960.0,187678.7531,1836807.635,110914532.1,38635022.73,12109210.72,3720848.231,1370982.381,26420650.2,156265403.1,523180.5652,333314.7186,54401851.5,99096400.5,33357959.36,5052536.891,547136555.6,13909658.35,2895868.837,1510124.859,218088.6522,2294932.633,40727915.65,809154.9044,2072067.858,504468.1318,9102627.21,106077898.7,10625432.98,218782698,651955296.3,85788889.79,68596136.61,9984800.516,41360749.13,293278.2645,259649.711,11212355.15,5673471.046,441816.9159,62581095.92,46763607.41,417359037.6,446267183.0,32960504.57,3570620.121,514037.3054,9171051.454,37953357.08,2522085.072,30106211.38,155082081,4696712.486,17908130.68,6161786.424,10133214.87,821863.5705,3347229.281,1530708.787,46135465.5,5298915.597,83824019.25,1192558.982,85401833,196940352.1,176607.884,1767549.111,16763512.03,22539958.11,209934603.4,124664728.8,4354046.669,15564008.65,140922705.9,21023599.13,114739221.1,15699392.12,360963730.9,7515929.333,2804203.768,264873.638,1083365916,1193823.172,218389.0784,11841547.44,1155749.579,212878014.6,6639247.532,13327031.43,16023309.22,4556241.168,13771996.73,81760731.17,418356.4449,11800462.64,33862509.37,28480747.24,409187.3662,4985105.745,10541566.59,3336926.326,2845415.986,16884911.45,339476.1773,20187880.3,108660742.6,456811.1641,12471736,4176848,3019412.736,58644108.6,6353645.697,84120803.48,1311565.675,718330.9704,1235167.435,548523939.5,8762214.431,4396342.42,7177336.788,505586.7852,17048685.93,562941.6224,106594421.9,161333.5628,2334317.503,323334924.6,4591793.563,1204826.0,201026422.7,2558388.594,26197326,1903187.701,4169967834.0,4894314.185,6882983.229,322646.0145,25247578,7413934.0,6949965.871,85406482.46,52391080.21,259559080.9,2017461490.0,139217310.1,35107005.62,10052007968,596133140.0,291915766.6,39892034.1,2329829.135,1343018372,13152531623.0,5524502697,21981362.01,111796434.5,30587563.7,7370540.164,2066973.396,420045406.5,27827856.45,2005183206.0,134002105.5,2233977.933,124954.0267,7296220.527,4106846.912,114534749.0,1420859.521,4277617.302,3017429.179,42673988.37,5555269.535,30862218.57,4853265.054,5115723.897,1666804.686,262237.02,252078.4759,2809965.731,5600473.747,88600039.64,1347441.038,50963266.59,7142771.95,254988852.7,187398.1396,1090434.457,394360.7943,2793824.625,1992750.299,8878750.302,4904940583,81857059.2,9281653.957,89191547.12,80974509.04,2920043.148,26366118.0,1113881.836,3279220.056,1099747.128,6330956.202,305736454.2,2759033.753,11222552.7,70178011.64,2810107238.0,11879003.31,113017784,3873734.099,445284073.5,5687967.052,428137.2505,155226.9242,46210353.61,148137183.8,16067246.32,50190259.14,305401.0891,12835359.77,4714203.643,951469.9987,189841.9428,1450776.548,18226921.51,16912630.16,564396.3774,3412701.686,205659690.4,480557.1101,211736694.2,31003059.88,103048726.1,40711158.76,1034281.934,86453.0,674765.5,116520,129837.4396,990611.9497,86104217.84,70785016.62,196178285.0,82685430.39,381720163.2,35383704.5,1348490.443,3709627.756,378148.1416,45245267.15,385115.5519,8313705.406,4256193.474,11379224.63,132584.247,5832272.837,701963908.1,171234006.6,21321803.0,3882875645.0,292592039.2,10842050.08,945999.5078,368186.1425,34313736.79,574988.4768,1136783.354,7704398.768,32792701.82,16591781.89,155720248.7,132348536.9
77,7616712.611,2679204.863,57267620.39,18011586.31,53782443.28,1061704.211,4214605.168,453863469.9,16311845.22,20235538.31,9304853.09,11014533.13,23682669.58,28442422.13,883060.804,14478329.47,1979774.437,1825874.653,88615379.1,147798546.4,177912175.2,77435.64649,445982077.6,1321046565.0,13184381.91,190887487.9,76046887.49,32518291.28,9949545.157,5243224.568,272939645.1,92445320.78,39643140.6,8387527.862,26456011.14,25422364.32,11253072.29,8760031.341,17190522.67,1538213.957,6175806.228,22848734.0,939869.7056,7238031.947,80113587.23,33347034.2,1243098908.0,2613724.351,2175553.907,58006113.1,44425577.31,319637.0688,593795.1067,75933899.56,24496643.83,336915489.9,1911945.996,7398446180.0,37587657.83,20018805.58,2156467.532,4563468.658,6192267.423,7616628.657,354584958.7,11492115.46,998246.413,33989889.64,5758363.147,27377429.03,670227327,21594142.91,2397098310.0,41978825.58,106754400.3,938307.2042,101166105.8,231674.9724,28803164.55,225219.9668,2775868.353,3347477.62,21516195.05,16010283.72,240632990.3,134240342.3,2254657.695,552380.3538,12347700.3,20710231.21,5566175.611,13209111.98,63392860,1029342.09,1852878.409,9039302.597,12025748.15,20879430.85,221986.736,2600145.32,46135465.5,1312814.399,101346106.4,1006214.166,21692687,550110533.2,711797.7296,942310.6479,13377605.03,243557491.0,1011094.861,5677244385.0,731936.1635,127499037.0,72829000.34,8433099.918,256193015.8,4841107.741,1642436557.0,20511213.58,10692432.35,175443.4782,633865888,885642.3277,5740065.177,43667338.08,30889924.55,275065600.2,9077852.042,481920.8756,15916167.15,10900878.91,306967050.2,8836770.381,200958.2148,15010634.74,775846694.7,2815922.489,302757.3349,27679020.03,299588389.6,3488633.797,136743489.9,33630369.95,411733.3188,73371972.95,643227264.5,771560.8503,8165035,4442629,4471100.751,142475659.1,140100272.3,200944042.6,47231414.15,459498.5485,2058034.888,169637400.5,4695315.915,2922140.553,2848165.622,222950.8618,192945550.5,557594.6476,638652345.7,98743.95191,2161805.242,310969436.7,21390568.07,66012.0,3238335.508,5687330.952,23304634,10557042.18,10270772919.0,18666623.51,6737181.256,310488.2199,15359739,6945308.0,26394093.2,1376400.972,83203084.44,1040669476.0,1193124886.0,117949155.6,95217849.63,21859506342,667640778.8,565448049.0,27430107.35,53341982.21,1086155481,31690649892.0,19448283468,21507572.58,100707507.8,912281708.6,23527357.23,460022.2805,528265576.2,24504229.15,324814519.6,205843856.0,11761053.68,126201.2374,6439701.428,13419662.83,79669824.79,73346463.29,2133719.832,2265170.337,34533268.15,11888534.69,182053605.2,7103189.373,20752752.86,123940150.7,6862690.373,20934905.23,10264154.09,7219423.277,96870537.47,27158820.98,68939355.92,22344773.05,183678574.9,186802.5537,18729758.98,837463.5552,9522280.704,800311.3465,1994301.672,5381587718,18857921.66,12776242.68,18859805.42,87923837.95,3237170.832,380897235.7,2594413.996,32277840.94,625643.2655,144137.6466,1448067080.0,9558934.499,5262498.558,330495987.7,6036814001.0,12181519.3,160206269,839586.6043,4130406.658,53774542.22,9369267.602,1097349.67,13007711.57,81833667.75,10746650.01,58007051.39,101577.2208,1951554.418,18234135.9,435523.1251,102131.4775,5675890.345,8469218.184,14226235.53,1035461.03,1882138.038,86922930.73,9622698.328,329788.3978,43477939.16,668608545.1,3303230.571,234924944.1,690496.0,517990.0,10069026,156673773.0,725300.875,15997908.89,67120664.39,361301894.5,145484183.2,7749698124.0,19118667.74,845080.1758,6262522.1,4723385.979,11451401.25,270251.2992,3377934.557,2764572.176,185579240.2,332329673.4,47172081.15,2305203751.0,39451030.76,687781.0,9088798589.0,108670750.8,7088136.876,477947.1338,424689.438,182262438.9,1523933.119,8070101.433,15434888.79,48051494.07,17168610.06,85369387.3,144959681.4
78,889558.1755,185562057.5,8308951.665,59801419.77,2796444.967,6673887.467,5136387.07,4434781.888,14091771.0,14049018.13,4746796.293,7701498.968,286053.7191,5256788.479,15996787.37,9947663.949,6516409.185,2930211.95,64025512.78,133839504.4,82114593.41,84851.31608,919497226.1,921600751.3,93016849.04,441337214.4,29232768.89,160187507.1,8164260.651,164658869.6,328338686.3,2282724.518,15985096.43,13079133.5,1517605.991,26365581.76,42650243.39,6865208.925,10392046.48,8738471.522,72619924.36,29516593.0,205674.502,3287592.959,65522403.99,161156851.8,373525950.0,36152879.61,1817092.828,65146854.34,1176257267.0,1720948.523,9059755.87,167670360.7,75060848.82,249040623.4,18276569.57,10282582372.0,38785704.83,82229190.65,925136.525,2884260.077,59155859.16,27255948.08,1114565.387,1183650.557,431737.7692,16015248.76,11409858.67,14812787.56,1503953506,76289810.79,1333568935.0,118074049.7,87081002.36,30220727.46,853782.1822,652302.0207,28668498.49,775968.314,287817.7895,24699127.14,15067870.74,982135141.7,144392816.0,135008320.5,4378175.492,145648448.5,19062403.32,1703305349.0,78073800.52,8805428.898,434806238,1400381.394,23596173.87,14602161.41,6287510.137,507653.955,4854111.711,3062423.097,46135465.5,5103212.812,82942420.66,243049883.2,68949151,277352837.5,197991.3117,339575.9012,15179518.61,79628870.68,48836112.65,85402115.88,477700.9257,85462566.88,61910943.0,34698452.17,309887242.4,16857799.87,2745371222.0,5186016.553,13003062.68,314739.5503,1570635018,928852.5437,1003105.805,123718309.9,8337397.8,669070675.9,29638925.6,220906169.3,60542146.06,8128717.143,286778256.5,329438990.4,301326.2864,8570234.986,1624557941.0,40138011.03,841879.2455,46118221.03,280903601.6,3922171.298,1892123.214,17123514.78,557885.7281,126462841.7,9907785.072,841362.9232,23577293,14290292,591075.483,123623004.9,99735613.64,70342915.32,6114589.568,529112.7585,2234322.058,131170708.9,1992857.246,2002271.691,1623015.014,386078.9942,54911632.98,1881221.918,881483233.4,142571.8402,6377717.853,170564528.1,1360549.32,871935.0,345605567.2,7543375.25,82012903,2252669.441,8396484329.0,2217857.568,7476247.688,355624.9287,68773033,6437706.0,6937968.724,1634163.615,131192626.8,117442490.9,8556181089.0,222476020.6,69216513.76,12126254535,970627160.3,913394218.1,7076038.202,3796204.991,1614396207,5692377656.0,15468157527,10327112.17,234749824.8,538356864.0,20824785.16,350177.6204,309741205.5,31717118.52,1653172165.0,760356036.7,103804603.0,138286.9721,45687144.53,10142497.21,171404728.6,68817555.41,6162354.851,17135411.42,44885377.29,36620607.56,212681750.6,8020130.93,6477122.736,19413159.11,842568.9128,6971821.982,16321847.23,16156207.68,48866999.08,9504804.529,241224479.1,94210573.81,190708346.4,204793.8036,649142.8326,519012.1703,74526295.1,1240377.559,12439136.2,3730247151,3159722.082,22306411.72,292017839.2,81244828.47,3856634.564,324502442.5,37130065.52,622605.1764,2377044.314,164103.2251,717944549.2,9809726.678,5165643.076,32946096.66,5891140082.0,47806629.43,551532019,3377315.989,6825161.912,3070391.556,1366679.312,490255.7419,10980108.51,372223824.2,15129930.11,45667142.56,165491.4403,4870897.696,27303060.14,688457.854,239313.3152,3739142.807,90203240.84,21326195.93,811727.3497,4521881.249,360891564.7,285993770.3,846287616.5,37523501.47,1249772517.0,85894390.82,26456234.83,1231568.0,105438.0,4609963,159997.1999,30122729.95,141405651.9,51679166.31,148887548.0,950146775.9,1476263565.0,2002674.111,1575934.892,5118721.434,10699679.97,68358085.27,381668.0952,19433698.99,9822003.202,67106707.85,164665038.8,20157756.7,1228488297.0,99601463.16,141470084.0,10240884136.0,269025708.6,34940347.73,1055855.324,530438.7043,404124938.8,1117829.292,9606143.051,9096634.183,218645941.7,44144835.61,27525822.0,629254791.4
79,135807.1763,5495573.206,48869626.03,1191464.411,9498169.795,458660.1627,1300154.642,39724157.44,48349896.54,16253604.48,1951244.261,1014756.591,342248.7803,24929431.64,1720725.963,8418763.186,5191203.234,2114336.912,147830200.2,127518689.4,134294547.2,88069.59952,1310150805.0,662446367.4,5280405.744,392609784.5,41139518.09,7526755.106,4460546.053,9235156.884,345148596.8,1514864.229,9040818.152,39905715.17,4512941.233,129409096.3,9797792.362,13089171.09,1788810.465,805063.5378,7571474.919,1244685.0,3352068.905,1932122.441,445715700.5,7931845.908,1900726400.0,6648716.288,1244634.672,52223948.24,21735525.56,17369496.53,673482.7656,63419925.68,10979816.28,1055549501.0,1361789.663,8552933945.0,38147192.43,17339863.68,1294271.201,7967908.799,26699819.66,14480422.51,28365632.45,793061.6513,446456.8975,113256339.6,756607.2738,3082302.876,1912588960,15209614174.0,22770221310.0,76156237.19,45578279.15,364965.8876,59937138.11,1316673.454,13943587.72,405535.9503,230923.8064,2578033.554,7082272.311,14021836.51,229759208.0,28395321.38,3184636.815,306256.0254,10489043.7,1523706.251,1431806.887,7656747.539,505597027,1179105.106,6539285.982,577042.5136,17152515.61,569516.0264,424395.8142,6680675.581,9824628.0,761960.1108,6693213.454,1087112.309,48026650,601842697.0,155082.608,32512338.03,12579551.6,59471650.15,4183465.41,1009853980.0,208949.2102,40549916.71,150377957.3,62882165.32,126637999.4,13951657.07,622854396.8,97397120.65,158044306.3,75492486.22,10844139,492989.2792,985827.8659,496377860.8,113921169.9,363926908.9,16423436.79,74437549.09,335985042.6,48771226.91,194538936.3,2621331.243,128142.8549,17869856.77,342283551.3,552935.434,367444.1637,4183286.729,184477813.5,23123669.45,5372112.526,131755886.4,230643.8297,1030429342.0,167736413.1,400446.7941,793955,328722,868993.5741,575568604.6,14303194.1,34598773.47,3114569.294,219646.001,991920.1998,122207509.4,4050105.573,25765058.47,52956004.42,7736097.396,3584418535.0,2513602.425,769460055.6,177800.4985,1402554.704,87831300.27,4369111.28,1353934.0,14326200.47,224642090.6,39965023,4631371.608,8527692666.0,506784.0946,1436045.62,137296.0831,36341988,48132655.0,3757732.359,351717.7754,61238326.24,13844135738.0,179968639.6,206846397.4,34192422.6,12581683079,1434023158.0,154022759.9,67573737.85,5065824.178,374805,9635808427.0,31212968812,34577737.89,60074705.04,510966111.9,16109409.07,455532.6332,117951072.3,585821.8918,6659837.967,765954371.9,3103256967.0,143531.9899,20524011.48,66652881.25,411302136.2,1203574099.0,7172679.099,55864996.59,51306074.34,108015928.6,361350682.5,11807518.16,108900628.0,5694639363.0,104967978.8,84054203.07,172752243.6,44550536.51,267791372.7,15383906.16,22051211.23,41820590.81,514717600.1,158161.3699,347209.7114,205505.053,18265741.82,19214840.61,473725.4051,4206847759,984227.2471,20136274.72,183003863.7,225075356.4,43235890.34,712712266.8,234092.344,4633974.463,24670852.07,209539.2879,390082188.6,8002039.943,4072162.629,5962926.713,1008677248.0,2701544995.0,379355563,36103100.48,1084228.733,9496976.231,4389566.097,97164.18456,7590045.519,42097809.55,26527362.74,91488386.05,456823.8669,2612061.642,27593740.99,439420.5556,81981.82418,8104674.903,3998483.437,422729.483,513041.2322,2030575.631,297265.8266,71149618.41,518943.4956,13323816.0,783924086.0,7560543.759,61282679.63,1052565.0,674765.5,116520,18648825.08,35876753.17,8211921.603,137134863.1,159990360.7,253859333.1,9067330199.0,213706.7044,6697905.548,39833242.75,43346484.68,6025446.513,44437658.06,309135917.1,9824295.795,123309354.0,1055979.451,2127570.212,20074710.76,3008116.87,51797015.0,6962008159.0,547477078.1,4370473.045,468402.7649,359233.0393,79815612.71,335441.703,10930462.43,9706049.319,287454564.5,16618466.76,23794557.81,2477559636.0
80,1704072.036,51580503.19,9565069.693,194304063.3,76241295.01,5920627.558,25752873.64,165104368.9,5709192.619,4216159.006,183092179.2,3085240.111,11222410.85,20046490.85,7988335.051,7881881.286,2946382.535,2454113.28,311554933.4,74767048.02,40926742.51,88642.99798,11423729.75,707022853.4,83331179.29,6354621.249,98542132.02,230500435.5,3038465.588,8259772.117,68752912.2,1433320.881,17568117.41,30363054.12,1035223.716,65184074.62,39550412.28,7618591.725,4654908.718,8717661.523,43960535.04,51314799.0,189738.4594,7677694.566,355925757.3,231168737.3,509451084.2,14749787.05,920114.0656,51919688.6,35275223.74,5114230.758,7571008.415,1146132324.0,11753741.8,140383678.4,20545106.95,6921347175.0,82110422.94,20953341.08,718905.5411,18821720.53,17623977.17,62836732.63,77604810.95,3162434.298,1335943.731,12448352.46,11447018.46,5891577.149,2145882731,1133800641.0,1210561914.0,499257421.6,170956785.7,77989808.86,461489.9697,1837906.805,58951082.82,4685852.082,1067157.615,22493467.9,25483108.68,158144535.2,733042518.3,68938582.48,4623062.539,378813.6235,8252294.181,21521087.92,31551263.87,4236915.041,376485867,1544292.038,41255175.73,56371912.45,4389673.544,6493151.969,3481657.423,4136564.673,49492618.5,5496855.266,65239907.93,4444573.104,165355779,635581402.1,170399.8036,2187987.166,6627591.181,222106709.3,14708801.59,186314773.6,433652.1171,196916753.8,535508923.1,7255837.403,1234957060.0,7795939.215,3089878183.0,15769959.14,46616749.37,264913.1972,1474200150,1603414.618,1868859.242,42475132.49,54290455.26,2526751859.0,5341226.231,133912596.4,120468261.5,8038864.36,115035642.9,83838745.39,338071.8404,2545498.092,1607360110.0,17779625.2,6480143.582,28378572.45,122087957.8,3948440.316,3185263.265,24572193.63,1349036.18,173598553.0,1034582362.0,629556.3279,57992950,20287936,2862884.024,373058062.0,231163583.1,226352858.4,19975339.42,460364.5844,1658860.518,195416845.3,6562035.763,12778912.5,4680769.965,1502293.962,434191528.0,4978642.978,431579661.9,154705.7803,3494977.757,262234466.8,31167229.54,536485.0,243071146.0,5064881.804,51387748,4216334.0,4033041909.0,3375939.81,14423763.29,264132.4759,38260547,7652810.0,6061150.84,1774901.244,28701317.27,101591302.7,635792818.3,372797307.8,106568696.3,11223005522,1477229380.0,410539146.4,23612620.47,1691979.008,1034967332,3496703657.0,10870825227,15534450.69,74818677.23,215195979.1,13661675.83,401806.6534,183214569.3,60786102.34,3905182350.0,900877425.2,2827435.84,144466.4897,68280277.42,20579342.21,120810347.8,54741241.84,7854530.885,39161303.63,1112738990.0,3769930.323,357187681.7,3548506.237,26670278.23,1434576893.0,15479151.83,3115838.918,6758680.015,6708884.382,56186734.22,11154398.55,28493130.66,22596803.34,110708135.7,243753.3197,471849.5748,1446607.47,43287599.63,1243078.608,142316458.5,4983546070,1655202.385,33674351.81,125516857.7,34533354.14,13957365.31,317317684.1,44486519.44,522326.275,1296614.66,184273.9248,1296241406.0,10311089.53,5605480.35,152084440.9,2383646049.0,240872590.5,807041084,102829687.4,10972499.05,74224586.6,17595755.38,923773.109,21255379.3,182573596.8,18235000.24,115134985.6,579996.7754,5461005.003,14937022.49,512186.5088,184830.3143,3938909.072,65793751.22,13081367.05,17309638.87,3323608.37,12448092.41,223973427.9,306460656.5,30810507.94,299602116.3,85639573.84,22638063.08,1129834.0,99383.0,6634526,36189429.83,32107999.89,62620840.53,39814397.8,300318279.6,59763202.91,3293851142.0,391624.3642,4723176.245,4394836.965,1092257.753,101941969.2,3284968.24,61656780.92,11775756.21,34709673.22,18765336.49,33003976.27,1671990455.0,108452727.3,141211743.0,3709804943.0,647965439.0,9412071.162,1203835.588,647333.4742,80438087.4,2959996.855,1460777.155,31005434.56,106887659.9,195236178.5,20451258.92,168019947.7
81,1878116.898,898889.2087,238168616.8,50729530.81,40375911.61,876742.358,1798957.163,75779691.36,8891623.971,6303001.788,3178661.217,2710499.947,12858108.84,55938541.5,17299508.1,20351772.55,1770086.096,809394.5498,257018747.4,24921995.88,9944999.492,83080.54445,412190153.4,1041071542.0,2972105.175,719928160.1,358190073.5,18527062.56,1468687.407,1283996.77,301011429.0,964279.4843,11203099.94,5462495.224,2648518.537,28214466.71,21913137.8,1908595.157,2483148.027,716605.7697,63477276.56,339976.0,530965.4057,7298604.851,34464130.57,19336503.81,94768726.14,10985661.26,843355.3426,55958142.84,862693.9924,70129577.84,489209.0706,250481981.8,22727866.16,452778948.3,493293900.7,6636457826.0,13384842.84,29102125.5,761090.3637,14604689.71,9611939.86,14718783.72,17190342.0,1152474.682,1323485.002,49073425.34,8791838.319,7741388.209,1361360155,200930397.9,13586362635.0,123617604.3,263455013.5,696169.4529,85241976.95,1605275.801,11274220.37,247137.6647,695273.2136,3677495.584,22602491.99,14331924.63,437607534.8,37741561.38,4363026.02,391077.6012,4866707.091,8811862.946,64986299.36,962853.9053,76125381,1492686.733,8185809.562,5172495.782,5895071.793,86349481.78,621327.6199,2944401.016,165807006.0,1572681.883,47749767.03,40745590.1,643764250,1255369695.0,2743343.601,1932547.217,13027459.04,809618529.0,58630486.1,1995609411.0,41290172.79,214498656.7,289925132.6,213220256.2,103738230.6,10170414.6,218671523.2,23641082.83,39108408.74,279466489.3,186988398,313804.276,3982525.961,80562595.52,49407368.27,23511264.02,30254047.3,2591402.22,329231107.8,51636128.44,663612124.0,3546086.788,6105978.0,2609741.227,218911868.6,5827882.459,1977570949.0,13819346.02,412145972.3,179450718.3,18929652.84,47632366.28,728245.965,265369820.2,1406993229.0,1430400291.0,317124328,220748977,129739695.9,387761413.8,117175116.1,87653227.24,32330247.06,1157692.195,8613008.724,168586866.7,2476469.151,1730585.287,38454202.1,1380467.382,39317158.96,21703788.03,156152208.1,112075.7589,1465647.787,11963120.41,1953173.658,205837.0,3162818.44,36040823.23,766227,2913907.121,2442136071.0,93800588.57,805249.1695,6003159.811,702631,7839581.0,5518646.21,943213.0377,12302495.08,8612204374.0,1872110912.0,96398092.8,49628658.6,5979802019,524488368.1,124238161.7,14813207.55,2362525.462,2368187,1300299819.0,11104929058,4477658.139,62520638.5,439143825.4,10883018.39,29941193.97,27241016.11,1130231.254,8470854.924,38767181.04,505543189.5,125515.0457,21361335.83,73862146.24,25075598.92,52715376.02,3839291.392,32970316.27,223037671.2,7868632.314,37922143.1,3788054.903,3563379.137,45422970.67,3956182.386,3867844.652,9079024.926,4903635.978,131536076.1,6227763.74,566194951.2,19449695.59,135741614.4,285055.3086,5861215.253,339012900.4,7870471.377,6866151.868,6447490.728,4665121087,2782718.401,66211905.43,1639948050.0,39780821.42,869315974.0,153835962.2,7638838.3,602011602.0,15638115.68,1617413.09,362189056.8,58095082.86,3015616.203,132403011.1,244418725.9,969827813.4,955573010,16298123.75,823553.6323,40521009.28,5455886.26,286254.5946,36040868.12,77282930.74,4696751.162,38984416.19,81329952.57,1059585.815,1891636.987,117660240.5,202902.3592,8826519.433,228343651.6,301608.4151,241084594.5,2959011.834,3407052.42,8513754.021,2450718.637,14075430.84,1759525915.0,7230692.842,124327409.3,24514694.0,804516971.0,14736132,242708056.2,657526.0855,8838242.588,27963504.19,108121393.0,9698658.755,5105601326.0,199281.9797,753633.7674,206478277.9,1672550.116,7791594.19,8934258.372,23449267.06,1485001.185,9039860.777,35503575.11,70370805.13,94061132.97,276624869.0,4034660.0,6521077234.0,178173847.6,12777754.88,667736.8646,90593643.56,7659355.311,2475569.758,8377075.33,19695548.69,120448061.9,39914312.36,17990289.06,296487846.4
82,586784.0469,1790691.539,393765553.6,118672698.1,8149261.079,1102279.465,51376814.15,37648361.11,33249877.59,2820469.246,85224652.35,2614905.687,10822053.35,179042471.4,58390358.34,31532623.63,2420896.949,5760625.772,311401346.5,80328505.39,35171315.14,81218.3103,1151170583.0,327233676.8,7544514.274,1695529022.0,38834961.07,32377963.47,4745928.453,2177188.973,221312190.4,1285948.734,27680803.88,124206055.2,2745046.797,391674819.8,25680380.45,13656109.06,4418837.398,1566839.503,41973509.24,144625.0,200071.545,6510555.5,62204064.38,34002417.49,4494058796.0,30675467.61,596018.683,23996613.05,2552987.909,80924708.28,650604.6601,598235491.1,5274816.105,132843961.5,73474868.55,19195225417.0,45709824.52,15516633.44,1281780.158,39191465.06,7934302.217,43342885.25,23647636.49,4262221.293,365786.5526,111874078.7,22828574.5,11458003.26,1913778590,18706641238.0,1772492553.0,975592052.2,137186163.4,2082079.004,2620753.592,13075447.7,77616134.93,5190487.147,4674225.236,5291548.876,25489722.78,21398422.33,344909258.4,92964443.47,5164677.123,487255.2452,24744501.74,60280705.25,11489535.85,1843816.992,272402716,675464.2944,51676794.67,43664855.56,13951664.21,32799963.36,3466975.23,2949397.718,69045484.0,7137249.674,36240164.2,1015626.066,488676807,882273067.6,153647.2805,1900826.17,15476725.55,297740023.9,97430723.54,1076943313.0,90868742.04,121847138.7,756051986.6,31823160.06,2037845453.0,6469608.155,2428534573.0,39754022.69,136534821.1,282662.6775,753383691,818527.8492,18937381.59,131651932.5,40808543.47,277544815.1,19505561.6,847550.7149,366775456.0,13332432.46,197135184.2,7887937.759,3064601.257,7037302.411,688654151.3,10810950.17,356894978.3,14373341.03,170618895.2,110691943.7,15986451.83,37566601.32,2124639.057,334105868.1,1502317406.0,619849065.4,44836037,16460687,12369135.75,872490580.2,197042432.1,245215541.5,13373872.87,1339881.905,1622354.362,166780119.1,2131138.774,2607469.188,1375848.039,349899.356,3044445072.0,19800409.63,406449930.7,144296.4922,1255763.083,103835571.6,6717002.924,2453282.0,282986838.1,136522559.5,12096338,7258772.152,10492481549.0,2292527802.0,615522.2942,6377221.243,9020917,13685273.0,6271599.568,686303.288,22393977.45,155282827.8,312524185.7,271334185.8,119710041.4,20090836163,1368867698.0,249139296.9,49323419.83,13287934.24,107276072,7904597549.0,45802427774,15117343.84,46082137.09,492626936.4,6250950.2,77184532.57,325423677.7,863934.4945,22814504.0,209412843.8,1782213515.0,132366.0578,122579905.4,306704596.5,87221907.89,331040151.8,5309900.31,130116843.2,568502684.5,41540183.82,203058550.5,9421354.124,33703648.78,13767806132.0,10665156.8,17897777.88,134949815.3,9386577.066,36966189.01,34857249.97,3372768147.0,11992064.6,143143436.2,282971.7278,83785097.18,144190586.3,77745474.09,1503702.135,22139780.44,4048361150,5472636.758,12138972.95,61294454.54,179804771.8,187345085.6,470337686.7,74485884.67,134925832.6,21851956.92,185933.858,501777861.8,62651283.96,5518285.282,94809430.99,17739126908.0,4927084136.0,919339561,2688613.133,2617340.315,6157969.714,8062394.315,109521.7199,9607189.031,53081688.88,9604660.043,80345748.76,81745399.1,1384561.305,5757493.637,91848785.62,177540.97,231552499.3,36613501.57,1400239.491,732373.2306,7372622.504,13947621.71,239046204.8,3018015.876,32621775.61,653242934.6,58438053.27,207821173.5,5941176.0,16457214.0,22822680,126266625.7,2741208.107,87666145.65,38441062.3,283485030.5,21889139.32,15123435109.0,44217298.99,5046969.278,105527915.8,40770862.95,44568604.41,1067142.523,116291217.7,29928032.6,40263675.9,6159049.001,28762450.3,28054871.07,3667265.743,12074480.0,19133210688.0,559130031.2,13594724.28,772086.5118,13482980.31,46525954.3,1013166.663,1415056.49,52593126.22,227550948.4,143153268.4,440636037.5,1188171466.0
83,9549534.41,3049575.168,52656451.61,272036977.9,10153690.25,1095101.937,6526002.191,40903562.25,3377105.277,9310184.037,199471767.7,7507283.113,39074522.58,165704992.7,411952.333,11253976.98,19231928.21,5575401.198,315853861.0,60397283.5,58276602.54,85309.41359,24041750.21,800561912.7,11285226.67,16120168.78,100638427.4,139160678.4,8178079.266,77333192.3,387127813.4,8249527.1,22070292.96,307114664.5,2207668.257,22897080.03,206456802.6,7774733.244,9966829.095,1150460.24,41509841.45,52861679.0,135778.9807,28704477.44,454180510.3,139695693.5,452022030.3,9391255.233,1057035.288,34052697.04,37137355.75,1476160.221,597616.8898,117705484.5,10881337.16,103418255.5,2157030.636,1097097800.0,20774872.02,45180522.87,6673635.282,25315625.81,14285577.66,54085519.88,25383160.37,2041403.283,209189.1439,10701922.8,32280107.82,13838155.76,842546106,33883132.32,140280994.8,214620435.0,196710720.2,6931199.576,231854.92,570621.3446,31872591.84,4647008.587,985054.5987,8442652.576,17967884.44,73050071.18,531491592.6,115986562.5,4644047.128,9539972.601,18426933.11,104665009.3,754441.4786,3016981.957,94946859,1134687.803,8715808.121,71925142.14,4621876.491,14237503.36,542143.6224,5021539.962,49492618.5,1278059.974,14670932.77,11556942.69,53440748,717538073.6,995840.2807,1236566.086,6824712.969,244529731.4,2707509.66,2275925348.0,4626023.371,190407638.3,241558136.7,9569058.862,150492606.5,5717915.6,2012854097.0,5650344.603,14502677.89,345024.1718,550339526,751921.6515,10442678.7,15791649.19,49012464.0,944485516.2,4906256.961,778355757.6,39039925.71,3810696.234,233898399.6,53498355.56,343223.3125,7342516.475,752181091.8,9275436.403,303672348.2,37744324.47,226710838.1,11395643.52,14183216.34,60139393.99,727490.9868,109341282.2,629732270.6,16233000.96,53662997,30778395,11460471.41,89325791.15,43723170.02,158675211.6,26671784.21,3383570.106,4279452.296,169431168.6,4451395.491,15090370.49,1486992.066,291108.4989,47174396.04,2199150.972,730367319.0,111174.8338,1264587.364,13918792.4,10461208.16,953128.0,36295167.96,4871693.926,5314477,8868420.919,4111902777.0,262642675.6,15279559.02,258240.1105,2480743,6435899.0,15841383.48,1660887.077,62296580.27,251221904.0,1453622727.0,138172523.3,125150172.0,9694187484,680048551.5,391782643.5,10277509.26,8265024.228,280928512,3158708259.0,9577878075,8193991.002,37072148.06,783741663.4,9824525.527,1441367.943,299639032.0,61646703.73,252427334.1,634742332.3,4361353.081,139033.5594,78759227.43,7685437.545,93193171.33,15828307.95,3411851.358,5451332.126,95117442.62,3926860.918,253175623.5,6528050.884,9628101.45,659627232.0,11124850.58,4865123.186,5964795.245,5664340.109,28804119.55,10001664.03,124073795.3,23210149.46,186699240.7,192032.1542,1212747.468,2157578.523,70590096.98,466501.6458,3290152.267,3921663264,1989003.772,7422708.829,15437509.54,17903791.91,14221650.94,302077658.2,84161124.32,7448014.748,1208263.455,186520.4902,655517160.8,11429854.63,4845091.309,50175717.26,2314924812.0,36248355.03,210171698,1183651.293,5574183.204,11103633.09,11716942.69,1027579.295,38197627.2,187082986.5,4505073.005,34168557.84,188501.7102,2153460.156,18541820.13,1516071.087,125300.4615,8760552.591,57568532.84,2802253.818,20075354.56,2379007.632,2908116.805,9102962.45,6893022.611,32181630.66,1009045367.0,19665186.31,3426834.717,17917554.0,14837079.0,73869277,30147507.14,58690140.43,153417759.1,18330359.79,175975780.1,26428775.3,1148595583.0,220444.5132,752825.6603,11931439.6,1773611.558,26582103.29,443178.2844,30528735.39,75471241.07,66589688.64,38800200.14,86114585.65,1470216671.0,51871548.26,9935551.0,4365786728.0,181905634.0,13571798.16,690101.7974,9393561.655,112519466.6,5385429.723,466457354.8,21342288.29,125340904.0,44459937.58,196263734.5,380247892.7
84,292959.6293,1228230.547,270528338.5,103088199.4,231415995.5,319413.6715,225286.6221,200312784.1,2998865.699,1149534.295,20324729.72,5143564.668,12935771.43,171636190.6,24633782.09,121440607.2,3504640.261,2612757.893,410248102.9,6200038.975,10516835.67,79113.20665,452337321.8,1021762038.0,5756585.397,203972117.5,41223563.42,37443363.92,6512186.559,31326324.87,79092959.52,656284.7511,9899875.182,117938083.4,5065731.753,158524611.9,8718049.341,3187361.355,998713.4211,834852.1728,10983167.83,86757856.0,2267743.962,5731994.459,30624829.74,37908822.08,265908029.7,11605356.78,2334537.057,37826134.63,4351921.905,70810540.63,307122.4044,222033627.0,5532470.337,74869845.91,1767662615.0,29523118502.0,156377862.2,26318920.92,2136685.587,57008321.04,3528391.805,20545326.72,85865576.64,2684107.029,9017696.38,52954431.25,26568601.86,6893220.556,2513798169,188775851.3,7518343771.0,1026712301.0,779899398.9,493515.3665,284246.3957,1264074.658,45611621.84,1100124.051,592231.4444,5223104.387,79828466.56,21952377.8,551689742.1,53230247.21,2914972.798,290538.24,19819767.28,4935889.29,4803692.781,1476453.381,413049862,672271.2206,34243482.18,45362129.08,16529224.14,89562970.21,1225873.675,505876.4331,81329776.0,6295820.913,16720417.4,87300097.09,555136464,1023367502.0,172073.4835,1283625.373,6098834.26,67324479.18,1052208.766,5826705264.0,11888378.24,327670866.5,279262327.7,3090479.441,113008606.2,7202194.741,1371789025.0,28783260.35,65978551.25,21040757.75,350657898,532044.8959,11006355.98,14621873.06,12822504.18,669140505.4,31751549.11,302331579.6,101809936.2,5040428.254,179962592.1,2737394.677,212510.8833,1728993.093,334702585.7,6347394.236,1150358.563,21930052.89,146971024.6,4858783.626,18877301.91,16750599.82,302907.3522,283780763.6,1601024436.0,204944773.5,55884807,39195326,7222813.731,438264590.4,212683490.2,76708543.44,37116139.79,621637.4866,981929.145,145403461.9,4636485.693,1219049.174,6003388.828,384867.2953,95659783.45,12167305.3,353083645.0,102579.3054,617522.3484,77632304.83,4711730.086,1015737.0,2399099.351,7219391.099,2962804,8632703.369,3320462261.0,73378332.13,23803082.64,7875166.587,2267467,7719075.0,21044455.92,1189365.813,135869133.0,2182164015.0,76517540.06,106142838.1,32649725.18,8439062561,475618049.2,133217591.0,47668236.33,2660730.723,5611404,5364076423.0,11980046760,4181498.74,74590578.09,79860312.04,5346580.251,11284119.98,27831887.61,96922270.5,20632799.9,43643969.74,35926948.43,128935.2517,145970094.6,210534106.0,57029814.77,235311865.6,11368003.89,27973992.84,213151554.3,17872833.03,156896027.6,7335092.528,9586885.326,176120424.9,6007659.833,17877238.81,24704032.69,9307358.8,170445453.6,5088331.691,563561719.2,14687860.95,252524396.2,162196.1271,11883971.94,481367.2746,28366370.8,852986.637,2742414.187,4713928517,804827.8151,69557202.14,66976048.48,19004264.23,45359223.55,237935009.2,45801283.48,46914893.06,7814203.492,5529565.575,339540137.2,120103379.6,4371327.663,65499173.48,628321062.0,1415625525.0,1702325098,92236897.87,1653589.632,231337022.3,770264193.9,282534.8089,25685539.12,106474487.3,4741786.354,63476249.68,5477582.31,996408.7342,7939572.706,4909731.227,101197.2167,26841519.04,30003442.16,613521.5444,776876.1115,2358241.532,6783920.868,2047978.505,366518.2571,19632071.98,7611290018.0,2707922.871,86583913.81,7325346.0,8789631.0,1030475,222497127.3,29830214.76,43807998.83,21964731.58,96016800.35,19670315.5,32122593807.0,230636.9856,5099599.493,89903742.47,1221190.498,77891030.01,2179222.402,72717241.79,26172958.52,41121862.22,3306498.083,29894948.66,314729793.5,8220133.421,6605369.0,3898375402.0,217064940.2,12814906.62,3929757.25,293742.4974,11124703.8,8285941.223,4320542.971,79130444.42,59552968.71,48110740.26,18026564.54,826342598.0
85,578710.5176,610760.3368,141597877.2,78942653.8,47009901.47,1059443.887,4355586.525,109273431.4,3669192.479,3289333.554,5366472.729,1992912.05,19632339.73,89797905.78,50611269.43,77413976.4,4064958.759,1521018.594,41925741.78,5073089.003,6716770.369,92677.14286,405476362.1,1309716017.0,14358460.61,432988701.8,272702051.3,16533072.73,3571544.679,2837943.285,130778994.9,1104217.386,10703361.26,104313484.0,4545859.924,288501138.0,17097103.84,1997930.739,2570490.201,1404404.085,10585773.41,203396353.0,524472.3769,5299389.198,43709064.33,17194147.35,65532869.9,18772972.58,727251.1351,50835036.16,4248678.256,43306263.6,303927.2902,381939629.7,7643805.849,112142871.0,1394674826.0,31962100782.0,34003578.38,31116082.9,10417098.31,33553889.56,7107600.738,23870950.71,33237271.48,3015469.543,5986677.32,18935215.4,17450229.46,5726851.143,3829474273,1651628288.0,883843748.6,200893450.1,90543369.09,1166254.889,372849.5707,2606391.466,21622706.04,678287.808,878617.6269,5058936.669,13321588.67,16556070.77,1003230198.0,56821967.37,2223376.942,384078.0037,15907130.02,357178921.8,16372641.58,2308364.582,1229311979,791567.1686,13426745.67,2438890.104,22208979.75,41894459.32,4237372.159,14439179.64,133159518.0,1217121.316,65991274.55,1223989.108,495641401,632526520.5,200564.162,1410366.105,3914439.848,279624946.0,28678391.65,5287560043.0,193051566.3,118491375.2,55781355.39,8556146.07,127057874.2,6301010.18,3651355291.0,25558264.39,117210263.5,85570506.05,505350967,23202602.63,9124377.239,14318906.75,60187679.0,874101134.1,38823074.37,853738.7574,173507617.8,32174170.07,181449456.4,5103826.905,93339443.0,2751641.361,765320121.9,3576298.752,6896551.927,54689950.3,164086248.5,6421996.679,18835541.87,212681362.9,1904910.399,301495948.8,985618136.1,29988700.99,46338945,10888103,8646483.935,666754123.5,86924632.06,16749751.42,4824730.734,185025214.7,4348957.593,218511544.5,3068155.625,1802238.569,14803856.86,276736.9582,1321289094.0,6632797.556,629887258.2,156194.8749,753805.586,226043504.3,5279583.962,4849783.0,2355592.637,16846773.19,11477514,24608304.39,6459888751.0,25775840.36,56504748.17,41398462.92,15271523,7960087.0,7932505.499,506240.9712,28699602.69,784850336.5,154046119.4,309489656.1,52347715.24,13647372794,663510558.4,222459925.7,18474832.05,1316568.047,34312236,8498878475.0,25574000063,10352033.24,97058872.87,85500179.59,10888676.77,96467315.71,72239903.33,221983165.5,44594064.49,64886739.21,1892717881.0,151041.163,104522099.8,5099122.539,63770893.86,211022111.5,1236476.605,22141623.28,371282563.9,51349219.78,148750471.1,4724078.444,8887536.739,3306666523.0,7271762.818,67128961.56,50989678.57,19963927.7,58952819.41,7814578.331,274811308.5,15597148.98,157063927.8,295293.8827,63854101.72,362940.1918,37605884.72,266017.601,4383958.1,4859496201,848398.5093,18353687.27,51374846.46,22523334.07,111495809.9,275920431.9,8022129.181,349501475.8,16438693.23,195607.2928,361743843.8,6331500.236,3329090.042,46696388.16,1096094920.0,1463756885.0,1999138450,30982345.32,1404010.293,46853685.73,284719054.6,1283763.185,26715183.11,54500659.46,6637908.763,88097671.99,90440262.61,1202336.01,8755594.338,144874723.6,147538.2372,29205319.76,25310146.89,373687.1469,3277058.894,2454485.115,927884.121,173424006.4,479989.4041,20010965.56,10502054731.0,3359893.786,95881220.96,4341308.0,4929431.0,1293917,16160042.67,414947.0273,20111427.34,34108257.75,46215893.53,19000663.27,34748284914.0,4129950.006,4914506.93,2880648.394,7227583.583,18888642.93,33801384.19,87479371.28,26419806.99,37829403.8,5032494.014,7200021.602,231028891.0,79929919.53,22423101.0,14327609638.0,207745953.0,23222981.01,720168.7536,488631.6106,22202448.7,1588020.433,13026598.81,20287781.07,55601439.3,124857183.2,18280882.42,2084240326.0
86,945799.3222,978248.3196,66465877.53,2656956.868,40995933.55,3111075.37,5328051.908,73742647.32,104839797.2,2846077.335,8555998.031,10764852.77,2738624.411,43097241.66,228772.9343,6940116.71,2356274.291,839055.4486,74600169.08,141915985.9,84150735.03,92983.27557,1838526173.0,440920205.1,65924377.97,159766782.2,18017232.13,17016840.96,859296.315,1276678946.0,89345427.84,11975017.44,8458125.09,7051869.623,640641.6358,8923448.583,2379610.995,1976439.076,797946.6073,346042.7655,2877308.434,935686.0,138931.3421,2024479.732,3706181.023,50719876.87,138110277.4,33653382.17,825033.0753,14199727.94,40485164.86,278196.989,295855.6863,570259426.7,2748220.961,9426998.197,486069.3912,2403809845.0,12999527.62,6933231.181,4235311.84,3687454.876,4585927.859,5285096.046,17437809.08,2412140.01,1242218.626,19110699.05,94269282.82,9092652.23,1070433499,11685544286.0,6504632161.0,154264140.6,36061883.62,496190.5552,307285.8378,388287.0511,9130054.181,458983.5496,574147.5177,16374336.83,840581300.7,12365444.71,93333011.41,44487320.3,1909306.854,787284.364,11787231.15,64097414.38,641376.2539,29122269.86,259505898,4106940.861,2515917.241,11144173.97,10868051.41,1205522.109,256924.4303,1283905.189,6049596.0,1931438.985,49153443.19,2072262.966,91273070,499730708.3,297945.0948,1797989.416,24344023.44,67975127.88,3990504.827,51151599.67,1863517.365,68715969.78,300286591.9,1149496.713,381755315.2,8332594.747,1737419997.0,8274978.677,12669296.65,995572.0491,954379587,571805.2563,2554844.777,28404002.23,5108455.538,29934927.4,12426452.25,4567311.518,359432157.9,2861024.103,331689220.6,9210668.673,367108.4751,35789699.91,12433890.59,965135.5704,498050.0309,15557037.35,331858066.4,5726707.472,2961131.688,18783378.33,1370177.16,500620920.9,495719540.9,667422.6663,19670677,2974612,794598.1173,140622684.9,10173432.98,142205785.3,7777379.881,899293.2951,1135485.381,843189833.1,11381668.58,735374.7502,712701.5315,548238.1793,1142281347.0,412044.9916,725842334.4,241602.8462,1662021.185,16366103.52,10282249.48,98304.0,1701359.201,5363681.637,52117854,1805910.49,4160156454.0,841651.1978,511292.5882,425388.8049,51098007,7839581.0,2839079.966,25516215.63,39486207.56,1885626428.0,1430427242.0,218741797.0,240748111.1,5898192353,1191000154.0,1263888272.0,32168796.49,4245740.24,165406652,2031457418.0,4573559329,40950520.71,183233226.2,21678919.46,3016403.521,1443488.154,99499997.19,1511628.667,31255356.24,334123753.0,3490992.827,151540.0848,124989394.0,24201723.37,347764314.4,85054136.91,675821.8033,2130207.666,549299540.5,3118195.152,48659382.12,6002690.118,4263964.761,1073432347.0,15773553.55,9710886.49,1600468.406,3734213.405,258198208.4,5802263.594,389030060.5,149456773.5,804538165.5,381795.0369,22156535.09,557913.8455,19064815.07,3258492.096,568388.8233,3492320084,12172809.89,100383498.1,44395089.96,508896341.2,48417297.5,165616231.6,1192693.79,4325184.87,4027824.158,913214.7075,1208333197.0,18018195.41,13729869.42,6780609.414,2261610407.0,166289959.5,548531907,1931172.518,165034964.0,41109073.36,1951374.68,26570352.34,7956329.588,72660440.92,10186789.89,21044445.7,244860.9651,2125582.459,40200817.14,709785.4203,805368.2965,1569415.262,2908121.447,3936857.747,605948.9078,2131432.511,15260716.31,554396.2896,426799.6617,25727848.64,325345518.1,3731501.335,1559421.862,3453386.0,77068.0,1856901,90035065.32,11009105.61,273979480.0,81626784.39,247812914.2,250438946.2,2537991961.0,309116.5688,1360222.046,2552207.95,2465266.542,13631099.91,761251.295,101311030.9,1870251.699,41523681.83,24843574.91,8481148.767,784506292.3,8778750.928,41479628.0,4365865345.0,164296266.2,5847206.585,455619.7046,430178.5184,70620345.8,3134141.776,3078857.5,12283819.08,38976874.63,6723767.343,6676354.715,129999157.9
87,363507.6646,793573.368,128164473.5,9944184.737,17587650.3,845388.5022,306281.1314,76204246.5,9103969.55,9595128.495,1711208.879,2604194.295,16192416.83,91201964.97,63151546.37,33455098.58,561295.5469,2092416.349,300785521.0,117084922.0,59348105.46,76135.49853,127403580.2,1034814763.0,10950608.43,72158131.82,322427748.7,5004678.087,2184138.682,1597302.553,254709352.5,1776225.457,7145149.626,65769117.35,2634455.487,1058177672.0,21130188.05,16462206.12,10811184.36,2118731.515,38434908.14,6989439.0,183744.241,25954299.61,3335254.885,5634768.956,1768758023.0,30811937.02,794876.1594,79442728.87,30001923.59,89168047.8,759941.5114,525098029.8,2790203.965,91072644.91,36771952.44,13178124741.0,14988006.52,104499428.7,7053002.323,69151516.15,15421835.6,6193077.112,39163001.13,1605529.361,209399.8215,45275869.96,3095930.537,5059673.897,1029489673,121071770.7,3969237823.0,1241402018.0,388393464.9,606209.714,402683.8882,445361.5989,56334727.58,252523.8603,427371.7329,7676442.65,7550983.905,18587429.2,340389831.3,115417271.4,5208317.543,392307.8664,26842946.72,4298485.258,22792045.94,3898433.115,191634474,727035.2051,5127516.6,84821667.05,8483348.446,525588.4436,1049745.153,9735578.769,6825994.0,2491340.273,3197716.976,944172.1045,183118641,3071368606.0,125882.369,2796855.846,16691842.08,910386760.7,9430779.806,55177915.01,3098394.704,237835628.6,424379840.9,13101052.46,238932315.4,3745487.269,2957503791.0,14828019.86,50356176.4,510487.7424,479635,621578.0342,542982.1896,45178095.24,279942299.0,218531914.3,21329811.11,1995635.717,174323523.7,17750283.68,189767669.0,3836459.195,317213.9323,6676138.842,348849796.4,6040393.36,76725269.57,49114484.89,144337920.4,15572021.29,46591081.63,138608085.9,1550197.148,322180639.5,1653945509.0,7712261.745,15339456,4602036,2085225.007,768780814.6,166440941.7,216996124.6,18514503.97,959412.7461,1554384.703,239060791.3,7694976.39,1718731.581,980938.5712,251453.0044,6167066.796,16685968.06,1000235895.0,142452.291,1401041.016,124956172.9,18086541.58,222949.0,16965188.18,4763079.329,16045408,4871178.463,10230454367.0,62476650.65,2093495.616,584673.5339,12471249,11353130.0,15545749.8,379710.8968,199365695.5,1280700318.0,447474244.6,363169841.8,169366061.1,18450754236,3469584860.0,479483540.1,142413155.9,10226721.29,766066,11076795114.0,26498669749,70290835.15,105532538.6,245819051.1,22567116.71,2719472.023,179351426.6,7903369.142,9647079.23,149687675.3,1132005772.0,124082.313,108284000.0,242836960.1,463000980.6,136960229.9,4842461.472,50523413.17,490178530.2,9223775.227,245871187.4,8911460.2,2885617.427,377801323.7,4214745.735,6577847.252,7202071.595,6288173.357,75106348.24,25651771.66,315401776.6,24774681.5,178965831.0,192360.4195,34124857.06,24166669.32,54273949.28,451024.4135,1908243.652,6116241049,3850373.929,97944998.54,26731899.95,45193570.73,14889971.52,407633830.3,5201783.876,32867606.52,5248179.226,589780.2184,2251943354.0,8533852.386,3862414.841,847564274.7,7580052349.0,2656322453.0,377600737,104672153.0,790119.9769,17565222.57,3424192.054,953623.8919,33106670.46,125214267.6,25284126.31,159318309.3,189839.3292,2927555.265,8704865.091,448571.0317,221185.8184,6617362.768,6188230.412,287401.3141,476525.2585,61876118.28,268464.5308,21419244.57,947820.7643,16439554.05,2252431897.0,4996680.467,128878012.4,180221.0,913553.0,1856901,26956796.57,390903.4423,39653426.66,107446694.5,336379647.8,37407971.23,8189107125.0,269448.8477,8425435.249,236635449.9,8760565.904,12151699.14,3704823.128,334689951.2,16252160.39,16274197.02,7096244.061,42923826.32,2621975719.0,43346366.49,12440909.0,12582528411.0,759078073.4,9575195.101,571402.4078,422178382.7,49700211.64,5372267.468,35770781.97,101109465.9,768649964.0,78715654.13,16890009.0,4762841673.0
88,448440.4258,3002164.654,394057774.6,88240691.27,11983157.86,1689230.055,418117.4568,21722583.9,57373308.38,11390287.42,2320859.198,1551248.636,13560415.21,116565145.9,6642192.543,11876160.99,533423.6635,2414097.839,84561465.28,106598832.3,57677298.56,81879.07495,330344173.0,225639554.4,6510119.255,199443921.8,17771685.54,16311940.63,3398408.347,3702576.108,138872152.1,1358897.342,11460700.96,71890059.32,2633428.526,1522994919.0,9362763.246,1121899.815,8116608.892,3054188.388,19521827.4,83657918.0,351121.8829,46044156.5,3745727.262,17828254.67,1500137496.0,15316700.34,1816738.845,16681341.79,1693278.289,3272709.831,834136.568,148422625.0,9587357.024,112802236.2,8385888.705,11710774785.0,179310605.5,15805089.91,990509.7671,42971149.93,7929617.017,14102475.32,5190551.024,805800.2244,2151154.709,91058663.79,52418240.18,5372517.184,2555742809,25541492401.0,2777244466.0,74639677.73,44156917.41,2823102.367,216221.8273,548055.6017,12646359.08,298091.1165,1081309.278,7287446.604,26875896.49,13024117.51,196797586.0,30304801.16,2571114.911,357856.3266,12331312.07,2260171.754,51775628.42,1587532.03,645857142,1048936.233,15980520.2,39660406.09,21513705.17,7556932.151,2850777.287,2049666.507,36662339.0,12651863.55,34983971.5,59485017.87,414130527,1339449140.0,3028081.025,1631993.659,12052351.36,100272400.5,59043505.31,411283500.8,5320669.913,85258575.72,374580825.8,161080907.9,2307479195.0,7667014.573,1688280838.0,52837912.2,32900816.15,460110.8537,850095796,909510.899,329277.2261,25750875.38,3301131.74,30952073.97,28431970.95,22617136.03,288772857.4,9294463.637,236556333.1,4509891.245,205240.8425,6732479.005,233122702.1,11616285.63,18864664.88,16815380.36,206335341.5,8068697.461,17887085.63,19923027.02,570615.4474,274443050.3,746872039.3,9351290.249,28876466,11964093,4421784.949,465021870.2,235821714.2,142741205.9,11992632.06,482426.5795,1135648.145,144137198.8,903333.8451,2684692.668,1006036.119,375672.4559,6372517637.0,2420416.288,798043293.2,131234.8789,1858968.264,44869709.89,16094375.63,3295262.0,128847740.0,28554159.68,15898741,8451148.091,6809061933.0,17703599.9,22979575.37,255270.382,17723868,7184296.0,10710747.9,974860.182,25276466.46,94302936.94,661972767.6,246152886.5,58365175.98,12521434282,1610967810.0,211760661.5,24983489.48,10228486.87,68693962,6233234777.0,27006355795,13427228.65,48740295.49,305238738.2,4446431.75,2868328.589,148375742.6,97579988.4,22671152.47,159333653.6,819820165.8,133442.9432,153084824.5,52489060.13,73080257.51,310389352.0,3680402.751,85939055.15,78670249.91,79595968.09,94914355.76,12768213.64,13016234.87,4072789077.0,15956068.79,27724047.8,116922488.3,16929789.44,81298499.38,15497887.81,500787525.8,23912380.68,305702089.6,225814.0801,474014.3976,3653912.106,58623730.73,15242538.61,4859429.706,3546186189,2530227.461,24423330.67,16022635.8,277905604.5,73009164.41,442042345.8,23207002.56,6675181.344,21356590.76,6875902.222,384316649.2,37141854.63,7636526.466,52611948.83,3505854412.0,6728190115.0,970805831,3672919.437,3110253.179,12111473.4,50715182.05,7359569.594,12634795.59,71131030.92,13580140.37,76748413.07,272644.7278,445163.7041,10693268.55,837091.182,188635.4999,7961911.767,28216994.35,739214.0763,525419.9497,24927973.44,3426456.655,17229600.21,396573.7168,8189154.86,2060673758.0,37542662.8,102031450.8,3207152.0,2264572.0,4071148,155988045.9,723637.0152,30006825.16,82508307.27,264392596.2,20363893.7,5278131393.0,541905.9961,5244909.634,148931367.4,6618706.592,14521327.54,661711.2898,128747071.3,20738060.22,48045881.57,2044674.525,28964340.16,28518439.65,30213204.36,6095926.0,11420830605.0,425896211.9,6188589.844,1271743.596,3663298.155,35061302.31,269111.9181,10871063.66,25627656.43,182418656.9,101395280.8,24589177.55,3771588978.0
89,179701.0062,190330087.0,15521562.18,910095.6607,1548544.098,436237.0217,213422.1143,30941562.69,20651397.74,8023994.832,1850545.667,2297782.538,250841.0947,3858786.632,553411.2807,14962887.57,8551111.815,2303085.674,563816926.7,83011248.06,45052848.39,75249.6172,5197761.217,570344347.2,74502229.63,3602246.903,16338995.33,232389722.2,3239701.691,171125425.7,71437523.98,1959937.851,121140040.6,7200841.287,2019139.296,27289291.58,57077470.83,30521892.58,6691263.07,7624275.863,41432799.91,9671189.0,173042.8567,2414839.705,257034688.8,233088818.2,15804988.72,2620408.525,724555.1915,23240563.06,19944556.34,1647748.337,6616870.425,972013289.0,2862084.764,621004869.1,8718321.077,2335559085.0,607890082.3,10450507.05,5708919.68,18395858.56,4200001.371,13177298.09,1250813.783,3287864.394,239320.7601,8259109.98,5611335.092,29022620.95,874219439,32655075.22,3262840634.0,1059375403.0,287606489.1,14322444.63,58541388.34,1023143.116,64673862.6,1094212.465,483054.0511,25184489.84,7519861.214,194749026.8,622883050.8,119247229.2,5626541.331,260447.0131,15080766.67,15955040.67,3525912.777,7314785.477,309740219,496209.4026,66225024.61,8038516.043,10796637.28,1142229.95,5042888.529,7146612.603,49492618.5,8621041.494,2550696.399,12450682.78,9814427,959619527.4,150194.512,1712824.706,49330474.02,135031243.3,27977976.84,103856503.5,214055.0188,369487893.7,1126656850.0,8232865.737,299288865.0,13077381.77,2394146931.0,2517232.716,24298716.82,27022130.85,69213768,516817.8986,5546666.95,27415513.8,14689164.58,142021337.1,4639031.782,4501169140.0,13364740.75,9253962.689,197966625.0,24891368.69,388413.8508,17849229.12,936962986.2,21102010.18,450782.4624,46619830.83,200932164.8,31591928.67,25814189.26,114202883.3,501043.1122,166713295.4,100140288.3,377009.8542,2333085,1694581,963859.2027,358235599.4,93396139.5,245504890.0,28131573.85,331868.5614,1285776.175,151202196.8,5557962.821,8390786.661,3005155.323,430082.1952,26249929.65,4381032.449,790967883.5,105437.3754,4217953.312,337235638.9,29618032.45,446890.0,293902613.3,3231796.719,36680817,1390662.935,2960484998.0,9615416.855,3311877.903,161247.6562,33103591,8769518.0,23198500.25,1205008.92,88406619.37,200423950.0,479854351.1,81975381.81,52581780.36,4450723064,747286219.6,695350710.2,10646823.89,45813564.44,4451958,4356854492.0,6256551928,10106186.64,56139692.32,33062155.85,7315612.846,675658.971,176730492.8,10574423.8,412378659.4,665701886.5,2097287.38,122638.5422,19258490.99,30741006.74,98332346.03,37415639.11,6324541.417,5446640.949,920712792.8,1779071.488,464555595.5,11945285.86,15785655.67,7182637.808,11941944.77,3807392.78,3118290.51,13063139.85,130181005.2,10166827.52,65879685.13,23935550.31,331537329.0,145229.7113,707782.8175,964789.4537,49060778.72,1259305.218,2855681.893,6883488738,29991512.69,78227784.12,333379494.1,116253584.4,19439202.66,441431686.5,15877286.59,382550.6813,1302055.555,152796.7586,1101899345.0,3321307.336,4308981.991,71898096.22,3373602041.0,29248681.28,423481076,34262187.15,3041714.388,1104808.753,1509137.061,2941426.619,13492668.84,234707057.8,11242940.58,61080846.31,378510.502,2897541.203,17138079.66,424460.5263,170553.1807,1546223.781,15380369.08,647460.8377,26621942.59,3779293.007,87686835.85,299615.4307,308744758.4,58213216.94,657945901.5,93556536.34,192857.7635,82528.0,86252.0,51060,133269.7719,13078326.68,112352791.9,13108534.64,407778255.9,169965441.2,2423145048.0,11112818.52,2395070.03,4818752.073,931932.771,46531554.9,326594.6016,28126778.17,8884337.271,180831902.4,19399792.44,27979765.02,1764363648.0,78766352.58,46630657.0,3507019462.0,160491650.0,12930324.65,1134957.063,347580.9763,158956718.4,27064742.28,28510088.59,6445837.262,157662634.9,119818558.3,9188260.069,510159406.4
90,752075.3335,3237156.701,92039199.42,13955469.44,469101533.2,970726.8391,506284.1034,635853027.4,8643868.454,2743959.766,15058077.26,6194624.05,15901713.24,70884103.12,22234108.83,46798653.62,6554221.636,14185094.87,215671314.5,72683516.4,36330055.64,77804.04127,1725939593.0,1136980664.0,11393164.16,669678216.5,227360969.6,18386585.15,3288703.0,1325952.135,1736025568.0,1969611.186,14660522.1,150236767.2,33106071.34,271410194.4,8865608.424,5120357.669,14358730.38,1751707.436,24544760.42,407771.0,646037.473,6806167.142,67904239.79,18888400.54,4281066032.0,24561148.31,1012696.884,45665772.34,4440550.586,87174796.08,421119.1545,691143175.4,7668278.568,112003895.3,279269768.1,18870892517.0,487559803.2,20561394.59,1899396.671,48975086.31,3708732.194,13130934.57,379635148.1,14811997.79,776296.2336,31198392.38,35162428.17,10672979.7,3354796750,408888911.9,2832583362.0,1160504111.0,113871284.2,1004037.347,362366.6629,349789.4415,17182108.84,259135.8631,325835.2263,4238611.651,222112055.6,17444020.57,599294028.3,88405365.2,3109937.594,246940.8416,16665122.45,4648453.235,854119.1311,4372759.223,356721484,1023598.484,51905998.93,3293111.76,9805589.777,5707960.223,2392040.226,12046314.03,72876784.0,2129864.313,26682962.23,6167585.536,404777669,1554711930.0,145775.4967,1553722.864,14054908.62,241601502.5,935902.3802,1224807187.0,13943919.86,155762640.9,286155422.3,29419908.54,202045745.7,10381075.09,2615841753.0,11752907.24,75282360.49,682118.0089,441982257,502784.623,1511750.04,313000951.7,82673512.76,19851125.83,19777661.56,182895879.4,22025406.31,12696133.87,459746772.8,3801899.146,1631083.262,4232965.234,290805256.1,2176536.867,667416.4604,34134000.89,282594981.7,4431930.612,56597274.08,240470519.7,487051.8306,859997975.8,128497313.8,2953637.6,35720121,8248935,7400004.427,261162204.8,219112210.1,102973525.2,9690796.042,500895.2998,1035286.937,253804159.2,8739382.935,3882162.903,1426154.646,462060.8394,6603846.45,13930486.28,632782493.6,118971.9621,872301.4763,57466315.15,123970449.8,283792.0,8279051.11,48616340.66,15428900,257267117.4,6870162225.0,26487167.69,1411359.694,4333294.396,17599035,8194064.0,11888125.04,868249.2407,36268660.14,139050506.3,282393414.2,223945996.1,34216614.91,10924255128,2023951436.0,393854698.7,27647616.35,36440589.65,110783894,8688810524.0,21017924172,14941328.19,64658276.41,154213533.9,17930834.83,10575503.76,188194530.8,614792.2348,7976040.831,89486760.52,31855346.98,126801.6311,130644184.5,290062567.7,319023436.0,304959827.0,6656470.998,36385910.97,649878883.1,68350595.55,656980455.7,8061403.969,6122147.941,148902215.7,19131307.18,45632968.46,42075644.43,7131439.569,42166432.06,16532312.18,352523703.1,230642610.5,151013327.1,268386.5258,46340638.87,1693474.067,26251443.45,23181714.15,2494588.433,6569884025,4454055.862,34238953.83,57534172.99,53201817.81,273977625.6,166533662.4,6197352.436,120520858.7,20939579.55,121254.3929,711794717.7,8477070.66,5186004.32,20750305.44,1718915169.0,1668502855.0,765862162,2639482.33,2127380.786,469083080.6,118567308.8,510831.7574,33508228.43,56591981.46,11771911.04,79191784.63,5941377.78,16617807.93,8616574.471,7016979.086,140044.968,14679289.39,1733473.583,1406096.883,23371046.13,3511277.688,4253770.979,6541195.881,359708.4986,18947989.17,622622245.9,3113922.303,59494368.25,3699620.0,3093468.0,1856901,5393462.298,51419559.83,11145762.25,32327257.66,192509718.8,42272105.23,8211542501.0,232334.0781,49643907.61,118115665.7,67826597.5,10068288.74,4371663.226,200232567.7,36857440.54,99309367.29,2809690.497,28349596.96,1585558505.0,29315560.13,2185201.0,18668293950.0,560898249.0,26246642.25,4591590.05,427719.7466,83749285.74,942522.3041,14796999.41,69720758.26,83098545.77,96974945.62,1910092.276,890954629.9
91,2274469.161,2407534.178,43016846.82,44394773.58,102093110.3,2751986.291,4671994.082,679940480.3,7739795.113,12106482.94,4571639.043,28278825.46,20152536.7,82031253.34,13789097.97,5719518.269,12248975.51,2570284.004,617301646.2,183012884.6,119336700.6,80900.38171,42087830.7,1254022892.0,29521269.56,16495920.01,426284591.4,59562801.6,6009807.359,54442150.36,349991470.8,1701107.924,19596425.93,114236629.2,4533731.146,116429406.4,18600874.6,12052587.36,2005647.095,560199.7876,12425989.86,51655164.0,166177.3469,45098215.21,136732159.9,60082068.0,1420367414.0,23606602.32,1786678.388,86194817.73,4979815.672,14876028.58,302539.8291,87084171.95,41127577.17,113749805.5,2466516.089,2799873969.0,224584248.6,16624724.46,1236881.55,12880079.09,2343773.525,27933625.5,320649863.6,13557467.79,5623684.65,45556822.68,19381289.26,18530781.76,1483258241,247384734.8,7455592300.0,154559372.6,306048067.3,485269.4725,553093.771,1015237.487,47792657.94,250721.6788,3133762.887,9993473.921,126867784.0,29288031.28,388472856.2,110561876.3,2438679.437,644103.0298,15578341.48,14460201.56,34427488.08,3668305.998,101899011,1091316.623,6373805.283,13348000.93,14846156.57,2021598.967,434211.782,928241.1926,27990126.0,2183087.144,39546598.91,64680956.43,245303186,663688576.6,3377853.072,949115.412,14924973.27,329573728.6,13673011.87,6014124477.0,264284.1696,241417119.1,726514687.5,4047432.716,532760495.5,10052305.59,4373402662.0,20476443.66,26032943.41,196238.8685,1548248087,597360.408,2380338.521,18511225.21,107004246.1,387714722.9,44036836.73,298067059.1,261159271.1,15004963.1,238652028.4,50910237.79,228352.4604,4979614.21,101249737.5,8195505.206,463228.1687,99607021.25,230973115.2,18631115.18,8547221.123,10462666.53,1197835.372,276222970.1,1263337097.0,465477.2255,107843146,17220216,8748762.687,908017694.1,281222400.5,350681203.2,53980125.01,1150653.621,1245771.605,174115233.6,6636044.772,4788592.254,6576739.748,289388.0698,33759076.43,2109123.02,522770961.3,126768.8625,2255201.943,189650554.7,6017216.103,495103.0,8069378.906,3483820.284,11045512,36053728.86,10991493788.0,19391331.88,16248997.05,780693.9423,4839000,5568041.0,10832177.94,1165126.587,24076321.1,215951662.8,530338831.1,559668194.2,88967754.04,17466864461,3402350654.0,487987115.7,68184890.48,9462787.985,1658156285,8133786048.0,10969987636,24840629.59,124978797.0,145380170.5,31854914.08,262375.1275,395586102.6,55260871.0,120353271.7,146759831.5,3099154.781,131847.9116,102805866.1,8716567.237,85947955.1,92368700.58,9730051.676,32471893.25,59318788.19,5289172.65,253996492.2,3996885.08,5339417.131,406659181.2,8128194.796,13195329.68,15743304.48,10817562.2,78201688.38,41835005.24,3256870325.0,8802095.438,247563516.3,242942.0648,744143.3716,1173804.144,56507270.02,18243814.76,7096900.034,4122617829,2658281.506,18250228.59,61064632.5,42749378.57,376338534.9,367820239.7,8212447.527,356651.9395,49149275.27,151215.7982,1448200167.0,9050827.543,4299547.108,17445921.98,5923091285.0,424164045.4,515516659,3577847.487,2966682.627,102339958.1,11394760.16,154058.8789,74849148.81,108627548.0,22490550.74,110653604.8,147502.1339,1590407.868,17104892.12,491465.4419,147362.2207,8817146.3,4177202.166,22089183.36,18204996.77,3475587.861,1303048.103,89189646.51,326169.7005,29104321.16,917393814.0,7797658.226,3810596.874,257253.0,222964.0,508728,94979760.22,71371370.29,40270224.63,50878636.78,507689330.5,85032987.97,2841048332.0,258950.7105,1280413.227,6046063.62,5678224.881,18893251.44,1002157.863,69432998.73,30266775.68,191223805.9,50534355.62,96202262.18,3185096108.0,9133719.686,14682794.0,11721470251.0,1020359259.0,7885984.68,558670.3404,457358.4632,185406220.2,45070483.25,762646.4991,61630223.62,45363444.83,116957674.7,8273138.714,338409028.7
92,893663.5463,13259032.44,113733596.3,351559091.0,77004920.2,4037367.8,16269725.75,313803827.5,20888238.75,2716597.51,4737417.262,6628364.924,48302423.02,253848269.1,45431611.07,45382731.96,5712365.719,3302426.728,33677849.72,146674832.3,164903078.2,87528.4251,384231731.2,1186906136.0,14926798.27,104956612.0,195250230.2,99115153.48,4402415.535,3339004.588,103700122.7,2300797.958,16397701.11,356158955.4,10276434.86,302589370.8,48138691.0,6467318.759,4957334.469,3350867.896,23247311.4,120852109.0,1789803.126,13974677.08,108534983.3,99628672.87,3051522641.0,7959165.684,3811556.562,67607187.85,90634700.46,72836468.63,3274158.175,624444949.0,42857843.78,1187314793.0,134402929.7,14910495918.0,77640886.83,25165988.46,2773811.82,5298685.614,4452119.213,9652722.96,171885113.1,7377129.927,1028575.193,44774972.34,20153251.97,28337324.76,2482887282,248339734.1,29015453797.0,135833406.0,100176308.2,9111693.731,80274659.05,340584.39,36687571.39,276960.7238,6204750.967,14821256.43,50509803.36,25805049.88,337418429.7,65787028.51,1664823.347,360528.6647,22210953.36,10835987.87,49758622.28,1910991.886,479335615,919610.3308,28668379.11,12518525.16,6620551.448,6314743.081,3012080.375,938558.7778,164358578.0,4733809.936,83779160.77,38327507.21,688238972,605495171.5,143343.362,1925092.539,5451504.815,142703389.6,15063441.36,404432614.7,23391095.6,203830133.3,102822719.5,6958725.298,849789444.5,9571152.239,3252704553.0,16588450.75,117337910.2,13892063.09,656930577,58044138.31,3526896.656,43758202.64,88286549.69,344344462.5,33632298.9,36973760.33,228087875.5,9260010.194,146290528.8,5766415.89,79812487.19,3145342.186,288818305.4,8875054.891,3695869.398,28751103.55,134484226.7,13438992.44,57124461.75,13354964.03,747990.515,174739372.1,975303357.3,10635521.82,102787871,57445361,18587968.39,333345155.2,227889230.2,61297350.18,17495233.07,109063256.7,275287908.7,178126030.4,4650762.814,4330521.394,2026827.295,6540241.17,11744044.26,14173678.83,1412606356.0,130210.8902,2076206.854,85131852.98,4325465.865,4939898.0,91713796.65,31053764.55,19414640,15309990.22,8387099647.0,188518197.1,33730975.11,829258.2965,8668405,7046057.0,27385815.01,1225003.404,40858942.0,278483752.6,384663228.0,360850765.8,56690717.37,13604068090,2024063635.0,402751624.0,33511102.61,1681342.141,34736381,9511049244.0,23020220992,17104280.83,107693873.2,255846835.4,34038194.95,13183852.43,127283992.2,133259863.9,60258988.2,79177842.93,88717346.32,142650.0075,24899992.33,12881411.68,107139229.1,160288119.4,33462880.46,41093147.75,604872378.1,4202058.161,251026232.8,5067424.576,8908845.567,359448477.3,49425333.57,36706598.02,18303801.41,9196322.643,40812422.03,22265577.63,2189452503.0,12576529.05,292298302.3,362219.0591,317984674.3,43996771.33,52793361.97,25857939.44,12944729.93,3152804828,598902.8507,51694327.29,1469814002.0,101482513.2,231189117.9,505970890.0,53115295.71,366523816.5,37742792.55,330430.2053,1006700893.0,84064400.86,3838937.25,63406673.05,1496790593.0,4019082687.0,689010550,3443379.107,2875757.026,76715487.73,21807885.46,106712.9793,45703195.3,74235364.31,11114548.51,198666725.9,6998730.848,1881767.032,52444983.6,11440510.57,219369.041,146645314.8,31184645.53,396077.9881,135619823.8,4738264.094,35319522.99,54668122.69,445427.9591,26222367.03,289525856.9,39701819.13,113309289.6,10706633.0,17138723.0,2165935,341658195.3,13114808.16,2223456764.0,79234622.94,353931407.8,172123756.5,5214011167.0,39271270.41,3392270.429,62994953.61,5674608.643,260717389.8,812100.3452,409847967.2,82713431.33,92487714.98,17756861.1,92596610.1,2132140140.0,73988754.39,67556838.0,14493317980.0,906175895.6,7931283.462,1517692.662,512022.0952,261343348.8,819376.9631,1417768.29,60527416.35,95310820.11,42684230.62,19009850.03,217783948.7
93,2897830.971,7699175.694,14337003.61,197996177.8,64276069.67,711573.8827,247443.8529,904372693.7,43205231.09,24230105.37,5764720.931,43372121.09,9513686.52,55812615.54,6666246.449,11621898.34,4436275.037,6174584.29,141304639.8,45356312.34,25927930.98,81985.90255,23768542.44,885076731.2,34843247.4,15886131.86,89196647.15,35687348.84,4000313.209,315572517.4,217185585.6,1469969.325,6214098.185,58792458.65,2382510.302,11438620.68,29562977.15,10995716.51,3980295.262,686456.5476,18623884.24,39643319.0,196856.5043,19768386.01,17663178.33,36193755.12,253770378.2,27725477.95,1427326.433,41915673.06,100154725.0,58931139.03,282702.0601,447872808.6,13593131.5,1488184040.0,42462029.25,989412100.0,43637949.53,25427572.02,404989.3028,14604740.05,1297850.907,68254368.08,239509818.9,15439986.45,1436529.976,21416842.84,14092920.05,27688791.02,2156428927,1048506037.0,18999809.2,176092345.1,99014518.37,13216488.58,150804193.9,471017.0377,17593291.08,856553.6645,2016866.327,4203366.211,248130944.4,59806670.08,13724560.45,83657805.41,1835757.672,739772.8914,280563.4882,29070086.69,2846322.472,7658721.09,454034161,2517619.076,22957602.31,36401814.17,5536850.148,31957593.08,1848985.662,1414315.062,49492618.5,4446717.105,56090943.82,22823636.82,76150015,2650838010.0,2945069.071,780295.7757,23910643.73,54982717.03,140842391.1,4021378035.0,368040.4043,3106035.339,190793026.4,18476191.71,1419591441.0,15712549.34,11618041.9,13074785.15,18183284.89,293709.0296,946926142,1592163.783,12008564.9,15782295.67,6558557.873,53942292.52,11700489.03,9656418.212,147875364.4,20730779.04,115435368.7,38825386.88,385497.841,14721370.87,279757114.5,13613955.83,1400593.528,11808222.48,108127393.8,8384903.302,16715439.21,15942738.76,812777.9304,101055923.8,565357140.3,3699219.415,25666025,8897777,7593992.025,276384819.6,7469493.173,76031733.14,6943635.325,771811.4471,2134144.907,206349403.9,5209022.751,799522.1974,1438981.785,225455.8933,195637149.2,12628863.18,1617505259.0,160096.929,2235373.56,29431501.51,21597630.38,1947756.0,47406954.91,6346359.267,59813272,11630300.72,5801036131.0,45342860.44,11984210.19,1044292.314,58404809,8030840.0,2897138.051,1604602.801,25457371.44,859665573.2,1565103143.0,66543349.81,117910869.3,14547527122,612801847.9,1022948338.0,50648293.79,9299914.472,1449004226,3575903503.0,12514130781,24221772.05,62787625.3,107302596.1,16556322.0,348783.4114,306523812.7,46118387.07,53066959.85,129054492.3,1688193.39,133617.0461,1717340.432,37488318.35,145170473.1,200384866.5,2400559.307,4532937.979,421789230.4,3341700.663,481186560.1,2333832.977,6014807.023,1604176.603,5182116.814,16154907.93,3754490.099,12931659.17,236661127.5,19451257.67,256503019.3,18311965.57,557007142.7,416496.8334,1456653.771,532150.9728,73460321.24,316328.7212,3526046.976,5368787443,5251990.141,27969785.43,20282261.28,245168696.8,136883741.4,1293179818.0,54020768.97,6432814.509,15278852.75,4410482.539,1013966036.0,57423326.28,5181812.847,30696867.99,4256313863.0,1185826440.0,619495180,5486615.123,3850099.625,63897334.75,15409715.83,159127.822,17765374.43,118455105.8,29982934.27,35167331.29,1470947.431,2337249.244,48132767.1,446027.8199,134996.0711,4013290.536,45815620.89,19351219.97,55312949.17,4043764.5,6266624.368,15559759.87,7770894.909,27988759.67,1241854309.0,33479896.76,3336062.281,446973.0,105415.0,766951,290531745.7,4230125.965,4008155023.0,66589499.87,183835409.5,128210644.1,172075275.0,239753.8656,5941007.745,7770914.623,3362593.803,18271458.85,973986.2433,674558181.8,15836218.45,210077708.2,873560.8148,13825333.17,1208415097.0,12471814.21,74342907.0,4163171861.0,108162839.8,14232405.26,1145984.293,472907.8509,276628742.6,4105834.087,2584695.005,28042175.01,23188114.89,28132369.38,127679421.0,451700409.9
94,2011966.201,1401931.91,23903727.82,60804438.94,3975486.434,6663658.105,6457757.485,47236438.83,5426298.722,11191735.34,75921239.72,11466617.14,21277202.29,205480993.9,28292455.17,6022723.555,7229077.375,6323872.385,425559773.5,69535925.47,54248285.42,80252.15792,131723098.9,163460861.2,111781509.3,14568599.13,30231552.27,244483836.3,6237318.318,371590578.5,59908612.69,1711664.566,29980984.91,171483802.7,9348372.011,50681062.84,32146227.99,17801774.05,1802334.43,14265417.05,37152857.8,70316919.0,199166.1774,2209174.245,100009790.2,244938858.5,4204828561.0,33703001.96,4471685.353,12879478.4,50679377.16,2502254.958,12032647.01,2366951173.0,8264731.625,468910602.9,16044510.44,18510855272.0,261018599.2,38930698.28,4599556.875,49703132.95,6038718.796,25315381.74,4372019.966,1743188.711,787313.9202,12516139.85,15188683.44,27575953.86,3775230711,16119451732.0,22955648883.0,1420571623.0,220912470.2,33821056.42,24758442.4,172988.8539,100151034.3,8232918.949,390986.9473,28933147.07,35290186.41,156794475.5,432662286.6,192428411.1,10837067.15,578612.587,7576870.162,6350132.362,1384387.808,3686525.929,1300625426,903990.2286,13330781.09,2047341.474,17856703.57,3036243.44,1370930.905,1961099.069,36003347.0,2962577.259,59521591.48,42840267.7,112077127,1157288902.0,136716.5112,1317490.526,21324180.12,91437837.4,59802994.93,576088244.6,1186601.678,124274430.9,481472095.7,8013454.604,603895285.5,8519988.072,3070793352.0,4653751.644,121953071.0,1248248.912,1217162161,585763.0583,3636007.356,7436929.167,2374031.346,521268112.1,4058582.614,1148849119.0,104826247.9,3669572.33,98812505.9,70941722.59,282895.5244,16658899.0,923668480.5,10339020.37,812338.2499,30606710.52,86717533.88,6340833.854,20533398.31,21121500.89,452106.507,164452486.0,563107152.8,3410069.724,102841382,8966730,4329405.424,142595265.5,218132821.6,149919429.6,20287388.94,804297.0501,1542673.942,167205980.7,3943431.787,4404289.513,4581168.439,256509.8996,1042554287.0,2131758.876,1356807763.0,157303.8021,2690090.215,210298278.8,16643186.68,611670.0,38123424.55,5947635.487,59810862,5318669.403,1963397702.0,11582683.79,22278090.59,603850.1626,47204380,11075847.0,57859507.36,3427783.555,86204652.36,323351275.9,239862721.0,230518897.7,102033890.1,3317808719,721192280.2,423205343.0,5577419.535,39686632.62,1422669949,2386173646.0,2193912417,8548002.359,81013639.6,83816864.77,3767684.001,884536.2651,31271420.74,77428276.52,394021457.4,488396520.8,1629893.67,130791.4648,21541274.25,21055567.02,165729946.0,278855874.4,4397995.497,41061009.44,2343995016.0,10166443.51,250378761.3,8549908.83,3776366.019,1634465282.0,4856007.172,5808013.543,44301384.84,10232684.66,34104713.23,6640860.138,526998961.2,45967194.53,108095932.4,268410.3788,1229196.905,2932876.446,65478321.4,783371.9459,1116221.114,5562670321,12954880.27,80684313.64,99887083.74,33205799.47,10737687.22,476793901.1,13301362.54,40132412.86,1926621.185,2723050.297,784955928.5,16008803.62,5103903.431,22602552.61,606458071.0,543961119.3,1432839482,2208495.62,6443082.246,3698187.565,9446211.338,596309.4216,51984893.89,120346436.4,9768601.707,68190252.73,2605469.515,6882075.595,31463551.62,2375545.267,158117.6301,10220602.17,3929310.482,17317712.94,640247.4219,6179384.474,307680.714,43860105.28,404527473.6,59056193.5,184491690.1,29896508.47,4755162.687,28582477.0,1293624.0,20653539,169140226.3,75563961.23,534103700.6,19865689.07,231897177.0,92420575.6,20615784647.0,253923.357,2307421.711,168825407.8,2849643.752,42140044.78,1789618.965,154990006.3,44768208.69,37104565.04,10053881.5,31475420.29,178679722.0,6541388.146,57382200.0,3798058109.0,181894769.8,5388577.176,2503299.469,486182.213,121029116.1,1520822.779,2501171.11,14757098.3,70916639.92,61116613.46,9698596.781,71434775.75
95,1414471.495,2134033.887,95415293.18,36469221.29,974617.3726,6594656.509,329278.9565,1857442.277,27688402.5,5548278.898,992798.6822,1305084.41,4937000.949,55311494.53,21489049.9,20856163.67,2528702.061,2679920.196,812338031.2,117084608.1,50969172.19,93517.1273,408511248.5,1322398471.0,25325640.48,1015365706.0,45038088.42,22357866.74,11827842.12,2555894.154,375074211.6,1576455.883,14611654.01,22912804.67,1462400.892,80231643.18,5241964.454,2499232.83,1911532.672,258771.0999,7460213.093,23226445.0,796961.1147,4522720.88,23375756.48,22849111.85,147451171.5,6855012.256,1430071.568,27924247.28,4755365.333,4928254.702,206803.3051,815358322.2,7870166.749,37836904.25,11141794.69,31347672830.0,9598950.208,7134983.427,481808.725,273684.353,3944000.566,2366295.826,1563332.96,1172265.845,646058.117,31344551.09,1236015.942,10085448.68,2997427556,1715715926.0,8744785069.0,92065918.92,219543943.9,607243.825,1244631.097,8154969.936,16787742.64,269050.2545,870141.0603,3321173.001,1100519.9,14344193.05,44207804.03,43243540.13,2311350.694,547491.1043,5814105.87,13443923.66,212182007.1,3638354.62,551423104,1417475.767,7694144.113,16137857.14,15418361.48,272935.9525,258444.1882,1571919.04,180051937.0,718966.8237,38192359.46,50021071.54,495231366,1323378296.0,314922.8325,765932.9781,21238716.55,393614070.5,993732.5648,31533290.45,398677.1205,122607022.9,654659485.2,1409215.301,37106778.79,6250488.832,3507582432.0,20011884.96,26612758.89,270885.8954,636414245,863803.1709,673228.043,3211427.666,5048959.447,216210660.4,20525619.01,22456855.52,214384468.0,5510570.445,153373550.9,4542751.817,310454.2784,1852150.86,65030853.21,27816148.18,732629.4976,46132262.05,152770497.0,23429490.17,1435916.961,15985120.98,1272523.843,432055456.2,472761493.7,1138713.023,129672454,87045304,72759878.12,109265597.4,54773643.69,258883599.2,14387079.9,1443446.363,1541563.36,184377722.2,5339363.865,1038104.273,3736787.977,262431.8562,5906705.938,938531.3992,747460640.6,117574.7117,747715.7969,31261316.74,5047251.303,68555.0,689120.0347,2836512.658,40314971,2433077.194,7072480502.0,893951.923,5858256.622,652107.008,28087748,5286048.0,5024293.854,698764.9443,43289654.89,222720736.2,533557986.7,77411097.02,104294233.8,16980912749,1123568151.0,313368661.5,30567856.63,8762249.3,29505001,6727188486.0,12284333592,9010143.058,313369151.0,141463049.8,5569510.341,327504.8157,231169364.4,28127735.56,162827581.0,112985915.3,29956572.93,152410.133,29752509.25,8200428.59,99380244.13,106898275.7,1323705.294,11079961.94,802926707.5,8340285.031,98561783.33,5761258.666,2079829.431,301327104.3,7592974.078,2676620.276,7192918.644,7836971.344,24980369.23,8037976.437,81092417.92,26048329.93,150824512.1,1228608.565,661738.8757,622347.9199,39490399.98,291177.5734,298596.8607,4110831101,2303466.439,7089275.356,27847829.46,151641976.8,69274025.56,276264324.5,7447457.723,680721.0549,12386440.46,846478.563,70336632.75,10927787.38,3458853.545,28589932.34,2831739019.0,32642520.52,879606780,979752.6069,2094230.974,1185001.915,1696903.872,2623391.873,31168761.38,80940322.58,5238558.943,53227955.66,150766.9676,2036818.846,15958059.51,526537.6451,134257.7144,5609903.456,1989145.214,519941.6459,837857.0322,1460293.543,8171755.49,816116081.2,347761.8568,26606524.07,12889585352.0,827388.9167,28790175.67,6953556.0,9369387.0,2436295,84906004.14,9441393.028,6689900.916,26684460.54,189842010.6,83497030.88,32581898790.0,388822.446,1883985.258,25763706.09,525975.9036,17966785.07,883495.1752,148646071.3,5508931.563,82846727.03,19065323.43,2203598.9,476287117.1,4050619.285,5369311.0,5814828401.0,105622509.7,1613188.345,267986.1488,906578.6156,28245044.43,157077.271,11959430.71,28261768.37,14157131.95,17722670.64,5299890.488,222864731.1
96,2228378.338,6602947.275,120015220.7,132978952.0,48558767.36,1280373.313,957094.8425,81418612.03,24944404.94,2709401.278,2353355.721,2150153.721,34116632.58,174385971.9,5514098.216,16708396.36,1776522.249,1534132.067,540515117.8,10945328.44,7000589.205,79497.29948,605749570.9,1345125801.0,14529503.16,464820714.8,334539363.2,10896003.34,2965028.597,729493.4081,115375939.5,1120005.042,4595659.712,7747888.438,30020882.86,212429372.6,4802941.551,6084388.41,5553016.789,1564079.073,25060346.64,22734419.0,1384803.998,8091706.89,2985594.379,12876378.43,1232358309.0,4662379.141,926706.6256,70777755.81,6434506.252,9599812.868,365513.5659,1081150028.0,10628665.14,694605817.3,2415134033.0,33240161958.0,55538852.69,218479906.1,2318088.306,75530623.86,2673828.496,8146533.06,39855068.97,1824562.919,225712.8222,100733881.0,1755052.879,2946468.696,3936793658,2345512649.0,29678900233.0,49022054.6,385468055.5,717661.1584,78534685.33,9764257.73,12047654.37,264570.0274,16466665.23,3942784.738,40081221.21,18286469.08,112677913.8,85698316.66,2060399.867,372827.7708,22601037.87,4044337.071,37124553.55,520712.1589,167865869,710280.8236,107146838.1,25054301.76,38820102.48,296997.2967,1375524.431,9871657.206,62322898.0,6900606.251,25023042.91,7450774.704,545995052,1337035184.0,161610.3245,348421.511,8017621.682,50084146.22,35046157.16,945163566.6,10176276.24,127666212.2,142429893.5,6315756.501,1732818982.0,5340633.305,943303428.9,40950259.57,171571737.2,33638493.66,2413438,606847.3265,349304.8389,43535396.14,44930344.49,649859531.7,30736957.14,1011139.825,306223719.3,8143531.818,31191617.56,5603080.386,839737.2025,6285001.052,209892055.9,17318132.12,568673.6075,12787486.36,24926281.84,4694076.071,19758327.15,185711049.1,510705.0696,227568070.3,671282978.9,2108248.607,23206460,26134610,4826014.048,518056681.8,128373125.9,27174177.04,11057768.71,1753034.215,1335417.569,165661108.0,4414762.644,5833320.115,4986930.275,340097.5201,15220402.14,2850016.099,195378128.5,150650.2838,1908105.685,27039363.74,7691554.184,1657529.0,71510966.25,22180493.77,12055814,23648447.63,5715377554.0,9543133.618,6971696.968,1035097.965,10397404,10124679.0,3339856.593,424132.3356,20144054.28,4038216321.0,257408173.2,122920357.7,106105423.4,10333988126,546398941.8,184453054.3,23658716.71,1483380.078,283273,4873951493.0,21054828407,6646150.778,126387313.2,107396676.5,27180003.71,4615626.512,57473790.7,26194199.52,7510168.197,114693453.4,36130327.29,129561.2294,21235905.19,121918788.2,73492033.08,507421614.3,7208446.91,88295727.64,1048998277.0,99673763.02,664537511.3,27091312.68,7659562.226,196504775.7,21402849.04,64395910.24,74344984.72,28689438.8,64840661.56,11361071.74,1565318957.0,10976535.91,89125115.05,321604.1486,18586692.23,2644289.934,29173081.04,526307.67,1394843.204,3555033791,1145052.031,34520311.42,692468517.5,133329889.6,659550780.4,167924616.2,30002578.25,45584671.1,4762800.066,295055.9712,516391288.3,14317614.07,4126300.577,98891314.95,288501946.1,769858498.3,1435800360,7264144.245,788602.4819,48473925.49,7145967.788,106745.2628,25758936.67,68709237.91,21983589.89,238500351.5,190989.2273,1482620.019,6052536.126,556955.7288,138685.235,4980575.528,26698823.33,615660.3878,684891.9115,51365929.91,2967678.538,285291934.6,381330.5685,25970492.07,498371903.0,33403593.9,213960945.4,9664581.0,36336052.0,1856901,294528601.7,464937.7792,408066285.8,209709196.4,63042684.94,26414318.63,35692800718.0,263063.2099,34382833.39,125127438.6,9537647.865,48324829.45,444066.1157,21832553.89,4102783.839,30938287.64,2774280.931,54009412.24,277998522.7,1076989.023,906731.0,13519688353.0,210938865.4,3815692.687,1165523.264,459702.7686,14277195.58,6508541.865,6458318.964,48317514.88,66647317.39,80934378.64,20334452.93,586001340.1
97,3445945.138,5555916.151,113225593.7,142268942.6,54102132.04,1368066.902,3079104.202,47322813.15,3390928.705,2210906.13,372398930.7,6472831.195,35115006.99,64725320.67,47919465.54,8836315.584,7459760.44,16651881.11,435742208.5,87184418.86,40257239.06,79802.89765,72197663.26,1029588673.0,10735288.75,14788050.71,165803591.4,97256021.39,5261997.786,390378671.2,86653519.58,4492847.561,21927260.36,126825538.5,7178560.474,165247987.5,23823879.37,1474434.945,3914563.83,20220247.58,49417292.02,76029501.0,207043.8298,13473649.21,74433375.97,97943298.11,5315629696.0,10563322.16,1444042.645,42964040.11,75733208.5,47128855.11,17394357.93,752691910.8,5597228.131,187154090.4,33995189.47,11783500679.0,108726457.3,20728825.19,2456954.671,2138701.799,3598829.977,29022879.68,21844309.76,2862198.728,1699585.728,22511858.74,25135949.35,55964423.7,5380563769,2565047183.0,8265297712.0,254092929.7,152055376.9,39130376.19,214639.6442,611952.5471,59987141.61,17962400.97,235877.7644,5687942.971,50819743.98,27977958.62,327526800.8,83448651.14,13272519.67,376295.6451,17590191.55,3716487156.0,10234438.97,7179351.627,1132393734,1916905.1,24688044.19,64552199.88,3611871.036,2858607.915,2266317.226,1310973.164,18151115.0,8078915.473,13987929.05,993116.5546,141351965,708180742.8,469534.1251,1708240.584,7579682.724,167520424.9,8155828.165,1403391622.0,1794303.447,149626857.9,463050187.0,13071686.18,1033474177.0,6985756.565,2745571914.0,23033881.49,64560299.79,1988454.936,603079358,677167.0554,2154646.294,17402361.32,68887120.34,281490941.1,14938597.36,230173242.5,198798384.3,5569472.079,121208217.3,6475261.055,288978.5029,7019807.534,674683698.5,17437571.91,896284.4856,20331800.53,119778352.3,14553843.07,10386267.55,15802848.79,4405366.254,305205357.1,1835903720.0,1202627.046,31808775,10199042,1353834.451,733877103.2,174509175.1,122764161.0,13578465.25,461054.7309,1402420.387,181123007.9,11787784.66,2863814.278,1069079.12,287176.6648,41534314.5,12983450.07,819992728.4,140860.1238,2720565.095,854213512.1,45373922.49,2344391.0,192968002.5,5594172.443,178028452,7732772.668,5453861259.0,17255399.17,20559058.48,2198338.001,141901296,5794986.0,90963443.72,9801538.401,28034178.48,290994611.2,1205479155.0,421031208.2,32503045.85,14284433610,1407019868.0,186165426.7,23089113.14,23327070.61,138476475,7395736311.0,23739537064,14847734.91,31257996.48,82456889.81,23721803.74,1607507.978,128599707.6,85985622.9,24434738.22,347709226.0,4284994.111,130059.28,68970845.92,5321853.514,83769368.17,314632561.1,3998316.339,41714293.21,738846237.6,7041007.47,170646829.0,7202556.517,3342632.376,924526824.9,21175089.38,7062616.362,73706291.92,15240346.98,126350104.0,25198803.6,77523151.55,10078060.16,362620583.6,186189.7929,886674.8987,3639200.456,60904461.36,400222.7205,9756660.574,1874019475,14548301.68,66264625.11,405442019.2,22586519.09,6987518.063,376377148.3,26774639.7,16792502.76,5315707.759,2905607.498,1573688927.0,8430430.32,8778789.333,53756761.52,1441012154.0,12134730.5,2193531093,3559288.147,39601950.87,55182483.17,33621241.0,90987.93094,30621695.36,103279337.8,15699993.85,123339312.8,1097825.07,2219146.438,14013248.55,772867.0032,146401.1497,12679710.11,29913843.74,1752767.546,826375.7984,8039470.219,83144563.58,145604983.5,8640726.068,61223965.17,320723322.8,61058776.78,12507299.99,2178882.0,303160.0,1291010,52838358.16,36503791.44,227559020.7,30397691.33,216634534.8,511909419.3,12089910614.0,482217549.3,2807750.935,3779181.623,3691621.137,79499915.81,533564.941,202908543.8,31708878.34,105606414.3,17287802.14,30393025.7,1184250470.0,33983182.02,205439857.0,11327731990.0,721481489.2,13709528.45,1235201.83,558354.1527,125436737.3,6961195.529,778129.9971,27868736.21,148865712.3,102442671.6,11237849.25,1508975206.0
98,1290416.256,2368278.365,39269679.06,3957279.451,5359220.929,982377.8132,7754836.216,63761538.24,4732666.465,5155263.346,36551378.0,3679240.801,2893615.3,113002442.4,3884445.975,14577837.91,7789092.728,1567569.67,106580155.8,345005899.3,359202548.1,85589.51849,312412568.9,1199278308.0,107266845.5,141644710.8,166504364.5,121516104.4,7542624.367,217604655.8,243192551.2,2004355.932,28259057.31,78651997.89,947369.3016,61377260.43,41545975.09,8758760.656,8496718.765,13986427.37,153144238.0,36455978.0,136263154.5,4945946.015,251031197.2,122041211.0,1040595519.0,27010741.25,2510269.265,58095891.48,5702199.685,2093250.521,12327233.17,322167345.3,5956798.956,894668880.6,3228863.191,12359374690.0,40120460.4,17110537.04,774040.7395,299448.2847,7265903.538,30683322.52,5361807.354,2980855.808,1118852.443,39601711.76,5557579.592,13872174.82,3380608276,181238742.3,10334645547.0,27877305.45,155661934.0,485348.0216,29879437.41,949599.7768,14840817.48,1447856.902,676210.6358,17729930.23,18330533.52,165801334.5,320557278.0,290361782.3,9223279.595,467572.8526,16856014.24,3000670.22,986377.9376,18281055.5,890673295,1570312.047,6208249.772,3108114.731,5401237.88,10472682.93,361491.794,1141143.824,49492618.5,1386149.12,41454815.48,69356025.96,138592810,563827535.9,586369.7359,1388267.184,11250151.9,563052633.8,2269733.014,2137913448.0,907032.8486,171521737.5,105127084.6,5085627.755,32914360.72,6786369.501,2520291849.0,26394054.91,18670904.86,423488.3497,1183754009,610091.0827,1811840.336,43336820.23,64192007.12,2133417045.0,29954714.36,273990266.7,61408034.19,17306143.88,232955694.3,109464367.8,293747.6714,2991590.725,1163981235.0,3333144.404,3348774.25,25235643.97,228388684.4,7118763.69,7095127.465,15571268.01,434967.2865,137371724.9,58702116.51,507860.3475,45360909,8007543,911112.0607,122635000.9,185932619.6,140752624.7,61644375.06,30982082.1,219649925.5,188948141.1,1998506.417,8200112.664,8926571.25,31576195.28,6462037.81,433830.8514,1321887208.0,121409.3882,1935810.537,187114336.0,9623801.036,2728499.0,788493.7262,4157467.985,71966385,2656763.65,8766957705.0,917821.9101,11237762.72,325665.7679,47679418,8443761.0,15150692.12,1958050.254,106861477.4,144957129.3,630902156.8,138146515.6,73341082.32,13492676203,1250094999.0,340232584.3,14358437.58,4054319.189,1005160873,11687710932.0,24022237901,19247154.67,86775447.83,116229946.0,41180190.42,841976.5701,183329440.8,42248547.88,529908237.5,487510205.8,22347001.94,139490.0621,47494638.28,17889488.41,78071809.76,192957844.4,33462210.08,32508537.0,126445177.8,24092921.53,491482388.8,7452481.097,6188533.391,79187578.33,13112149.05,33122568.95,21269091.83,20146314.14,36032265.65,20580667.08,118840734.9,57248155.2,366758124.3,227574.9315,1716129.305,37276917.12,44667072.97,245359567.2,2975859.041,3660004727,3108616.348,23967465.9,165811927.1,29410622.37,7015403.13,668075487.4,2605260.584,2867605.842,7004432.474,503811.6344,1157875771.0,4706295.288,4001698.691,3574996.184,4071468778.0,38827371.57,1475117829,1868026.993,6777632.125,10868120.41,10916436.86,293834.9736,58616208.31,137930216.3,13249078.94,72323287.81,186925.4821,2797455.031,19711893.54,388900.8062,142259.2714,9905722.548,12549783.33,14227592.17,7499196.987,2190655.007,90337720.19,164935977.3,118431742.0,88299780.66,688972302.7,9093814.426,165302630.5,2279512.0,722290.0,28752033,51145786.17,81305666.95,50125977.69,51736475.11,875058163.3,228492561.9,3259654196.0,265976.7331,915473.8493,5267407.74,3663909.885,33619041.4,522309.5554,119569454.6,19962729.32,161430087.3,111295663.0,233155987.7,3111348885.0,8437688.968,104476311.0,9189704762.0,287097064.9,15825772.81,2507990.434,509244.9569,353617334.7,24806326.79,25049172.08,16992361.77,46887865.29,80220239.29,31087094.98,419779072.8
99,1906884.527,1193785.221,137721028.0,143204554.5,11711591.66,4480148.395,2599412.425,36965755.16,14943289.45,3936734.831,73350553.23,9525898.527,47703131.45,73937858.55,2466737.003,19301800.73,21190357.29,1529477.995,182016117.2,340395678.6,368369549.3,86694.40863,153113061.8,1706681954.0,9773078.352,59590377.92,178399552.6,153064980.8,6369250.787,664864258.2,48334338.71,2037213.733,44208814.89,79766871.02,35354757.76,58421251.78,72826352.28,4473378.878,24920612.39,1484023.207,115873288.2,92335803.0,184816.6122,5437053.91,61041022.45,153847119.5,396949619.7,46150073.08,98175549.33,113339130.3,502109892.0,557190.9948,1835800.383,267147734.4,26611625.75,1980530879.0,1625212.314,12405904950.0,46464479.81,16225501.77,1379420.835,2043579.977,4487741.852,18710280.19,14172235.24,1116734.165,4315067.048,82036525.43,17605381.69,19504652.53,3300191485,270567020.5,670137413.8,1095326.476,234516620.6,3784679.483,428418.2633,2007195.029,29188006.39,2769642.001,1819312.169,14404080.34,60737188.77,27864460.55,138281710.8,125071600.8,2997185.014,352502.7262,13347591.81,2402697.786,1925332.109,6858377.387,2169219942,2722340.569,6707442.655,42723522.97,8937958.284,6914586.367,417639.3824,1057120.816,12735252.0,1305347.589,10894920.95,40860489.78,22593517,280352867.9,803471.9704,1577743.699,7284728.217,468199609.0,7497397.756,73415673.38,990698.8397,63960874.75,162587448.1,969159.7491,608543026.7,5477287.844,1903137374.0,47461671.31,76500222.45,220900.8956,1247450007,1054358.16,4558825.091,26251219.96,74189028.12,825702355.7,34368814.52,175633205.4,274790936.8,4127667.965,68413959.44,6823405.914,240942.8999,9106547.176,1216062108.0,13524859.1,453343.9396,16833905.01,65459208.1,50669477.12,5829848.608,13925647.87,5915508.622,354564816.3,713217568.4,665199.951,10935100,9840949,1920921.531,422774558.8,328202836.4,522651130.4,23223944.83,503709.7241,1403037.58,155499419.4,31241002.48,3270829.696,2241961.106,2414285.022,674108090.5,1676605.113,666629202.5,133943.6553,2581622.581,133916782.4,22745666.27,1042320.0,86672982.36,5395032.15,247090986,5336125.398,13729277102.0,2961377.407,25551482.8,164378.1888,209310522,7442875.0,4105176.565,6276575.484,49534301.04,36310994.21,451079941.8,321259979.7,141525046.3,24529774954,2908449172.0,364295264.2,78465685.01,7239843.647,1005977831,10842205674.0,43188126020,38188244.18,44712553.53,45736110.13,87584126.86,991662.8199,226019867.2,102437406.2,72888347.95,383737692.7,23727578.07,141290.7639,18251007.82,11978074.3,199649418.3,507295110.8,5691573.178,88637490.64,212792622.4,26871565.02,830641912.2,9135083.125,2516722.602,723216002.2,43494329.43,62233317.43,17565285.12,11944023.76,40572837.99,77985271.51,37198349.24,17890613.07,82720575.05,303791.9511,468137.2579,596248.8555,22185536.21,800943.6832,3293168.202,5546795966,984839.1968,17253425.37,62363093.9,68819437.37,7501347.777,183825579.8,14646998.7,502439.2679,5085336.38,156272.1889,2285896585.0,13355630.92,4889248.981,16063807.25,6384956761.0,13206520.61,2046198534,3845836.069,28327277.38,25110695.81,15107032.91,174432.4047,28302453.88,158812922.8,12886597.28,110770351.8,134637.2029,6420261.675,28762462.94,560572.8463,138957.6191,854263962.5,19621256.56,14638808.68,668821.3496,1476107.829,398986.0221,175090543.5,581580.2324,40109565.85,401849072.6,25030629.88,524260.7153,215181.0,2264572.0,191911,5110426.798,91803085.64,2014875214.0,110549585.4,723277693.2,131430801.5,1343690140.0,457055.3909,6109591.508,2076408.22,2645294.58,63455330.35,572752.026,820085246.3,20942981.57,50749840.57,276457177.3,113303449.4,2455105977.0,3363384.024,350433636.0,12348762722.0,493938297.7,7095988.579,1093666.926,590102.7159,256636064.2,3000009.569,1863730.119,41063266.71,53181946.86,38611750.44,20701859.55,86081304.36
100,8856574.201,2139398.88,77237369.95,33785028.31,9423161.224,426478.0072,12441540.35,14051942.85,2810378.757,83433553.4,16708543.99,9294250.113,1904057.192,148572207.7,2132955.939,12101314.93,3120809.149,3133836.358,115349398.6,249573373.7,115593496.3,83852.12919,3281821113.0,987543014.2,106538679.1,1332155823.0,73196796.05,387113613.1,7316795.83,13964483.49,2509774510.0,1900195.609,98386093.98,48760315.2,2570753.14,111843022.4,10037252.8,4899362.799,7859865.927,12151950.25,105181168.6,7435539.0,161988.9479,5755827.568,169786809.3,387773375.6,2974012057.0,39728154.59,1863624.011,92997155.19,252708061.0,4639421.377,10251661.85,140984564.9,16950626.81,928935115.2,84205887.24,14257875442.0,53166761.14,10447869.6,2377158.481,11095327.86,8637598.388,65571917.83,2953835.625,6464370.298,2632485.627,56766596.04,1115396.596,28336727.72,2158800438,1419241453.0,25477053629.0,100275383.8,54831560.75,3419684.759,101910085.0,1168933.107,5358700.936,475748.1149,423448.9068,39362125.14,5366608.981,196020538.4,463174433.2,866715340.7,8001385.696,481479.407,18710320.11,44221971.2,475277.2099,17248216.4,474676935,2253944.825,20867123.35,43803879.43,9902489.252,606030.893,400874.4694,5328804.617,49492618.5,2938482.305,41262152.44,1040764.95,58962763,322390530.4,722559.5354,2748148.963,12983664.85,80895691.89,1854969.613,1230357529.0,298995.5648,74629448.81,235099439.8,5410684.063,76488668.45,8687407.116,3258953697.0,26321645.41,86108345.66,285227.0441,1296205076,803438.2693,1027038.165,376897183.4,4138002.541,82607628.97,21294172.25,364982650.8,13294951.85,39390791.31,105797141.8,74463471.2,477851.8948,12556674.44,655095759.6,6593268.26,568676.6871,39388506.57,93923726.72,17595925.14,11716388.74,41627183.21,511592.1481,254257530.7,113515619.8,510828.6798,3626304,3952929,378268.6813,273655255.9,164878549.4,144308652.0,8862275.105,557290.9522,1412516.073,120935335.5,8657186.541,6663005.264,10326246.2,344879.2562,16739750.93,1752130.869,1385517738.0,257544.1884,7027979.741,402907574.5,16905881.21,181859.0,6264477.849,19945822.24,67475934,3744949.941,10171026808.0,397831.0798,2791546.469,298134.2753,54086530,8580017.0,19655055.98,717149.8661,268247691.2,506328999.9,453047189.2,231080334.1,82510341.84,20815975690,890815744.9,1864382262.0,20585701.75,2831497.26,1067124082,5724530255.0,31367616926,28142389.73,146567313.9,155569245.6,30157403.34,504096.1186,252017043.4,8970620.34,39775481.05,454747839.0,313550898.1,136658.5409,15249839.77,24729595.93,140895312.3,119949851.4,6604833.998,36270364.54,68301607.86,45736054.62,392783585.9,12631093.63,64182761.88,1130065574.0,8528882.368,22778239.91,32088790.41,17366814.12,140976095.7,21113107.24,312621603.5,54482961.93,203776900.2,287921.4956,478565.2065,1280534.671,54107207.16,1047462.589,9909622.031,4180196634,8079580.117,83815598.34,182792820.7,26578456.6,14777762.67,678033449.4,117475293.5,350320.1483,2886960.269,216763.8384,1819341603.0,43791442.42,5756993.055,16864896.45,1320732310.0,25594937.34,717212415,13241646.4,4298514.701,4920437.222,2956570.03,142770.0778,40859988.65,99922580.13,27718401.97,58291447.5,1029646.131,3599486.465,60746661.23,1183318.551,278410.8571,3948756.211,3366815.575,15458877.55,701835.8489,3150269.806,511300.3854,1717612.469,61800941.01,262367185.2,3427456334.0,44694776.16,1108656.959,3453386.0,2264572.0,95977,205628918.6,19866593.11,76242366.94,124442935.2,472959930.6,1150723123.0,497299951.3,409152.5726,4767938.844,4071604.908,30915036.7,21360233.52,404543.3949,884352926.4,12172110.81,278304884.5,74589456.16,21152814.58,1365376424.0,260755624.0,76540402.0,14231043891.0,234119802.5,22156930.92,944861.421,438019.3886,435778944.3,11682277.82,20072140.69,16506366.43,7541484.963,111012324.1,903897533.6,369771000.7
101,1505239.58,6738669.6,84761402.46,152983553.6,146462293.4,846436.5076,1545130.52,287584198.2,23558845.33,11054733.44,6123440.09,4556639.522,67693458.39,135729413.0,6053615.306,10568609.7,3779985.626,1480255.352,714528728.9,72217940.15,47170832.22,77393.50066,18417062.97,569785769.8,73560149.53,12857243.34,231834870.0,376259354.6,3787711.946,117172017.9,127710832.8,2216596.065,87422206.04,155936447.0,921467.5209,64939849.59,39403917.65,11323830.3,2472781.77,15111439.13,25245375.03,33825997.0,162262.9998,3258078.408,274704223.9,376930578.9,216756897.9,56856563.25,3241158.213,10519388.24,18469455.88,3503885.868,12577408.38,852992344.9,3558534.932,1836361958.0,10584541.92,3534629141.0,155316948.2,39826664.03,3567436.357,1209652.685,4665365.538,46463349.17,136240655.1,12388953.87,877837.1293,8107070.314,2050835.803,17413502.94,4567542912,61339435.26,14990152672.0,934398962.0,168856925.4,465476.8914,26824731.92,211922.2175,41995143.47,268521.8963,104446.5734,44055546.78,78646747.38,298142625.0,732384146.2,350187455.5,9776895.214,399260.9095,9133729.659,9355384.781,40602734.52,10183737.4,1829233292,2245496.452,13205477.24,59187215.8,19854092.59,2523258.516,338184.5726,2763134.266,11102572.0,2590623.663,15916363.29,43902789.17,95772118,999740166.4,358088.5984,881307.9486,17717459.62,387876212.7,564001.6534,471489535.3,1655870.111,217919602.4,800401091.7,2588304.431,58804456.55,6308835.791,2279675979.0,4332413.769,81929537.48,554131.4083,1105917051,856032.1568,3798860.239,9905634.376,2017740.818,422530239.2,4480980.917,278034893.0,99871653.45,4404732.011,161053842.4,212800323.4,336539.6962,4102145.204,204617210.8,7337630.696,672515.2793,27527803.31,151050418.4,16524746.98,25910935.7,75608844.42,630785.0327,198980179.4,406571705.0,2481773.953,14365707,1686935,1187141.159,99869602.4,161083109.2,194825791.7,26817341.94,691935.4923,1339638.335,54561262.3,6773544.501,9077236.542,23511346.76,694401.1122,222364356.6,1051937.791,825245564.3,125560.5402,2572615.08,405293979.7,15470147.02,1287760.0,2277156.532,2997164.131,216525373,1264835.281,1955156298.0,45216964.97,7937472.337,289400.5957,169160042,4662914.0,25589767.89,369601.3971,131557761.2,43477044.85,121994976.7,256880145.3,64144801.88,4428899892,694059028.0,561552293.0,13181248.01,16591143.66,415422179,4686410824.0,6225822054,10171267.13,213593635.9,47197841.1,8314779.104,848914.5241,38096186.35,39040512.61,242902502.8,326276553.1,1181650.462,126132.5499,64920254.23,28101523.52,114366956.2,202488049.8,1869204.719,43465149.72,831777706.2,3286629.906,314359029.4,17010660.73,13381204.15,827723483.2,7890977.51,2007671.422,8598077.624,6897122.831,11037140.87,4182239.205,129380693.9,83113910.37,115932023.5,232262.0946,1023909.724,463614.9357,169428339.8,4782669.534,2233472.207,2709063404,15698599.84,53270078.91,127759826.7,127872824.3,23215004.1,319647849.7,45699961.88,4350868.136,1388890.171,14734747.04,741148806.3,4266698.274,3388188.947,8098724.277,318710488.6,21150836.83,2305012942,4352069.219,4283023.332,14994975.17,7727995.036,3161330.235,22106164.46,91282723.67,18558416.09,71087586.0,593091.2174,6659341.28,42888619.39,727593.5035,145333.7704,6621754.626,10984209.25,4893456.908,6390763.254,1015748.755,38067262.46,1280514.754,230798499.3,100984850.2,142828775.4,3540875.45,736518.2348,158383.0,2264572.0,556927,39234935.65,30340979.63,71026867.24,15096279.06,457436674.0,142794971.6,1016239066.0,328765.4253,3483876.951,12596229.4,413978.4894,126503009.7,412321.4175,53789879.14,30431893.2,57114189.75,23817095.3,27907785.29,1471158481.0,1442269.939,296991402.0,3446034228.0,311779298.0,6699959.054,828697.2023,296450.6639,133597872.0,2047100.149,5861272.609,11827537.94,21597759.5,21597121.19,6514517.572,204705937.4
102,661677.7405,678305.5506,189237423.4,96654449.63,220114119.2,391730.0282,1425224.967,360665418.9,42385506.95,3669000.403,4679923.432,25461846.74,8496684.586,69754553.23,9054624.155,21648031.48,29924294.84,5150028.17,73904875.26,210645573.9,122997831.4,80210.02708,1017004504.0,1015560040.0,8387104.412,851589025.2,422003937.4,7474117.154,8949691.113,2752467.496,3234012874.0,1662394.014,16332168.99,32877905.56,10558317.17,533434929.4,4448881.766,4259132.936,2386936.296,556323.1664,17064852.58,370435.0,184417.0345,66593559.41,57601432.29,7888042.302,1592813542.0,20276065.38,890965.0205,64519928.47,17948420.94,985433.7919,187712.7348,531915637.3,1840340.496,1615712343.0,43925652.85,14269770023.0,9069386.335,123687157.6,2551834.089,4081764.357,9839756.99,6259180.703,240956853.0,4332799.896,4384934.869,72401438.43,11723961.26,39427901.13,2063623270,12231882493.0,11507505102.0,74727112.96,49130640.7,465434.9704,36508078.96,1436154.681,25923167.33,275179.2215,352656.9416,4657203.114,55913153.3,43405698.4,388619565.6,346531214.4,2187939.169,442006.7418,12158398.38,2891840.287,39108909.4,1583782.865,23574096,514266.7759,13237235.99,120488862.0,5108951.822,14542255.57,238410.067,4651018.272,6611690.0,781503.8873,33072793.62,24065612.92,215914119,1372176104.0,430388.8909,10100545.43,14381782.33,313642546.2,29052180.42,5608519296.0,47037496.59,69555177.42,192995783.8,53457503.99,76099939.09,6045305.339,4767006309.0,36199199.42,13696423.03,11360309.28,76483570,662117.0802,3910369.786,1601463762.0,56008552.62,44403129.61,38689979.27,773349.8139,19911720.69,8753104.915,1030086625.0,51429752.47,1459601.111,10292580.21,168942872.7,1149309.859,15017449.67,108604304.4,1026874324.0,8254113.273,10612817.18,83887882.02,378394.1044,1074250912.0,200477916.8,7077507.062,4627294,7246804,167581.0114,808860898.1,239857943.5,101947314.4,5481964.528,1517319.975,1253967.765,193950006.6,3806006.706,1954106.063,24572432.54,227370.3011,50849999.87,865758.8503,2159820295.0,120647.757,1682747.198,24611320.57,6570162.613,774407.0,1982318.848,136478561.4,15686139,27279850.18,11281386305.0,13178499.35,870983.1071,19734034.75,6097615,53639373.0,2419411.797,392894.7314,26252022.25,3049486728.0,538289876.8,404145349.3,267877862.5,19471740407,1461147470.0,934593518.5,226415729.8,8531963.206,1652265,11349138867.0,28942964662,59351580.52,62575777.99,282522576.8,33869030.79,30387259.13,59946521.36,824660.4743,8916007.0,114905655.9,180967435.5,130722.8018,47930400.88,979957912.0,208117855.8,116810389.8,18838112.47,91777431.14,124172776.7,5431623.243,432286842.0,7288840.027,10748780.28,126906329.0,10930003.83,11698720.2,14003994.95,5720345.25,195289000.9,26749306.68,131432476.4,162247553.7,254991497.9,174868.8463,1202541.645,4180611.095,42431973.95,7929219.532,1990865.194,4648927062,2081886.808,211590495.3,1312812437.0,233186610.7,11045076.53,273483405.8,14954623.99,137983387.0,90730511.42,121561.0883,1558182488.0,9434531.417,4162030.868,61292285.19,1668677966.0,4325367815.0,1109869774,137790612.0,1605488.271,220108941.7,67937685.82,2992702.258,15403624.02,40320880.41,4961289.531,180539588.8,227732455.7,4604700.639,27041416.42,271273362.6,117198.7796,10559401.77,19061647.49,424504.4426,627910.2509,2115171.367,2181556.437,649587.555,329081.9496,24406242.91,818228198.5,11791267.5,23705134.31,786799.0,450449.0,255511,20012083.26,247733.4987,407344361.9,93060197.9,199382592.6,369181571.1,8722873344.0,287022.183,7245435.086,386706553.6,37586111.28,12865450.82,20207233.64,6943675.4,6359314.147,217420781.8,2895714.012,42417671.32,1727687521.0,1303904.729,1305608.0,13269207105.0,195948199.4,5439452.691,427432.8994,380855.2219,181477638.8,893277.9935,7597975.171,56611477.15,33770459.13,76543659.51,1309099449.0,3732686326.0
103,351358.9541,5424154.571,160841132.4,22441829.61,771946.5717,255293.1876,430640.4545,65469168.17,22929047.27,2129349.854,942783.5792,4833714.533,4168032.729,41239300.44,5407610.581,3947460.872,2520029.484,1792290.526,135047509.8,36835192.04,8556305.872,76809.74478,258695587.2,2442000174.0,7957287.125,458091845.7,274348134.9,1663110.361,6248993.48,1262018.459,2991539468.0,1768627.25,4831626.191,987067.5728,50988684.12,2702448540.0,8025096.578,2508487.717,17649315.92,375337.7795,6135396.594,465603.0,191525.935,3390407.379,5479898.272,4389889.195,274002264.5,5338518.779,524745.377,120484262.8,18834706.43,14761326.68,276602.5835,405406918.3,7020844.544,246364036.9,5358239.231,7949576359.0,4907102.755,53559993.31,4998192.923,7235787.884,1794452.127,8094336.129,7913744.565,620958.8927,197528.8197,108167531.8,1393376.263,4114326.636,1116921497,1079435983.0,382614639.1,25836129.55,21275046.68,1004600.656,13933463.12,48379263.11,95402635.16,254446.1167,4861938.265,4376672.001,865172.0819,14390961.28,6353113.418,40593736.46,2187899.059,532233.6473,12072001.44,1314898.766,63488776.94,327461.4172,29018010,989647.6048,62273915.78,179277704.6,8422496.961,1382587.807,9567182.002,8455617.903,55785488.0,378975755.3,17068342.47,625784319.8,482143906,1471040208.0,153508.0807,1963637.805,11323044.77,1183825733.0,645126.7116,4299391012.0,3507609.591,227178539.7,348370953.7,13643250.01,58355672.07,5815734.446,938499958.6,55251503.24,16087796.26,239873890.3,6142412,37171507.75,549474.8281,138747805.3,61861131.79,918512321.4,34992323.96,1457488.649,287548877.3,6077316.418,146044260.3,2997969.657,1085526.412,2141452.442,12953110.79,1621627.038,1358764.501,41609198.81,78202503.77,1027350.055,9681272.987,20130527.31,1356725.957,198022654.2,1092143781.0,25632210.44,185755153,208256420,1050727.693,1142082127.0,171741385.4,60664910.85,11626125.04,38015583.93,2148728428.0,219835853.1,1670295.391,11589516.6,39075982.11,472465.1104,31214726.35,2507972.997,232028469.0,197149.9084,886236.5682,21131598.3,5478027.123,237626.0,1567683.812,45759034.73,8591905,53042225.9,3953782509.0,1010357.713,1014590.914,24756081.57,5823475,11789559.0,3400182.166,308627.3642,10745346.81,15755676544.0,179330164.2,256370488.7,34284261.28,5950650510,2060035423.0,608506290.8,234871291.1,6685519.788,324945,6290460922.0,24538911822,12064700.96,61539803.25,158812887.9,9744412.97,1125050.602,30644788.3,617958.3458,6733911.392,10773652.06,107667902.7,125181.1701,94960820.53,157888823.2,86090734.5,27405343.97,14286998.22,16037012.48,129866645.2,27403696.59,66831614.64,13062027.3,700710.4732,22194031.45,10112400.35,8158559.706,16238594.57,9625396.073,168818675.3,12039220.95,323064065.8,10522090.64,261685127.2,394829.3878,290932.1163,1227534049.0,8103064.959,9636562.284,8984753.92,4692306379,2018928.519,49745246.22,1730543148.0,118530223.9,404010792.7,151435978.4,7363459.093,98782065.19,3801721.263,474401.2427,740957072.4,18058607.64,4437960.077,72182615.94,656996942.8,3574114993.0,104294771,96420751.19,745716.6865,738358.4351,591140.7346,160723.6663,103375667.5,15499428.47,3102377.67,210458602.4,5443902.975,1798691.553,6500256.519,24825777.19,184317457.1,8808119.444,5890692.89,356281.4592,523854.7054,116818038.1,276228.2388,1919236.229,537065.9733,11746318.81,15708545793.0,2030727.865,28221355.02,4174987.0,32192815.0,255511,10579673.12,239313.0133,1478198877.0,19815122.53,127963652.8,33878550.48,21326271342.0,255556.514,21582615.06,871141754.8,11226777.64,21436175.94,6632690.336,3882008.983,717353.481,13604387.53,6270805.905,5365745.493,431045977.7,965748.6204,139319.0,6321634679.0,884636691.4,1890081.076,437824.8462,342744.7298,2302053.739,1653114.602,3785542.629,341238134.1,419709160.0,17837284.1,44391991.74,811636321.9
104,935323.9117,2042364.412,101418040.2,137344177.4,252364.6923,1024954.062,1113968.081,2480674.699,66761806.43,10475139.61,1163197.163,6440379.889,25364241.92,89267439.12,10816112.98,8177686.697,7976240.257,2020444.904,118072396.9,106882552.9,73157446.57,77735.36195,363085287.5,383851270.9,50774015.97,258472183.5,98937023.46,76447179.09,3262290.891,8199457.601,157543051.9,334952614.2,26591259.49,39146713.04,1884803.479,222064515.7,4180518.718,12102360.31,1360717.917,4343400.82,3261581.811,47384929.0,124049.9753,2216596.003,184705370.7,76780147.84,1931169935.0,35066636.15,1832140.064,15556769.68,5720145.881,2681438.62,4017026.223,566710146.4,8327442.77,857454395.6,10335426.13,3741024008.0,20796193.34,7895856.036,1361054.038,21115606.51,3583666.56,4256741.455,289798.6842,437987.1488,237513.4785,9424754.667,1284051.995,7531801.792,3418248626,7499119125.0,31586160720.0,307885377.3,52381442.01,521588.6339,66831533.54,239411.8705,2630264.753,300107.0268,202167.7828,4171592.581,1060319.645,21630360.56,46793019.46,111554553.5,5968879.499,623430.0836,16563710.11,4506068.675,72864764.56,5405063.231,878023525,544513.6458,7594314.175,13247125.08,8067839.888,399701.9445,329381.6166,2087991.682,35117112.0,943325.1542,34958167.05,88008219.41,4780833,509207286.4,521223.61,1500306.168,20989507.06,65417539.76,1436918.344,42644516.74,390993.5003,180186618.1,621212914.0,11939976.85,115697087.9,10011189.2,1092488239.0,5079749.368,79297659.9,358286.0095,129912679,998160.8465,169425.2628,17978400.34,697457.0509,402489281.6,2874027.265,55465623.68,305133071.9,12298584.52,212868253.9,10847925.8,186029.4915,19465619.23,194402185.4,477962.4183,508949.4234,14772888.08,212250530.7,10556169.7,690425.9963,19631475.83,472423.7803,256252157.8,979272070.2,688647.2617,2887246,1496310,2268827.16,171225692.8,59126507.16,124351377.7,15101066.54,420580.5082,1718352.824,156751164.5,4019383.97,8725523.26,1470391.062,227735.0534,883405956.3,895371.4793,1327313359.0,158770.2972,861698.7398,170585142.2,2151145.614,749619.0,1034500.587,14453005.87,40353097,2136459.533,2248809099.0,518215.566,11712601.84,713135.2167,27979234,3586475.0,2729782.438,613839.8952,80617378.94,164536867.9,223014404.7,212534482.1,40266592.96,3483629765,692038067.9,574735632.5,15811538.58,2313155.035,93829832,2095577606.0,7244384165,8119651.043,487693207.1,145920253.7,4208299.571,212938.506,139274748.0,49961485.64,58283789.14,308926817.9,2771663.469,126689.7005,10667883.18,4969646.992,153202443.0,141939731.0,2534476.927,4501150.132,549093538.1,3432993.302,156611869.0,5935110.28,8113005.435,2526550546.0,14864788.59,164474.7531,12774798.46,4403375.27,17215098.19,9985442.519,207015122.7,18324915.19,159406127.6,141320.1336,691044.0778,1352808.234,32106655.12,413647.6163,7216565.195,4706861401,2932403.968,36510494.92,175161861.5,334876550.1,6756344.648,236903626.5,10345461.64,541314.2244,5248108.186,144011.9504,419760194.9,8961852.419,4722130.598,4210062.909,319048592.7,23279693.06,925229978,12897948.72,1626229.36,287599.2077,257313.9138,7987987.369,10255933.58,95446385.66,6070410.932,164519447.7,193321.5302,2012760.974,40340687.11,732899.349,135774.1993,2565438.098,1379756.515,1325177.681,769991.5202,3671538.226,12027651.39,1097918.506,271468.3065,47205110.0,692305147.2,5127848.692,179219.9181,127637.0,101470.0,255511,11169285.41,55379276.3,56820814.44,16990327.39,297201144.1,176553338.1,866195767.7,432694.3282,5126319.866,4097526.571,1569002.62,14995115.23,199221.9967,205031876.8,22383992.85,146081640.3,42137289.11,21835049.81,233277751.2,165360238.8,94191930.0,3677459505.0,173214672.5,6077894.619,690503.1743,358031.6383,277545226.5,12740868.55,19765570.03,6972520.531,25695214.95,12936552.86,12307505.23,36957087.9
105,213211.9903,6826025.027,222201660.8,25004537.86,133361132.6,154282.4241,910949.3714,171751910.5,48843244.43,2640234.36,7349629.903,1212712.943,451267.6151,44392034.87,7283870.124,9352107.794,590443.3294,4431731.065,89215024.1,100671891.7,35206518.7,92637.01856,9523264356.0,881418675.7,4846382.031,3660444654.0,91220016.34,6233161.883,15887821.49,1705414.772,991663842.0,1385726.314,5777118.958,8489146.459,2735541.955,551222832.5,7663991.545,9579808.457,1617960.734,281886.9951,14767318.88,74759.0,224091.9969,5076925.171,4996759.447,6923071.462,6902539949.0,18399028.33,848051.4615,66993901.5,25989459.15,20028883.56,241004.5194,211085070.4,2504383.897,530662047.3,20581574.83,18652528652.0,9515949.759,39372201.48,1377630.166,19714800.42,9059578.53,35067840.55,122653606.0,3167285.387,4315183.551,143609571.0,2310772.39,3322551.169,2809029841,12878432124.0,10012975686.0,142685135.7,32685976.77,379951.1067,30957005.51,439186.652,4820702.138,387654.3407,2829093.927,2963579.412,13651651.65,31274693.21,111337522.6,35236774.02,1935252.453,232829.2501,10041820.86,28627883.44,13714779.5,2266411.97,65188798,442720.5745,7946945.774,137785814.0,23726207.29,65068380.09,419128.3668,3182311.005,20198302.0,890345.1063,52953277.89,388414582.2,301235331,923542165.8,1225883.613,69326229.53,16729939.54,243706389.5,1116666.241,467254768.5,23236309.13,35915557.27,42291382.24,44234797.72,228549137.7,11195445.55,783811889.2,60040249.56,50518116.69,212487.6986,620557,562859.3317,10360745.37,2768553278.0,20045375.31,415060225.5,59447249.96,23748615.92,249717352.3,14463089.73,738250212.2,6773404.29,206677.4602,4531440.15,11456733.62,2762892.061,709292.7029,6289799.134,674658427.6,500614.1655,17758288.92,39683342.73,543539.8263,923640814.6,327446110.2,152446530.1,7553030,1948790,151449.6656,148047796.7,188186865.1,39669179.96,917892.5566,1101545.381,2459436.05,188824759.8,1047282.781,1785741.204,767639.8624,198236.5467,3764736929.0,5175014.002,1018292264.0,130652.98,1612498.712,25355848.62,4746697.466,410139.0,1496266.086,403440391.8,2527388,10147096.79,13145112528.0,3841295.056,905546.7748,9892035.686,2439978,222117090.0,4623657.125,384756.5168,25534517.76,627984968.6,180471848.0,401960794.0,116311551.8,22275957395,1857625434.0,579755343.9,31847301.59,418802.8554,128414,11547725953.0,44554452037,25980119.05,42751393.31,221872297.6,14369809.54,19495052.32,130501182.6,542467.5417,18716038.89,39967689.46,1012189186.0,150975.7702,69910312.32,201803502.2,347700398.7,147099101.0,10098666.05,38632571.18,198579626.1,100418214.1,408595517.4,24366356.69,8560991.632,4363761859.0,18105503.91,73361303.85,56507313.76,17078050.97,119476301.2,2884077.036,397512315.9,9742217.363,65497807.8,140111.0511,22806727.61,433168.9853,10070457.58,3895666.956,1138762.502,3548679881,4746951.346,41222821.19,550979180.9,246968081.8,120513651.5,176926112.4,3951897.631,147983163.6,253080007.0,180495.4278,922284675.3,14647799.55,4138943.089,81975432.93,5220908119.0,5926673334.0,815303439,10994833.41,1047196.297,133356588.7,138347264.6,3060182.636,17679095.77,54112173.46,17794559.99,163509995.2,83356157.94,1328350.688,9710412.266,88172160.79,291560.0207,11231270.38,10169064.41,219662.1736,176807400.4,2605110.961,209732.2027,19001777.17,298282.8744,13409345.91,4405670977.0,1272390.931,38352028.62,1769244.0,202917.0,255511,27291232.18,2649070.157,352711116.5,119414639.4,118329986.2,160443226.7,11332065159.0,243994.7843,1522921.829,57787119.39,166630071.3,7015314.645,214109.7033,4139318.74,2149917.273,76423068.73,887461.9689,5253807.241,15758614.84,3212494.759,3175891.0,17653105360.0,1224826825.0,4671918.544,329689.5523,297023.4665,49889613.98,275022.488,4889855.206,41643579.14,348361514.0,27956300.54,534866501.0,2341453759.0
106,1402099.489,623262.5178,71107338.56,25391406.9,259077.8372,284680.4794,899548.0399,2495198.61,70119137.38,1699829.71,1488909.283,510431.1036,74889924.97,7694964.351,1500939.783,2418926.88,2303971.372,492236.6554,35377331.65,5839710.823,6054338.08,87527.68449,3067717522.0,359553510.3,2259974.306,775665467.4,21012665.45,13928653.46,12804006.35,1200608.88,171062370.0,330689985.2,11528026.71,872024.3314,46817856.61,122404506.9,2771007.764,1706676.841,6300776.943,707423.5536,4106258.084,814906.5,169690.7516,2942900.225,3876323.157,14229042.92,842510730.1,13493456.87,877690.4552,27248625.84,6182356.176,739240.0266,604824.8996,1802856670.0,3545295.928,76321324.35,1055324.179,19744341076.0,5322065.225,70417032.92,302082.2403,3765642.36,5876896.816,4927552.298,1797014.411,464688.3996,3920292.851,210183560.3,1414957.095,4428553.177,377102662,722516216.4,14347304823.0,8597387.455,2349037.469,462645.9773,542851.507,4138221.143,14327362.83,252969.7067,825937.4306,4263885.375,559666.0554,14455067.39,167910610.0,16469110.1,2319671.017,277583.2075,13864658.31,1130345.66,59897162.52,566204.2558,119342,545606.4319,60434615.49,4152493.325,25552268.49,354022.967,397497.3061,1077901.367,136130691.0,48212652.53,914652.8953,931597.1753,518764350,3051858970.0,2057626.286,1807842.422,17333418.04,718890518.4,1186939.717,5776023592.0,306107.4413,17957347.01,21534311.08,33971960.05,93001411.08,8917222.944,1352473445.0,146490318.8,65829010.18,68748044.47,19446714,583216.7156,753225.4258,142581133.5,73045019.46,517224026.5,70789124.86,1370878.263,62163284.97,16452913.21,460654639.7,8644490.257,672481.3143,2208708.57,2928154.032,968232.0338,451205.526,33054984.4,487137492.3,3100938.387,953001.4763,16386759.39,399393.7113,393479653.6,720848294.2,1541067.536,418766028,90536768,162619505.6,1134814000.0,207016664.7,2125952.658,899741.6523,5755272.008,362907187.7,182030143.5,1367314.469,5724037.873,1244816.295,331814.8092,4704462.523,1046528.761,8083335.415,135552.0978,775494.9437,12691392.52,381270.8499,2034850.0,2228692.926,69642648.89,409477,21913078.45,21101384132.0,370923.3951,944532.267,1726984.39,1461733,10345015.0,1550407.994,573825.6182,131963507.0,1273762514.0,753532028.8,71336065.7,61179993.48,46026286305,1451975150.0,2102413369.0,1030716655.0,2005487.771,37043,6125908446.0,80730252467,10234037.93,14284344.0,663412942.6,4114720.981,569067.0095,61709884.36,1325726.159,11910250.9,5182162.299,27504761.11,142648.8005,85162629.82,600886251.9,89719431.18,80014978.04,108671989.3,21370667.4,1273546093.0,21075692.51,171245232.6,75374891.01,8898222.271,50828303.2,7705493.621,98322353.05,25313381.03,10216982.75,43388162.71,52183688.53,152512091.1,2179148.865,20339693.71,172998.1357,5510390.554,127888478.6,5162406.752,47089279.65,397162.6482,3597230847,1136012.537,126318677.9,530449897.4,357667389.9,342936695.5,68114994.37,2358402.227,6079117.893,9742635.189,632884.0301,3383368211.0,6482967.133,4124015.441,40895944.65,13954082639.0,3471298072.0,14682720,2186187.039,736086.3634,418011.5909,1308017.786,140311.8788,73444580.23,15859785.1,8332024.789,35857956.37,13339457.94,15050924.36,4595192.883,41155388.84,8102394.261,2464188.172,3252270.621,322580.926,1239884.673,2960471.949,254804.8578,1551864.138,460022.8936,7429290.903,8355531711.0,2368543.64,54480724.4,215744114.0,56223251.0,255511,18440832.88,421506.3795,2000749.246,26644628.46,20508152.25,7672054.0,677504337.8,282044.7341,817982.0129,682724834.9,26317594.98,12758699.89,43525295.06,4089763.907,429991.1685,5947594.219,1087428123.0,2280150.272,311366537.6,950654.3878,4340.0,19695603654.0,254652088.3,1869075.705,403776.5405,416730.2984,8148156.232,1472305.695,14466402.77,110790574.7,293880611.9,14724049.17,9246901.683,155887985.7
107,419677.8689,14845086.29,288113459.5,95450156.17,27683913.68,3720995.104,371390.3457,161740398.4,46213252.43,7584246.123,4908049.35,3533418.87,6872932.462,87345548.25,6772783.695,18284802.89,2368343.924,8752759.809,24945851.94,60984089.25,63526365.08,83786.729,2932741550.0,2420772847.0,10134167.84,1109722276.0,742838797.7,9767458.367,8768365.865,4120676.654,397402362.9,1692921.733,22179004.68,86855277.55,10317139.51,217108118.0,31454797.05,7784921.375,5849042.333,738381.5162,5952006.646,958533.0,264337.2423,2778088.241,132439975.4,11294659.16,2274522229.0,19229359.26,2518559.936,189764471.5,394219795.1,8696004.654,270245.7988,90713170.82,17499092.75,2188873532.0,114989829.4,15639567222.0,57434131.95,13413217.67,375740.4138,406991.7483,17185190.32,13235163.29,100075069.5,2660486.265,326217.1787,114359100.5,10134224.97,8859461.811,1572959826,5444368416.0,10087521560.0,23021893.5,35674047.41,654402.094,4656562.816,4666146.356,23051225.94,324619.0277,6064606.694,6754038.916,91559933.17,28882079.5,223752946.3,69390744.54,2630595.638,626359.3354,16488626.24,7137114.264,30959153.54,7050391.799,494062398,548100.7189,6980009.637,206833210.6,26796532.08,1759118.173,257885.8558,12591158.21,10170402.0,137173596.1,14476341.37,25396831.98,276516528,603854597.6,169166.1326,1678465.462,12093539.24,101921256.5,19787247.79,1388085038.0,1361364.982,19479408.41,86898882.19,4774487.318,407013995.1,7225005.401,2479389540.0,68411585.35,198963110.4,1254842.131,1828621,722214.562,1634991.668,868288769.3,284921349.8,73225327.98,169764545.0,501899.7741,532771455.7,3567594.79,195458350.9,8890713.236,211900.7735,6472967.899,1376093685.0,3275691.311,573950.3727,49180760.86,168258131.4,3484063.148,70063002.23,188969223.9,328400.4057,263117150.9,286484894.7,1468200.771,4981925,6002474,239652.7932,799177601.1,129273612.5,25898427.57,5656159.753,764223.3912,1377806.349,146067561.6,9196376.405,5040644.052,1166899.372,220542.0968,9211152.025,1501068.503,1002506852.0,142323.8185,3185093.995,47424729.68,9409204.117,1734159.0,7451928.71,52689956.01,63299836,13299540.45,14970153674.0,37903580.85,800401.9296,568702.7645,16003047,8739989.0,37408680.49,848417.3521,7988340.822,72858938.65,801849709.8,462854080.0,119256614.7,27289569594,3732447557.0,1080582436.0,53959019.04,11456456.69,1410852,11521394738.0,15889682385,56131707.89,146396806.1,468813072.4,88831745.38,223033.6144,228561161.1,1450181.532,13675888.49,509504335.0,143353482.1,136551.9545,93493994.4,303201699.2,116362717.4,1103505922.0,1422080.897,29231021.6,62532219.08,101706124.6,191288111.3,7991318.063,13003202.36,163521662.9,54064772.9,57708237.9,306779112.3,125306908.4,94878148.12,27989366.45,2315608887.0,145367965.6,109498535.5,170218.2173,65521931.77,700366.5166,72523045.95,15037763.32,11918498.95,4937041775,8832374.052,96862759.64,22198248.23,224715906.9,170512404.7,771893046.0,26953634.22,99665168.12,28426129.18,156667.8684,1029607259.0,9630851.352,4303384.11,25217676.97,1276588393.0,2540098920.0,595793930,4065840.191,3510689.928,27681769.93,20484119.39,109283.8072,7030890.811,49243749.55,43469083.51,186604042.7,335749.5233,2452787.217,38607440.43,450629.3064,166904.5023,2810353.594,29026848.88,503704.592,8604364.846,1951545.09,283089.0211,1032721097.0,323413.2322,20429257.37,13473784462.0,6624245.456,126288457.3,74542.0,750006.0,255511,7698808.89,384550.1369,1592403245.0,187864820.9,730061631.8,290963704.9,10689995312.0,313073.9357,990406.245,502333597.6,47448573.95,20264271.18,557038.385,245550661.4,21968463.75,209257913.5,15539070.72,3328963.08,1816070987.0,2713653.944,11909778.0,15467893508.0,1291109720.0,2056519.814,1072010.319,613374.0612,107979086.2,1255143.342,1279563.582,43175444.9,196301715.2,46605338.9,38312514.05,977736914.3
108,1771320.002,1477838.815,272731430.3,5368577.955,14004060.25,310204.4847,166916.3979,107634237.6,16388429.57,4180567.134,854959.9519,2082837.078,14980174.02,73120135.68,6611543.997,4919519.282,1042686.785,1268618.147,39769753.63,9611187.029,3035967.929,80545.01179,306438861.3,295457776.0,1561437.171,67722243.15,31359505.38,840870.7798,6412107.309,2005291.57,8511166766.0,64776523.81,11898398.9,3732820.794,11124547.79,418081761.7,3298459.763,2967075.067,3715459.424,629426.2307,5743720.383,222986.0,170541.5648,5741392.708,3302615.776,5618741.084,4998368026.0,3079271.175,514173.3011,32031263.99,1163625809.0,1192414.32,538139.6406,400380628.5,1676741.438,686122571.4,185466636.6,12471118386.0,14528917.64,34470203.67,6084124.613,5052129.48,8689260.455,15541237.18,71291496.79,864940.4692,136109.7112,110571003.9,1023462.818,1273209.855,857763090,28420341246.0,7467612606.0,973078780.7,138731220.4,394520.8165,126045.9537,21306043.37,12789600.41,198723.2469,845066.5981,3651743.283,20549900.12,6419710.48,18865452.56,18129549.78,3119457.302,201422.5969,15707740.08,1067212.54,70838786.0,2464520.554,297072787,400115.7207,55715956.34,143389475.4,23878307.99,1087869.926,755619.3655,3286957.026,17451675.0,22180614.22,3293714.544,253315788.9,381243574,1936377400.0,191592.9405,8046807.394,8323120.249,842073864.8,13598359.86,265706167.6,1509386.447,6123582.437,36391523.21,93568121.19,187638624.3,6174619.478,746397803.0,38289127.99,42752808.05,120585827.4,19446714,460084.0211,303418.3799,3512530460.0,35414075.62,56343057.02,3632995.96,295349.2842,79005759.54,106624247.3,202072444.7,1199885.557,533012.6856,2952584.313,17691576.73,18166903.24,473975.4679,9598527.784,157732244.0,504070.1697,8359412.443,65180100.91,416423.2229,413622511.8,238546613.8,21654953.89,11407666,14265945,260708.9972,139000016.4,18687030.44,12073761.33,1809021.938,708218.28,1342928.329,175733308.5,2497708.207,6622197.497,171433232.7,17549859.92,83646492.64,2081924.238,249412352.0,98267.25828,669809.7469,54525070.31,3219329.652,1789849.0,2849660.005,1004171854.0,24250769,20536352.18,1651095647.0,17570102.01,1011638.911,251807.8527,20549544,50831000.0,2953291.442,234566.5822,118426591.6,912283421.2,469757051.1,94178425.33,60562227.82,3395047004,1075015724.0,532099746.8,353388868.0,1276644.622,983168,3770338277.0,33060841894,9982675.521,6592268.269,479271349.7,1789511.832,1983144.891,23677297.59,649592.6221,28467018.57,29083406.53,273284072.2,131268.7453,175234936.2,473061304.3,298416609.4,64947377.35,18863638.36,19612562.92,72690394.85,2053943.101,235520284.5,257287952.6,13602083.2,274573798.1,12684774.31,9985569.158,71017774.44,16426247.79,93314678.73,1371631.202,275622233.4,12005995.57,121370427.9,146634.5125,32524563.14,545551.4498,12658062.8,22745178.77,797022.8107,4574306028,453304.607,726163247.3,394943202.8,79899963.79,97827071.09,149875397.4,2756805.207,42381526.02,3197065.067,191837.7767,998971664.9,1786961.471,4489959.532,35393660.97,8834034078.0,3204864623.0,290430038,121881991.0,699862.0778,14013688.98,5001354.49,18009233.98,39545639.48,90224830.72,39513973.09,397934083.3,2631059.071,1106467.413,14089708.59,2506358.719,1224275.347,9780708.081,11376170.66,323609.2546,550671.6658,169355194.7,5925698.056,1670319.652,220716.147,6269144.522,8627550209.0,101053793.6,35026532.65,499181.0,417125.0,255511,5785627.714,253052.7902,938022096.9,16536235.42,27975927.04,86431994.39,13275870744.0,199442.5519,18788612.89,810951422.0,136546765.6,6129413.18,19370147.19,3130420.614,471948.1828,97471530.5,22044730.05,6570792.833,2561693344.0,2265299.469,100834701.0,2876803574.0,234522044.8,2975206.717,384160.1588,232228.0323,3371528.313,3117923.157,22009322.7,613552799.7,935481607.3,28330317.06,196180309.3,2361665460.0
109,274536.4804,3315862.579,69878142.18,18823606.45,269477.6942,745736.0977,953384.42,1836929.061,36468753.3,1841713.013,804884.091,4358569.021,1204105.369,89904088.43,8230135.345,17500267.38,1604629.251,3731238.027,34402587.82,264080597.7,76714329.46,88148.63155,5235512827.0,904137201.8,117519417.8,4023762634.0,257519756.9,17992072.35,8910955.4,2765540.63,926755681.1,1893709.549,9716331.407,24202057.44,2607713.158,112933932.4,24973088.2,4946855.162,6593826.185,682545.7281,4778707.103,1065912.0,218028.0134,6533225.25,5240962.444,18665593.73,3957467732.0,6344998.518,1150430.176,45106818.48,1163753.625,33577286.71,587938.654,259517098.6,20325580.05,767888139.7,490638759.5,28609277934.0,15406638.69,33623207.23,648730.7772,3835629.303,13729146.6,3747116.976,391129.864,600798.8744,234498.718,55863763.1,974442.5805,1461823.152,1690251828,11901492257.0,6404227709.0,35028264.69,26316058.32,1331639.31,17172661.42,1328109.969,9118299.071,254363.9803,251319.3394,6759391.692,782859.0881,181438128.7,756331438.8,46603718.79,2235915.614,251574.1341,18152241.33,1234540.705,2133150.867,3367616.675,103748454,404435.2387,15833110.05,27343925.52,12484492.13,257187.5578,950625.6283,2387781.299,5383534.0,2013224.843,10087756.03,892659.9474,356210523,301546005.0,176510.2807,1076897.185,9752029.443,235649833.9,2408846.283,3827535165.0,248581.2399,104979048.3,131250581.5,52865813.7,200772635.6,9229848.455,4733476341.0,21949143.76,50128452.39,2750547.924,298566506,674703.9124,597413.9401,2336110546.0,17501084.94,1059665711.0,165975040.7,16306543.81,43801319.88,30389931.37,310672162.4,92841809.84,720556.3606,10839790.71,449077090.3,4735362.267,460344.6572,74032392.54,293615233.7,3050803.89,609599.9514,37842451.77,365387.1633,601282178.9,137307929.2,437820.0405,6347805,6857016,634899.2635,988694955.2,148607169.1,37022899.07,5929966.03,27115141.48,30277732.4,167305219.4,1058311.219,589640.999,949550.8464,1364729.071,34148152.73,9020953.903,626390210.6,111521.6603,8443900.569,89540459.88,45349103.48,368750.0,13031000.44,266208134.4,8144208,18433200.57,10900568330.0,411658.1844,1026449.651,345361.6416,4723503,12553916.0,1929718.513,399756.301,46868938.14,863749472.3,446150130.5,233484963.3,42478296.19,20932341993,966842691.4,237047761.3,53786198.33,470897.1729,6601165,12155961842.0,33872536550,33734253.54,206076002.5,176792817.9,5723863.735,193921.114,163013039.2,1138699.384,20614679.19,353670354.9,144068656.4,143660.7929,51626479.66,252535332.2,132200425.2,323791532.8,3628727.32,20207308.05,246549356.9,38251796.51,112412387.6,13633110.86,19640708.74,287177582.2,19645641.89,25848800.91,57423163.99,11026589.91,134670619.0,22155552.18,106149258.5,24971744.79,514245384.8,154895.4852,430350.6191,2649740.924,40644107.27,232202.9054,2217754.56,3008004733,3636037.032,130198196.6,61763242.98,186174400.1,15933592.97,528042889.9,33589780.05,283906.4613,14223434.36,115978.518,989893674.3,600012.652,4408831.664,21126111.32,6140128880.0,1732160338.0,182942738,3246536.221,579602.8258,279503.6978,273633.8381,29263113.31,34627994.69,20750547.87,10396258.8,116698283.8,139093.5497,1269252.342,14900593.61,494515.1087,233595.5256,2611132.376,3278593.427,477841.7297,461449.5283,2305549.951,156926944.0,1127917.98,160056274.2,17518239.08,10071247742.0,13895147.81,82698805.58,183955.0,552933.0,365495,84112968.46,6258459.119,23383562.44,64455784.85,238783058.5,241518425.2,8450511479.0,242946.9617,14428949.12,33490599.42,84076703.98,13236231.59,278227.6548,222871880.9,5699144.625,123893862.8,7159242.793,5118296.318,1327113458.0,2515809.957,18336219.0,20688718797.0,572406689.9,3321756.526,701148.6951,355902.7074,108085214.3,1747768.192,9058563.098,27549909.94,668692580.7,56686785.09,19440602.99,916362696.3
110,2831247.155,1952431.664,23480828.02,824350.9678,23270149.28,463547.187,149590.8497,78394810.79,5695462.161,113715775.2,4319217.312,7687268.686,3409748.897,12228270.57,208112.4653,22429013.26,1416568.353,3714381.128,323286924.4,21599404.08,30087498.28,79151.28076,139493692.6,1274209310.0,35280077.45,109096466.2,147326545.3,50747313.67,17521278.94,1908586.0,222906357.6,5138701.24,10551130.14,9067461.748,3395921.342,11141760.86,3492469.007,9548143.254,11010519.55,394480.8439,5656853.174,9945966.0,74860.86948,1979118.692,15539700.65,51271044.87,721470900.6,6605623.284,448240.0421,44686503.3,1606462.247,224643.6183,127209.8575,164205414.5,1346345.781,14246435.81,398627.3118,7545123150.0,4721722.921,113912192.7,1204809.552,237963.6035,2075013.226,2368457.099,23143437.12,3955366.318,4347524.151,25599809.26,992005.2158,16184048.88,1392334513,8661981.047,1178672139.0,64913220.62,147271516.0,2512847.668,222971.7945,267871.6845,17818287.97,264978.8121,3243822.438,7726770.362,8796603.058,88471360.12,70098763.06,43377602.43,2392011.909,492661.8632,15586023.13,1802818.746,212270.6157,1002109.312,130176298,448174.711,1912741.029,24382232.12,23145171.18,7173592.554,147928.6603,918137.7047,35117112.0,613680.596,8106081.728,7988432.536,63657469,1432205232.0,8223508.264,1183242.358,12142317.94,317036240.4,971000.9996,206419539.6,263988.8086,96801725.58,267592173.4,2884607.24,26173882.99,32612935.79,965623549.1,19519810.05,8059289.868,232066.3988,1066351442,6535667.559,2724568.633,8306676.207,48361905.54,1584914429.0,8893493.728,238992773.0,390340516.1,3453310.022,129771937.3,114086193.7,338765.7088,2487000.5,181286547.4,761651.1271,264858.7638,25932302.02,127453265.8,2306012.858,526102.1355,206291.0277,305542.9854,99042658.62,480360278.5,587987.8647,28240606,26603686,2568527.631,111258220.9,193017770.0,107600604.5,169236887.3,579619.4107,2988824.351,198338609.4,720066.4722,672456.1574,1271446.286,342852.4973,3275528.171,268339.1651,408022016.9,117846.0963,728842.871,28289917.99,3672071.087,590891.0,387180.8551,8443150.477,26721519,3573075.556,5411643958.0,304828.192,3113014.715,260308.8106,19987611,3836720.0,8482138.286,1571984.366,2362229.018,157971721.6,887709082.2,216688922.7,66977645.13,13161705231,1824872957.0,109891645.4,25133893.63,12774393.46,892687148,3800753966.0,14423143202,6913801.791,32607304.32,57792186.52,18265510.57,247339.9233,287479610.5,10425539.25,13927770.22,23559757.4,5470051.538,128997.3032,32772560.63,12794130.54,78251739.79,15950228.73,1177871.454,2752852.19,136654221.0,59938664.01,54815017.02,19036711.05,8207418.872,18591966.3,7408603.981,28493834.54,54321211.5,20843053.1,88609526.07,30699665.53,487427997.6,6804320.702,258142553.6,386150.9561,319012.1291,3381174.94,11667747.54,789976.0542,8352238.96,6373521096,11944799.79,5910175.168,25507114.2,37777042.48,152439760.2,105993267.5,2492938.734,298329.6166,6100542.591,95316.6881,550693541.9,2365140.502,9815074.378,7932503.961,3004412071.0,26306713.28,587335049,619157.0755,1649272.045,23226484.61,4144934.06,257304.2376,113334673.5,26581748.56,1800140.779,36768620.54,190482.6391,772718.3002,6386419.369,638685.2363,70512.28969,74355551.99,1216826.082,10870831.05,435989.6019,1096742.174,206003.6659,447797.2237,18588466.21,11192504.08,427384808.3,14560263.56,1631993.7,931698.5,750006.0,255511,11544755.7,196510970.2,979904.1235,10649333.06,208723338.6,15869076.31,3059316192.0,196585.1973,463752.177,4741482.407,1973181.409,2331666.845,1927982.161,77402253.59,2112911.198,127904489.4,59378562.03,303526218.1,1187944613.0,3583320.149,26861904.0,7337061745.0,512456883.1,4173314.829,327911.6889,356781.9159,187149703.7,3889578.607,407598.6355,11778679.82,98085799.79,7934235.373,9256048.456,546853672.6
111,427703.6199,15386889.57,64313292.12,27452725.8,158949054.1,277598.6923,214238.8269,338918287.2,28853131.29,16523327.88,7268520.246,548245.6652,31949419.75,59047272.11,13280315.69,55730543.51,2163676.053,3624005.765,73727069.57,25772147.42,26864575.06,89099.84458,12579397915.0,212538292.9,1229505.593,3367592564.0,95694380.08,28575824.34,23101453.44,2071798.259,4092826251.0,1916174.748,10954944.09,5638614.325,125012785.9,1348574685.0,13103897.12,4676579.564,3317639.825,245770.1754,16265841.5,44691.0,352314.5619,7877999.463,3568335.659,29091256.83,9423223560.0,11357671.84,1232729.241,26526768.78,13875263.45,1398618.892,200435.6708,632247228.8,1643879.045,121177370.2,36761217.86,51356176016.0,101779183.6,28476550.84,365800.5693,5719724.754,5817054.802,24940035.17,139636167.4,8590631.852,917679.7025,217623099.1,14782145.25,2589683.25,3497466,601977481.7,1948348908.0,569731855.2,56400848.92,488424.4137,181941.858,23864396.01,4215520.692,247530.4304,3231610.365,2459671.495,69503311.28,27677090.35,747896561.9,56406080.11,2123631.767,245537.6287,6870619.449,1090653.013,57906201.64,1074884.828,29850,613706.5087,36255978.92,178567782.9,28885760.34,6079882.937,649775.0515,5108458.807,35117112.0,3501452.965,7023788.31,175567105.0,151975800,2680899569.0,925420.4663,269527945.7,6422869.362,276622948.2,1353229.145,691834596.2,43170711.95,64737501.38,110305336.4,51502039.43,208788098.2,4860328.319,1362753092.0,80529008.95,61157506.48,45206192.7,528086,537860.0114,2604489.359,3617172086.0,2977220.105,278440216.2,89772018.65,513743.3462,47018218.89,14236917.44,133539244.7,8048758.095,174773.8038,2769353.653,9016331.869,2474957.994,316529.773,10621326.63,102115682.7,1453148.688,710708.9927,77154494.63,274801.011,235680334.3,174748224.8,3493523.093,16584400,4918426,597867.3703,136829196.1,40867194.47,21618213.71,1319010.554,280423.7681,1151729.924,157051426.2,8786943.013,2045914.601,11464473.36,277863.4688,299038771.6,2012623.746,281790958.9,119669.6445,1089974.15,65395429.26,17861985.58,694125.0,2803661.695,548709493.9,10102,14370695.64,18049124408.0,328083.3338,1207263.732,448584.456,10428426,757028139.0,8249932.37,334766.2869,18698949.33,453459408.0,822919875.0,45912012.06,156329094.5,43304184396,819575593.6,1952421809.0,555382540.9,1999298.561,285541,16217025468.0,67143350282,9221215.745,3432814.021,299598130.7,8628383.928,34154158.18,131700988.4,953504.1118,8027773.462,17515821.85,13463901.03,145211.0384,314950918.7,587440647.9,360174494.9,171685262.9,17622328.7,107372970.2,434563092.5,232867714.2,1484402401.0,212745305.5,42646759.09,1593271607.0,44931930.15,198601857.1,151711171.9,27176928.32,68110780.59,254952.0432,329712545.1,45240008.14,78388490.57,128876.6811,950876.9021,323347.1737,11098765.4,10981755.58,719097.6642,5060856282,511543.4477,97630855.04,138124573.5,142717084.4,70026067.16,15495578.95,4943377.696,73872548.14,5586147.268,118985.0286,897993871.4,8210473.467,3890542.868,119298782.7,764296287.8,3289335148.0,357800,61954377.25,1285943.009,158964387.5,53229957.95,2116003.906,79135845.53,40058200.16,16870170.37,26446976.11,3170450.565,1340952.13,5387681.347,3358193.311,386976.2559,26032125.07,14726247.37,415440.12,493243.0827,8776885.033,239264.9962,9371320.152,245199.3746,20879171.14,556561815.4,37918298.2,18651650.0,2689457.0,750006.0,255511,45342370.68,224932.1641,422882270.6,25742447.07,108854167.4,56308211.44,40645650511.0,253569.7433,13554553.97,350258810.7,231979669.6,11698197.32,19029273.81,3993467.592,794869.2469,18477644.89,139749082.5,30587245.73,2467350837.0,876121.7655,3865527.0,49085615310.0,111643846.9,4343513.134,188050.0464,301748.5128,160333745.2,2724839.314,12633816.19,307033385.1,467264684.8,109922261.1,47522013.9,1076171374.0
112,1920044.974,13115050.95,137430414.9,94060365.66,55655569.17,491595.4235,435927.1125,225939526.7,68756751.81,14698209.3,2825956.441,1822538.193,47899222.2,31409123.41,13006101.36,7625461.122,1165268.574,4962579.738,411669094.2,48306151.44,48054715.37,83653.36266,9869702228.0,1420907234.0,12978144.73,4916844484.0,174382862.8,9497163.987,128555676.3,2574110.67,2774279109.0,1359191.993,5282867.113,3020762.787,91917698.14,385804528.5,4833514.885,17157915.55,14203368.36,1037543.876,8269525.915,360826.0,1037071.813,8299348.82,5116968.066,10213512.38,4311738356.0,13220410.85,1007923.976,139295726.6,28963393.14,1343891.016,377587.3122,694715669.2,9291416.245,271115339.8,3588717.146,57387763790.0,11495503.45,11177575.65,6383004.2,7685061.859,13745199.36,12042704.96,6914798.882,1601345.262,1438270.141,102391709.0,926443.2615,13897668.51,1135896886,344015244.8,9837337960.0,61466949.15,48825187.01,450979.7814,597376.6394,5744146.223,16288029.39,317189.8924,922952.954,3794753.996,6764419.354,13486101.55,272839620.8,43928965.44,2432366.012,298055.152,14040495.29,739240782.3,42298943.22,1831928.455,14688262,550124.4863,101265005.4,84137550.48,32888636.29,680752.5356,594192.4351,7929943.708,47621642.0,7861204.915,7432674.354,27260481.31,463684795,1921684620.0,149216.5958,15919356.34,20853461.81,152126116.7,1406951.326,3159706323.0,7076207.679,24074526.42,99576659.96,8562567.263,230392863.3,4250566.407,5301159626.0,36766076.86,13355836.28,357683662.6,1734484,769270.098,487751.9896,2486665991.0,144526034.7,80872329.92,119935815.4,683709.0964,319468056.9,12899301.34,224851791.4,7719366.805,981598.2761,1366228.351,55466106.58,1678290.373,3734676.436,110695759.9,172192128.1,625841.6749,55547162.31,162739167.2,495355.3843,241423378.6,486138676.7,28338372.64,17374923,23911100,44633986.36,571423740.3,134421646.0,29429480.19,3703815.018,1017622.109,1260640.069,199874925.0,4071840.01,20518899.79,123906971.9,320415.5069,2572535246.0,1902522.251,275547049.8,140937.4726,605080.2649,37933829.76,29920224.73,176355.0,3222993.568,180241133.9,8306465,32363584.87,19444900305.0,502072.1338,914842.8253,1242800.593,11329367,100291714.0,5477683.165,730288.0744,26906685.6,374054541.0,625139645.5,153224978.1,383172914.3,54404227770,1416502322.0,3318942943.0,71574374.58,3035602.931,555484,46536618462.0,66744735691,41636196.18,69272127.42,446445554.8,101749552.9,2966979.85,214576432.3,2039041.048,26607361.9,21009103.64,106600929.6,136334.5998,112580049.3,329278131.9,501590584.8,199115301.6,46341281.63,195590115.0,335184100.7,224549356.7,2017442386.0,175286365.2,20771029.63,9281310784.0,60622851.55,197922848.8,113150943.3,37601995.43,88134074.96,32730506.65,415059681.9,73705116.79,69409144.82,262789.1353,382883.0829,813504.7257,26174821.34,50013076.18,784972.1739,4127477081,1433180.267,280396528.9,18159417.4,337819929.1,149600224.0,347682685.3,22818534.58,272338709.2,31940707.18,354818.669,497876343.0,2516898.153,4439635.765,104268164.3,4357041864.0,3976958053.0,158336132,5859751.374,1190024.346,55698087.9,10112881.17,89516.15501,10443660.21,28912990.98,21494535.86,57273357.1,2922055.52,3907138.915,15871620.31,6965956.576,343867.5845,13322642.46,7228674.303,282387.8304,18902129.36,171463238.6,295494.1694,209231068.1,617981.8576,15017718.89,892827800.2,2026986.988,128666811.3,7792050.0,8467580.0,255511,817166.8473,695705.7303,1693796200.0,105179162.0,233716054.6,18990526.81,58545828553.0,15665647.25,54215640.17,572984694.9,127430704.9,11385577.49,42110237.46,20362296.36,522867.0965,17323972.39,19386478.44,4857616.28,1842991374.0,4759372.175,10905.0,21111830739.0,482562215.0,3989251.091,190054.4854,400501.76,26401240.09,293601.6362,4531169.97,295943391.1,34136599.88,25518074.75,59484357.66,1717181990.0
113,669955.751,2176529.001,228368287.2,931864.56,12157926.27,529299.0139,253806.4075,5177351.805,49137337.21,2805368.35,1490946.3,3201253.37,1378385.072,115579074.4,5461577.784,70508461.93,1868005.304,1015390.053,218922391.7,4514356.376,2328682.231,88960.09832,3416048200.0,803027354.0,15243763.5,1750736102.0,472582758.1,14240401.92,5142809.662,4357653.39,786233844.4,14183150.57,8020149.885,22034618.27,1919022.677,186754868.2,13762983.88,7606594.788,1063757.256,370648.9104,3345098.682,79622804.0,1716215.924,2817825.366,134360594.0,14922173.68,1855812461.0,9432221.741,659379.7609,39997432.36,4433309.106,24506369.54,272315.6165,253740088.3,2102212.035,85255090.33,169783122.9,14888436587.0,20924168.05,29566896.13,307020.8177,3056581.142,2502326.994,5696336.975,1055612.895,936620.7877,623379.3574,75852256.74,2354452.41,13238088.11,3266693753,9632043937.0,5173019760.0,2604675808.0,330916851.2,450974.1603,295327.8756,6645402.308,42755312.43,266354.0749,971181.8918,2295260.467,10030939.81,16240542.33,879317526.2,57435977.93,2122149.039,354699.9456,13785954.7,1404413.376,41507091.65,2673295.384,959261295,489710.764,5250488.906,4246165.685,20036040.75,1220137.858,258912.0807,494509.14,17583654.0,936731.4516,27859232.8,284696716.7,30120587,1751100091.0,896962.9768,3135095.338,19817852.89,16097831.29,69406856.47,6530841353.0,249512.1317,76363815.54,48998949.79,33162499.81,252959872.5,8276619.928,429838309.0,44240459.34,37907680.94,6182567.846,25476600,596816.4566,155724.5501,503099934.5,215565309.7,312950961.6,42764664.87,28315306.46,12207697.15,11049279.59,255995386.4,9587199.041,191649.9918,13302095.39,333410719.3,2198738.616,324342.7631,4614808.136,245082271.9,3606957.15,8499922.348,1820378.308,381300.1737,160396962.1,1130567256.0,3539744.215,3918986,910487,10312671.56,1374091111.0,278015128.9,13743700.57,4494234.214,359062.3211,1234521.056,214538153.5,1770619.314,5665151.278,1792266.159,211189.1922,3148499963.0,4394512.182,184951950.3,123708.1869,674295.1776,257779894.1,1080750.669,261962.0,1440001.56,68400829.4,3121353,2428235.765,10462005030.0,31756276.77,21209180.54,607675.2254,2521216,19485772.0,4224473.929,483141.6628,31781154.83,192258882.9,310725233.4,285327223.2,82470280.88,18180772658,2566073602.0,302593825.4,8521838.137,11227851.62,41758966,11859246057.0,14388397628,30989513.61,159122275.0,119486152.8,13539932.54,192458.6302,183928432.9,85566475.33,95187124.61,158454414.3,28743842.5,144983.286,81990326.38,673583313.0,75124238.21,198930626.5,4425776.636,31326348.09,208091582.5,35364283.39,126555033.0,15386133.3,14138129.85,3463825550.0,17133996.69,37692606.73,96955401.21,18740095.77,36782958.13,25631794.81,93496159.9,51758784.03,135245008.1,173429.7147,2085166.121,436104.7098,12512605.67,300253.6281,1037586.138,4472483235,6447749.13,515496888.6,96833101.82,229349899.4,54505138.99,453675043.4,412387.3935,1237392.997,1756191.199,967876.0814,859779939.9,2780344.396,4536125.0,48895111.62,885436185.3,952874436.6,1260627591,4026763.644,646404.8573,12152775.27,2756282.542,5024888.786,16204147.44,34537596.78,11166603.98,95104133.04,106644.4115,613260.5258,11928477.34,468430.4892,202425.1026,4274876.077,2056525.58,370741.8662,561424.7795,1693073.763,675990.6036,3672008.966,283588.3326,17325568.07,3156918660.0,2869893.798,61877138.78,365890.0,750006.0,255511,14172888.02,4571117.212,4834525.361,95701525.05,75887530.78,22367072.14,21015750395.0,258714.9122,1197303.205,23901302.05,41021925.77,16079708.08,45681900.08,40262025.7,4571935.505,31664469.99,4085587.036,28626744.21,16198378.11,720816.612,15516595.0,13408938047.0,969411164.2,2737491.633,360062.7049,560847.6368,86879523.6,296312.1449,2530270.268,36707870.96,221650882.8,192593152.7,380553495.0,1734240740.0
114,511622.1617,5886842.395,209014662.5,297916747.7,1657688.127,169933.7214,422912.1152,2917660.433,17846031.48,1469112.937,1256175.249,372646.7701,102887550.3,35136342.84,3321786.336,5494200.641,1464562.272,13945179.68,98879108.26,12700449.54,2683470.025,113237.1218,667402009.0,1229515697.0,2245437.201,535703604.2,121100408.3,5853896.145,1335301.258,1457166.202,716930559.8,1769496.804,6442228.702,1711557.597,8820229.168,184065972.0,3433845.086,5859858.49,4972535.838,1930111.449,7946874.225,524223.0,365664.1642,7366734.478,4121226.114,6728514.054,497264279.5,9115855.526,1234882.945,31204143.7,2207178.085,4802485.27,220451.8564,585257372.0,1094135.96,50345918.67,92273543.19,2648559910.0,2815805.154,16558898.28,1540537.247,42168313.28,10147175.33,2057157.07,2372354.041,399906.7676,516896.2447,20988670.22,808103.4538,6485584.341,4382250218,622078042.9,2578759340.0,25281642.61,38683512.91,941121.5654,155005.9013,105893362.0,25202743.67,267890.415,4344431.823,3280168.533,1435289.137,6946118.683,40031426.11,38982465.22,2915669.172,55781436.42,10643116.35,659042.076,42709534.25,838971.71,145689089,863902.8214,79467161.69,33623166.72,9411810.778,1300901.468,3081161.546,995810.4648,34201906.0,4521188.809,2698383.206,10066810.19,200484561,1143436962.0,502231.1995,1225478.884,9405292.349,697556355.6,3518615.745,4630287711.0,1263824.501,23781450.85,122382919.1,25240590.39,81458586.53,7219368.578,582008141.2,14321371.74,18442936.17,117903768.2,976180,490905.9179,228230.7367,722488471.6,6093912.547,47104082.84,26013493.24,328609.7325,90174622.72,8450708.475,225149353.6,2538371.174,197843.9445,3247709.931,86113847.91,2936386.948,20664635.67,34849611.53,267771523.9,694150.5738,8035911.493,22621074.56,372158.2099,229757641.3,561131310.0,4904104.567,14536330,4117008,120136.0539,212309828.2,29853928.32,25481913.07,4504616.667,1251320.001,6384256.929,47190976.25,1229256.41,1622652.488,6247331.089,2686905.486,396606094.5,1728736.514,114740536.9,139283.1906,1288511.811,10413794.12,24436761.47,654532.0,1359066.641,31935013.01,39832087,3655629.703,3016573301.0,3889959.01,765588.2717,1156517.361,36546773,8092939.0,1484207.937,927053.0074,49880749.06,315566866.1,116204684.6,146569901.8,26132369.91,8834989223,699406896.4,107030239.6,11045693.29,9622798.193,60741,2787694047.0,6767206380,8738763.34,14457659.32,81187089.33,42290363.8,1168565.858,6206764.103,702229.044,14979409.32,53400877.51,64576034.01,140906.1028,61008705.85,96418180.5,36283467.83,69686227.86,6804912.459,28361792.48,380089911.4,47743237.74,127502725.3,52706801.01,3594792.646,751592876.7,6588223.076,59405323.38,35461492.05,20326698.41,110468704.6,6335471.478,2476293433.0,49631930.02,53948536.03,162931.1559,973401.9287,861615.2137,22263166.27,7726922.712,1025322.768,1216083908,6016246.068,18779701.77,90699614.92,64766523.07,244131273.5,157647233.2,14216867.03,149469283.9,2584226.976,130726.7606,159906654.3,182749150.1,3561752.96,52405195.52,1351722633.0,1904460693.0,884279783,47928494.64,755762.606,1652908.347,249785.2787,9507452.178,16361693.28,40737471.26,3072548.862,42515126.64,1249650.878,1782685.513,9981749.469,802924.6757,533242.6965,7706312.351,843452.5712,683633.0364,548963.5738,1811644.185,615881.8158,951219.0127,1069477.384,10094357.19,11326416713.0,79934242.18,76920704.07,966011.0,233303.0,255511,32478274.62,268131.3633,1922155.886,20846322.25,76948330.55,4527508.323,27822311415.0,216366.4191,2741096.314,343089909.0,9574071.285,42600283.43,46572512.73,26702834.85,441081.9062,899273.146,487823879.3,10506071.36,101366351.1,11179743.45,2578910.0,1950614221.0,348834167.3,5768809.671,559472.6036,440013.4658,10541641.01,1066328.782,25862846.34,30003481.76,371561484.6,24676567.97,69303263.09,3419852731.0
115,3388459.852,8631852.331,508403702.5,138129049.9,19394014.88,3841393.768,842790.1205,65485301.09,29989576.64,1799707.48,1844107.906,2841670.082,2965455.957,170300591.6,2757414.039,15235625.35,2544710.8,5880101.601,42782489.79,34126022.61,163271121.3,77936.15619,2102489390.0,1394284046.0,3430606.362,1062860449.0,416930804.2,4392478.572,2434274.172,3453276.078,404557400.4,1182434.635,6143984.861,4400020.674,1180597.295,324836665.8,3374259.186,5208707.12,9730345.13,1224690.569,13770628.44,8767072.0,167064.2632,13114905.46,4245960.858,5396266.46,542799989.1,2292140.322,1375056.69,83784965.35,48860780.18,31445229.96,224549.693,460953835.4,6044963.154,1226683544.0,511967.6027,29108278390.0,31430136.17,20777088.85,703349.8271,1373427.574,3630816.002,3663938.904,28961048.84,771963.3265,271738.8566,92367303.04,1378395.961,6935445.26,1905414559,3242576479.0,10248008918.0,42776268.9,90333214.46,413614.99,55573090.63,375039.616,11993313.72,293210.2878,683202.059,6361446.798,11498250.6,54456107.69,104464912.4,30421507.65,4934619.561,300242.051,19860876.13,27636982.79,141770599.5,641278.3429,58360036,643377.564,1912168.033,158553634.2,15166998.27,4470080.964,490195.4228,1125407.693,127678723.0,1267162.203,21446247.08,8071145.85,623750612,1401306876.0,303570.4413,1748985.682,9385148.844,677818606.4,34425992.13,5362412719.0,9958205.912,160633621.2,68221364.9,12171042.02,93162490.63,9400469.202,3259084791.0,49182656.78,31242934.76,18655916.2,19446714,882274.6719,996942.405,6468387.364,89061089.0,19285999.3,24899309.0,1767925.258,443495350.0,11335423.88,509028132.8,2798521.408,303018.3302,1086121.92,35458734.64,11609174.1,653397.6004,90451246.81,462100526.6,8473431.175,4618225.787,17535570.14,699492.5816,497744831.0,1688638934.0,19248861.39,182682539,110661107,35915629.01,845273565.9,299580274.4,36867235.06,39741262.19,1693669.748,1309258.796,151696249.4,8100018.534,443667.464,2077318.882,614156.7496,41197705.86,5153888.684,663641839.5,122305.4015,1873297.978,70326093.74,8612921.065,319757.0,1761765.685,94420169.28,13457109,20390242.96,11762493421.0,828154.3183,2705684.933,1041502.037,11649498,8957859.0,1797577.131,298191.755,32836724.38,4497851378.0,391052087.1,502631402.7,49372293.81,20674196052,5226833875.0,435556616.1,175531658.3,1553456.12,329803,9578497922.0,36416143081,73597818.88,92365036.52,127455673.4,40319930.83,5817035.714,162541864.1,10107986.29,5337569.747,66080812.53,273924997.6,127016.9462,41816071.55,60435311.96,69459214.06,82488146.39,9637394.391,59177221.36,414811473.8,28896771.62,185183245.1,6721362.428,8313040.061,243570979.3,3044683.833,28512436.91,18129707.09,3149115.52,190328976.5,31238670.81,2035360252.0,38891306.88,1114142700.0,481023.2167,352618.9525,436067.435,29675253.22,4133554.834,6127489.82,3244575680,621163.0435,299177749.1,1846191076.0,161882269.4,169261030.5,556634635.7,84241302.17,85974521.13,536891377.0,936240.0358,1686223259.0,55861065.26,3658436.092,55396422.25,3817527121.0,896274103.0,513886622,16680540.37,733904.3941,19237034.71,2157671.114,4645707.989,28138978.37,61714940.29,8707972.69,297309887.5,2195197.758,949311.0569,18930542.68,2977519.056,197040.2468,3254374.649,14910173.06,503490.2839,108823724.6,3012700.182,11153899.86,1683321.826,483381.0202,9202889.699,1165609784.0,1237753.58,63808797.5,8381917.0,9742846.0,255511,180361612.1,916349.0032,1613682514.0,187192842.5,596598965.7,271229587.4,11639391935.0,382458.6466,14061276.09,97833788.55,15579361.55,22199057.92,9552063.242,73380311.72,1163815.159,133947747.3,8773972.449,95828353.35,1593707324.0,107398479.6,807130.0,27864492910.0,1612972275.0,3846911.093,353759.9559,483226.2583,182796107.0,1533172.849,12086176.55,85048262.47,108142789.8,58900136.78,22069232.54,1742724004.0
116,829471.5976,1683473.472,163862543.3,181486152.8,2541874.87,9256208.526,194893335.0,14369219.31,33045596.39,257890.4016,52100479.05,3703040.685,18216774.19,143251623.8,8669877.31,24465288.68,4557167.297,1880131.434,216652539.3,202233623.4,70532031.31,78382.01218,73556291.77,1454341014.0,54923025.72,55026852.52,39050774.81,139560304.6,7310253.382,6258844.37,293697693.0,1759836.625,10404246.34,143789109.3,9460205.508,280577309.1,19764655.24,2567358.97,3263547.771,702033.0684,7187926.438,12104641.0,139679.8487,11617709.85,2816640.054,140058091.7,483253056.9,9334062.43,5354177.644,90937075.67,86647613.34,18784886.37,323710.1901,1370033067.0,22201184.85,130320990.0,19301559.47,18399469624.0,40510174.28,657701269.3,1340162.605,15860914.89,20601652.45,22293760.23,801700.059,1912428.592,638345.6689,35270019.4,1081725.868,42676844.23,4039088411,56141539.97,4595059737.0,217599023.2,83497065.95,3366631.558,914998.4093,2005728.644,31530105.38,3962677.724,581482.2578,4541937.181,10647656.64,295012080.9,734463877.4,125643950.4,2251596.415,517752.0096,8276332.103,4611117.342,106228316.7,6169593.023,1328936455,911701.0904,8148918.774,13020142.27,35111909.68,7019837.529,334661.7913,699288.2716,65233865.0,1457702.569,34177207.06,63605582.99,240677478,474538801.3,212760.6117,2293977.813,31724415.12,189185946.1,33439121.29,121895755.7,2728158.204,148307561.8,489504684.9,7272136.535,243828441.7,7754962.03,2714923159.0,13292923.03,83928899.92,348085.6656,1236256920,2136909.046,11508461.33,8086353.264,124557644.0,827353100.4,56709774.94,25370745.96,197638548.9,11750704.1,178108220.6,141270945.3,247664.7649,30800402.73,686145369.1,4182957.95,639531.122,33217111.29,170261926.0,2440540.144,949544.3301,12450024.1,8272397.61,216133115.4,156588772.1,619782.4242,15028597,3738355,3102408.183,428172788.2,138455198.8,157840515.9,12788338.28,606164.1552,2618817.572,176009353.5,2184303.505,749615.0698,4120096.321,296183.3177,19671481.99,3266485.634,1137797426.0,150522.4345,2693174.318,206566786.8,2606999.167,622711.5,19372193.03,7443658.366,123515177,5011253.572,11704799960.0,398797.4882,3686140.888,371303.3134,92729443,6800688.0,54166241.03,396973.5065,16814462.53,135942792.3,1382202404.0,467566776.0,137289035.6,22433544064,2528718857.0,487384088.1,48342208.91,39985443.85,788310259,8865797441.0,48064668574,35633914.23,190131760.3,211188896.0,56072041.81,2066895.888,225760936.6,13585280.81,92223810.07,208713214.4,2427305.702,127743.5829,137760693.5,853276013.3,218827215.1,644645169.3,8587368.89,33422175.35,1353724745.0,113777649.1,364035850.8,4370706.708,64068446.9,942563441.8,9312346.952,12950215.05,235540864.6,81839485.7,86255940.1,27705655.15,111440403.5,19634512.47,281908152.6,246784.5435,1130243.405,791637.4076,129734289.5,493641.6232,1301878.823,5424486658,39143209.04,464925315.6,502005794.3,184353883.8,21243143.65,741999792.4,34600535.98,2099861.914,12106036.94,247775.2285,2649902509.0,81554785.94,4175640.371,17064971.36,2186663674.0,72126741.78,2072345981,3320647.853,2535837.45,2572603.363,4489988.335,17221906.08,12707878.92,93527130.51,25639292.56,137613399.0,135900.0296,4324469.484,25372762.14,575789.2019,125063.5777,3855078.891,19275234.52,9922888.65,1603240.546,1705584.67,957134.207,638584.5121,297705734.0,38231626.65,1225647247.0,7345312.651,4330576.571,897386.0,750006.0,321619,40498002.86,6144426.575,62088939.26,60447238.78,472174524.3,284365857.2,6761431491.0,8561997.149,2172184.088,43879223.15,3128501.28,22783535.34,326900.6559,1545447166.0,35600962.2,75311426.36,10450536.87,27470596.49,1293885110.0,2580366.103,167391350.0,17924906335.0,513131292.4,6194011.491,748008.8122,568425.7453,265588299.5,1446448.326,773123.9645,18593181.89,68747155.77,117395554.5,16749631.95,1397989833.0
117,1170789.861,9930174.534,239561933.6,42863726.43,19817148.87,1090847.127,847341.4061,205133400.6,5105525.031,1083191.939,1704573.999,2817138.873,34344026.75,35137580.34,6528481.105,9060657.024,2118664.723,2258241.078,91610902.45,159177925.2,107160799.9,78026.23323,1652353323.0,2297806996.0,11201041.77,656276422.5,128003867.4,8177193.224,15385714.27,1193659.303,165834266.0,3101972.849,2413309.622,937481.3492,58941701.03,2014345731.0,3787298.957,3098541.611,11837654.8,300845.0662,4789398.257,6483642.0,601834.2214,5279146.279,16298734.98,8594150.965,362249354.1,4251105.334,478720.3639,159194511.7,2720521.569,761774.3005,218845.0102,157335402.8,5413417.659,418780883.8,2748969.754,39259964789.0,7853089.03,34947040.56,1130684.077,1552704.49,5380996.66,7178687.131,10464331.76,1152250.781,610404.7974,177797167.7,2381310.935,3706573.899,1383248432,6981995475.0,591702386.6,18198787.33,81128137.39,483734.3078,627237.953,2896200.032,16606346.69,280343.2758,3161943.623,5236444.689,16246129.03,11297212.03,515056732.1,12000841.84,2199124.985,250247.0307,8385925.791,1401381.216,152699285.1,1816583.902,30246353,742013.2153,12946982.12,3357350.984,21179453.83,22744742.3,339444.3994,2738264.715,226194965.0,153306620.1,19821380.06,81076899.34,684223236,3230341637.0,985836.6001,1662669.524,7393385.07,6217976458.0,49544530.54,4589860979.0,4358313.895,154247029.7,207085377.1,4022872.308,548113162.4,4217487.825,3209666734.0,178669811.8,9195211.166,127706170.0,90027005,609161.7754,3920707.584,182302679.9,133399331.0,1787730121.0,59436088.67,1627602.785,446803587.4,15063322.51,172838653.0,5276996.577,991324.14,1434873.127,93413097.93,2194503.405,398900.2475,236647918.6,165527006.6,2257721.866,3829737.959,28526904.55,320246.4674,108976715.9,133517311.1,6845326.879,2482358051,1784458324,114823090.4,281584115.7,471729870.2,253488139.3,39407414.91,84913352.68,12714072.8,152740957.7,1196856.18,765385.2815,4142488.937,1682868.503,213206406.5,546926.9286,881252937.8,115880.3264,1310197.301,6970853.242,15662572.89,246248.0,4159352.037,44958219.72,11645596,62251323.3,19176708515.0,1320119.609,2129062.943,1292846.522,9527485,7830480.0,1437284.969,325356.7029,17738992.3,438840625.4,1022449585.0,294829394.0,170295103.2,32887606356,2607269468.0,410547026.6,527964389.0,4701353.143,1527213,10466553640.0,58136627217,75080853.17,90990314.14,130135434.4,37191178.57,1869392.015,236512391.9,6354572.795,8371085.892,16790797.65,27503795.66,127163.7499,97977022.0,115940215.6,72521147.86,49235661.14,13660964.91,22561533.35,60666765.5,45771211.91,156480497.3,29592472.35,17543645.32,967738275.7,21584379.32,149053988.3,36532237.99,11083395.42,61181381.21,35604991.72,163096718.8,15110321.45,525845708.9,657215.7535,359198.6335,423390.6478,12524655.94,14301265.22,851150.6866,4990105601,2187665.98,74906387.42,34927443.27,31515282.54,390993321.0,289518540.0,8500535.581,77255939.02,14456042.45,1620675.254,4053283395.0,3455989.103,3864939.873,16667235.03,11989408155.0,381732061.7,548116576,57651099.52,1301345.158,19754799.54,3233368.291,3745863.327,13665554.28,38932112.61,3659559.386,129906430.3,433186.3242,1114662.259,16819187.26,1300455.433,1316007.616,3512283.088,2166973.051,399174.7817,633196.264,5047114.757,410941.3955,1221510.572,547418.0143,4762949.553,9611572767.0,16120630.55,100764898.9,633025347.0,2026012140.0,21389486,16302494.66,1456680.226,45470892.42,257021751.5,488490202.0,75682726.42,13753654967.0,256915.3611,1561084.376,293075224.4,19161428.05,10800978.09,23916555.3,23740761.99,528748.2761,125550432.0,188621299.1,9986763.166,1318714470.0,1827076.397,563597.0,26458321780.0,546644648.8,4018534.289,190969.0588,373499.72,53721495.82,751225.7336,8476703.639,216691704.7,79533015.92,13768849.24,26726407.45,438868320.1
118,296800.0965,6921206.954,246257527.2,470105.0067,543403855.3,893316.2733,933998.1165,428443738.8,25846627.4,2884832.415,7001933.327,3690088.82,2737304.013,52383953.85,5346740.782,13158034.02,2044698.248,565402.8974,81195424.87,26651457.62,9144434.964,82126.49265,1738257230.0,1061046354.0,13722798.19,635782453.3,11183501.59,14133455.99,17810106.63,4078021.319,731420300.9,1798162.443,9221170.414,34454741.74,3040258.305,244984596.0,6395292.837,696630.5917,4709264.805,897399.4031,23522801.49,671280.0,473976.6132,16799520.52,2522212.079,14522782.03,1728818720.0,18044331.05,521682.9225,88719418.32,9426236.501,56420032.35,231908.6563,567594397.7,4254026.817,59972692.43,85623274.58,15651653739.0,31480514.96,523059461.7,831822.8546,108543115.9,11648046.69,21293230.27,15821221.78,16644975.04,393384.836,95072270.82,50561749.26,12203448.35,1320890940,2210012492.0,2277666465.0,115590936.5,41250108.44,449023.4699,400306.6305,1300038.834,6432296.393,341020.8251,3056402.998,3347802.496,307088436.7,29089221.23,796700155.3,56315381.09,2375834.719,293555.4174,10473352.68,7987279.549,673501.6522,4310479.598,347276725,711340.747,3493518.983,1211577.961,39310181.67,2027821.785,325729.6274,2406060.377,54041144.0,1528646.119,22462675.74,7061045.327,398382344,2090530235.0,141809.129,4623450.218,14575212.25,474123321.5,983201.8064,1037738771.0,873293.9348,54604646.41,91813524.85,8234077.203,360407183.8,7192407.075,3293242253.0,43375382.42,213794665.8,339168.4528,1765852,755650.5173,703725.537,613514543.2,27971668.14,33466471.71,46251867.98,125986389.7,192436929.5,4443710.644,233434809.9,5571003.802,257827.0348,15845893.09,120346553.3,4478490.81,1280311.268,47656437.34,193737444.6,2156000.729,21816755.68,39263404.6,738362.953,218377969.7,372839640.7,781331.7623,33475672,19630582,106295231.8,385255195.7,191758704.9,21524062.39,6433709.368,852048.8914,1101564.161,209363183.2,28057460.14,471713.7805,847859.4552,230565.2446,325088464.7,10498107.72,462295825.5,160913.7042,1262204.366,165313970.8,4207930.987,1057582.0,7316888.16,139002401.6,2211641,2138230.537,15735303486.0,733537.1507,618544.6191,978841.9174,4321138,23752453.0,7240453.361,446022.0925,67210423.41,117498020.4,12091028747.0,198498444.1,239855421.1,25418300863,756402066.0,823594368.5,122234201.1,2399287.291,480959,6838676437.0,41902879057,25488780.28,97148182.15,582806288.2,37414671.89,778928.223,275917068.1,959758.5318,11885716.87,433086536.5,50317156.49,121725.6291,96936413.09,37628082.94,178480323.4,770592208.9,4608518.3,115518205.5,534854002.6,166957316.7,642917169.6,21629604.98,13071754.63,350929998.8,9531007.427,98266090.61,145025870.3,74725746.92,57335157.53,5169753.001,524304557.0,74308202.92,111540540.3,156228.6867,543330.8673,612335.8909,83234680.04,462962.718,3421990.012,4415180004,817027.4678,142604687.0,209662786.9,131829807.2,2474372.227,206201119.2,493198.2925,1511717.328,3411784.93,62713366.25,4362814711.0,6792803.698,4029932.428,244148306.6,608858918.5,7271825746.0,223364566,2778450.914,1480765.396,32719247.12,15944365.82,8178189.327,21235527.97,69455892.82,29607780.98,51772123.09,9619600.708,1979863.977,17764346.7,12084289.04,163091.862,2921042.163,147164646.5,469945.2342,77092521.16,2189939.906,39240648.92,903345.2927,345507.9045,24147704.43,619072782.6,3737107.26,82616859.77,700060.0,1162616.0,255511,554337.8393,20224425.67,58275461.29,91179478.13,84882850.87,23714777.9,2145424054.0,327568.141,3044567.69,219143482.2,36458102.7,13561511.99,8965300.729,144344840.0,8057101.89,83823694.94,4395317.463,10374372.78,400426625.0,17072400.4,4555163.0,15594517739.0,363856925.0,8607671.696,513038.2579,546959.5198,59954240.4,1293611.211,5124351.416,39984842.02,102545650.6,124286941.3,343910753.3,960830827.7
